120,pro_weight,300,65,2026-02-13 14:57:00.795697
120,pro_weight,300,32,2026-02-13 14:57:00.941360
120,pro_weight,300,67,2026-02-13 14:57:01.148060
120,pro_weight,300,65,2026-02-13 14:57:01.308448
120,pro_weight,300,82,2026-02-13 14:57:01.476885
120,pro_weight,300,188,2026-02-13 14:57:01.627460
120,pro_weight,300,32,2026-02-13 14:57:01.788726
120,pro_weight,300,87,2026-02-13 14:57:01.954484
120,pro_weight,300,72,2026-02-13 14:57:02.083942
120,pro_weight,300,73,2026-02-13 14:57:02.179085
120,pro_weight,300,67,2026-02-13 14:57:02.292418
120,pro_weight,300,72,2026-02-13 14:57:02.396148
120,pro_weight,300,32,2026-02-13 14:57:02.451966
120,pro_weight,300,73,2026-02-13 14:57:02.660759
120,pro_weight,300,83,2026-02-13 14:57:02.787918
120,pro_weight,300,32,2026-02-13 14:57:02.860014
120,pro_weight,300,72,2026-02-13 14:57:03.373011
120,pro_weight,300,65,2026-02-13 14:57:03.475986
120,pro_weight,300,69,2026-02-13 14:57:03.572610
120,pro_weight,300,8,2026-02-13 14:57:03.827063
120,pro_weight,300,8,2026-02-13 14:57:04.020487
120,pro_weight,300,69,2026-02-13 14:57:04.172612
120,pro_weight,300,65,2026-02-13 14:57:04.236413
120,pro_weight,300,86,2026-02-13 14:57:04.506558
120,pro_weight,300,69,2026-02-13 14:57:04.676849
120,pro_weight,300,8,2026-02-13 14:57:05.157073
120,pro_weight,300,73,2026-02-13 14:57:05.380855
120,pro_weight,300,69,2026-02-13 14:57:05.516537
120,pro_weight,300,82,2026-02-13 14:57:05.637427
120,pro_weight,300,32,2026-02-13 14:57:06.069091
120,pro_weight,300,84,2026-02-13 14:57:06.357728
120,pro_weight,300,72,2026-02-13 14:57:06.478914
120,pro_weight,300,65,2026-02-13 14:57:06.629561
120,pro_weight,300,78,2026-02-13 14:57:06.814419
120,pro_weight,300,32,2026-02-13 14:57:06.997179
120,pro_weight,300,65,2026-02-13 14:57:07.333082
120,pro_weight,300,32,2026-02-13 14:57:07.509067
120,pro_weight,300,77,2026-02-13 14:57:08.941730
120,pro_weight,300,79,2026-02-13 14:57:09.093641
120,pro_weight,300,84,2026-02-13 14:57:09.221196
120,pro_weight,300,79,2026-02-13 14:57:09.332158
120,pro_weight,300,82,2026-02-13 14:57:09.461615
120,pro_weight,300,67,2026-02-13 14:57:10.013433
120,pro_weight,300,89,2026-02-13 14:57:10.173663
120,pro_weight,300,67,2026-02-13 14:57:10.342701
120,pro_weight,300,76,2026-02-13 14:57:10.477572
120,pro_weight,300,69,2026-02-13 14:57:10.650989
120,pro_weight,300,188,2026-02-13 14:57:10.762920
120,pro_weight,300,32,2026-02-13 14:57:10.948789
120,pro_weight,300,87,2026-02-13 14:57:11.349903
120,pro_weight,300,72,2026-02-13 14:57:11.477587
120,pro_weight,300,73,2026-02-13 14:57:11.580700
120,pro_weight,300,67,2026-02-13 14:57:11.715722
120,pro_weight,300,72,2026-02-13 14:57:11.886445
120,pro_weight,300,32,2026-02-13 14:57:12.149272
120,pro_weight,300,73,2026-02-13 14:57:12.356212
120,pro_weight,300,83,2026-02-13 14:57:12.485736
120,pro_weight,300,32,2026-02-13 14:57:12.555818
120,pro_weight,300,66,2026-02-13 14:57:12.741796
120,pro_weight,300,8,2026-02-13 14:57:13.029113
120,pro_weight,300,72,2026-02-13 14:57:13.290617
120,pro_weight,300,69,2026-02-13 14:57:13.367543
120,pro_weight,300,65,2026-02-13 14:57:13.485313
120,pro_weight,300,86,2026-02-13 14:57:13.614575
120,pro_weight,300,69,2026-02-13 14:57:13.733333
120,pro_weight,300,8,2026-02-13 14:57:14.053174
120,pro_weight,300,73,2026-02-13 14:57:14.241558
120,pro_weight,300,69,2026-02-13 14:57:14.297792
120,pro_weight,300,82,2026-02-13 14:57:14.391569
120,pro_weight,300,32,2026-02-13 14:57:14.462067
120,pro_weight,300,84,2026-02-13 14:57:14.628982
120,pro_weight,300,72,2026-02-13 14:57:14.724951
120,pro_weight,300,65,2026-02-13 14:57:14.826953
120,pro_weight,300,78,2026-02-13 14:57:14.916188
120,pro_weight,300,32,2026-02-13 14:57:15.069505
120,pro_weight,300,65,2026-02-13 14:57:15.223995
120,pro_weight,300,78,2026-02-13 14:57:15.291370
120,pro_weight,300,32,2026-02-13 14:57:15.424318
120,pro_weight,300,69,2026-02-13 14:57:16.341934
120,pro_weight,300,76,2026-02-13 14:57:16.451948
120,pro_weight,300,69,2026-02-13 14:57:16.587515
120,pro_weight,300,67,2026-02-13 14:57:16.771895
120,pro_weight,300,84,2026-02-13 14:57:17.123530
120,pro_weight,300,82,2026-02-13 14:57:17.207820
120,pro_weight,300,73,2026-02-13 14:57:17.293045
120,pro_weight,300,8,2026-02-13 14:57:18.299829
120,pro_weight,300,73,2026-02-13 14:57:19.264041
120,pro_weight,300,67,2026-02-13 14:57:19.390068
120,pro_weight,300,32,2026-02-13 14:57:20.344094
120,pro_weight,300,66,2026-02-13 14:57:20.563600
120,pro_weight,300,73,2026-02-13 14:57:20.688591
120,pro_weight,300,67,2026-02-13 14:57:20.957131
120,pro_weight,300,89,2026-02-13 14:57:21.141761
120,pro_weight,300,67,2026-02-13 14:57:21.285671
120,pro_weight,300,76,2026-02-13 14:57:21.414259
120,pro_weight,300,69,2026-02-13 14:57:21.558795
120,pro_weight,300,188,2026-02-13 14:57:21.661592
120,pro_weight,300,32,2026-02-13 14:57:21.854159
120,pro_weight,300,87,2026-02-13 14:57:22.214999
120,pro_weight,300,72,2026-02-13 14:57:22.288507
120,pro_weight,300,73,2026-02-13 14:57:22.404344
120,pro_weight,300,67,2026-02-13 14:57:22.526043
120,pro_weight,300,72,2026-02-13 14:57:22.639272
120,pro_weight,300,32,2026-02-13 14:57:22.752114
120,pro_weight,300,73,2026-02-13 14:57:22.984826
120,pro_weight,300,83,2026-02-13 14:57:23.126135
120,pro_weight,300,32,2026-02-13 14:57:23.246167
120,pro_weight,300,72,2026-02-13 14:57:23.453968
120,pro_weight,300,69,2026-02-13 14:57:23.557210
120,pro_weight,300,65,2026-02-13 14:57:23.661221
120,pro_weight,300,86,2026-02-13 14:57:23.926066
120,pro_weight,300,73,2026-02-13 14:57:24.094168
120,pro_weight,300,69,2026-02-13 14:57:24.188701
120,pro_weight,300,82,2026-02-13 14:57:24.286029
120,pro_weight,300,32,2026-02-13 14:57:24.406575
120,pro_weight,300,84,2026-02-13 14:57:24.543626
120,pro_weight,300,72,2026-02-13 14:57:24.648758
120,pro_weight,300,65,2026-02-13 14:57:24.703277
120,pro_weight,300,78,2026-02-13 14:57:24.860227
120,pro_weight,300,32,2026-02-13 14:57:25.013815
120,pro_weight,300,65,2026-02-13 14:57:25.165013
120,pro_weight,300,32,2026-02-13 14:57:25.303862
120,pro_weight,300,77,2026-02-13 14:57:25.501998
120,pro_weight,300,65,2026-02-13 14:57:25.622233
120,pro_weight,300,78,2026-02-13 14:57:26.006221
120,pro_weight,300,65,2026-02-13 14:57:26.268948
120,pro_weight,300,8,2026-02-13 14:57:26.694338
120,pro_weight,300,85,2026-02-13 14:57:26.942045
120,pro_weight,300,65,2026-02-13 14:57:27.125309
120,pro_weight,300,76,2026-02-13 14:57:27.245882
120,pro_weight,300,32,2026-02-13 14:57:27.461805
120,pro_weight,300,66,2026-02-13 14:57:27.751120
120,pro_weight,300,89,2026-02-13 14:57:28.029806
120,pro_weight,300,187,2026-02-13 14:57:28.408320
120,pro_weight,300,8,2026-02-13 14:57:28.671329
120,pro_weight,300,8,2026-02-13 14:57:28.854498
120,pro_weight,300,73,2026-02-13 14:57:29.044866
120,pro_weight,300,67,2026-02-13 14:57:29.140789
120,pro_weight,300,85,2026-02-13 14:57:29.388251
120,pro_weight,300,67,2026-02-13 14:57:29.629846
120,pro_weight,300,8,2026-02-13 14:57:29.926463
120,pro_weight,300,8,2026-02-13 14:57:30.316560
120,pro_weight,300,89,2026-02-13 14:57:30.679088
120,pro_weight,300,67,2026-02-13 14:57:31.004960
120,pro_weight,300,76,2026-02-13 14:57:31.140770
120,pro_weight,300,69,2026-02-13 14:57:31.348882
120,pro_weight,300,188,2026-02-13 14:57:31.452803
120,pro_weight,300,32,2026-02-13 14:57:31.646488
120,pro_weight,300,87,2026-02-13 14:57:31.828940
120,pro_weight,300,72,2026-02-13 14:57:31.949522
120,pro_weight,300,73,2026-02-13 14:57:32.039546
120,pro_weight,300,67,2026-02-13 14:57:32.164117
120,pro_weight,300,72,2026-02-13 14:57:32.238858
120,pro_weight,300,32,2026-02-13 14:57:32.364533
120,pro_weight,300,73,2026-02-13 14:57:32.454931
120,pro_weight,300,83,2026-02-13 14:57:32.587600
120,pro_weight,300,32,2026-02-13 14:57:32.653622
120,pro_weight,300,72,2026-02-13 14:57:32.980941
120,pro_weight,300,69,2026-02-13 14:57:33.096146
120,pro_weight,300,65,2026-02-13 14:57:33.191875
120,pro_weight,300,86,2026-02-13 14:57:33.444956
120,pro_weight,300,69,2026-02-13 14:57:33.559494
120,pro_weight,300,8,2026-02-13 14:57:33.817225
120,pro_weight,300,73,2026-02-13 14:57:34.031987
120,pro_weight,300,69,2026-02-13 14:57:34.111302
120,pro_weight,300,82,2026-02-13 14:57:34.173221
120,pro_weight,300,32,2026-02-13 14:57:34.293839
120,pro_weight,300,84,2026-02-13 14:57:34.460060
120,pro_weight,300,72,2026-02-13 14:57:34.524521
120,pro_weight,300,65,2026-02-13 14:57:34.622527
120,pro_weight,300,78,2026-02-13 14:57:34.725190
120,pro_weight,300,32,2026-02-13 14:57:34.880151
120,pro_weight,300,65,2026-02-13 14:57:34.984210
120,pro_weight,300,32,2026-02-13 14:57:35.119417
120,pro_weight,300,83,2026-02-13 14:57:36.636046
120,pro_weight,300,67,2026-02-13 14:57:36.972467
120,pro_weight,300,79,2026-02-13 14:57:37.254003
120,pro_weight,300,79,2026-02-13 14:57:37.455429
120,pro_weight,300,84,2026-02-13 14:57:37.597973
120,pro_weight,300,69,2026-02-13 14:57:38.014954
120,pro_weight,300,82,2026-02-13 14:57:38.125216
120,pro_weight,300,188,2026-02-13 14:57:38.245927
120,pro_weight,300,32,2026-02-13 14:57:38.950863
120,pro_weight,300,87,2026-02-13 14:57:39.263715
120,pro_weight,300,72,2026-02-13 14:57:39.391284
120,pro_weight,300,73,2026-02-13 14:57:39.502929
120,pro_weight,300,67,2026-02-13 14:57:39.637571
120,pro_weight,300,72,2026-02-13 14:57:39.751777
120,pro_weight,300,32,2026-02-13 14:57:39.813360
120,pro_weight,300,73,2026-02-13 14:57:39.942746
120,pro_weight,300,83,2026-02-13 14:57:40.059969
120,pro_weight,300,32,2026-02-13 14:57:40.102880
120,pro_weight,300,72,2026-02-13 14:57:40.598733
120,pro_weight,300,69,2026-02-13 14:57:40.685365
120,pro_weight,300,65,2026-02-13 14:57:40.764940
120,pro_weight,300,86,2026-02-13 14:57:40.931301
120,pro_weight,300,69,2026-02-13 14:57:41.060570
120,pro_weight,300,82,2026-02-13 14:57:41.191140
120,pro_weight,300,32,2026-02-13 14:57:41.335070
120,pro_weight,300,84,2026-02-13 14:57:41.556994
120,pro_weight,300,72,2026-02-13 14:57:41.712093
120,pro_weight,300,65,2026-02-13 14:57:41.757146
120,pro_weight,300,78,2026-02-13 14:57:41.931551
120,pro_weight,300,32,2026-02-13 14:57:42.113552
120,pro_weight,300,65,2026-02-13 14:57:42.237849
120,pro_weight,300,32,2026-02-13 14:57:42.357532
120,pro_weight,300,8,2026-02-13 14:57:44.126981
120,pro_weight,300,32,2026-02-13 14:57:44.622478
120,pro_weight,300,72,2026-02-13 14:57:44.876325
120,pro_weight,300,69,2026-02-13 14:57:45.016243
120,pro_weight,300,76,2026-02-13 14:57:45.113128
120,pro_weight,300,8,2026-02-13 14:57:46.069401
120,pro_weight,300,8,2026-02-13 14:57:46.269685
120,pro_weight,300,8,2026-02-13 14:57:46.437496
120,pro_weight,300,8,2026-02-13 14:57:46.604774
120,pro_weight,300,32,2026-02-13 14:57:50.377906
120,pro_weight,300,72,2026-02-13 14:57:50.797468
120,pro_weight,300,69,2026-02-13 14:57:50.956925
120,pro_weight,300,76,2026-02-13 14:57:51.084917
120,pro_weight,300,77,2026-02-13 14:57:51.328978
120,pro_weight,300,69,2026-02-13 14:57:51.520700
120,pro_weight,300,84,2026-02-13 14:57:51.655805
120,pro_weight,300,188,2026-02-13 14:57:51.832191
120,pro_weight,300,32,2026-02-13 14:57:52.030206
120,pro_weight,300,87,2026-02-13 14:57:52.241228
120,pro_weight,300,72,2026-02-13 14:57:52.325899
120,pro_weight,300,73,2026-02-13 14:57:52.423822
120,pro_weight,300,67,2026-02-13 14:57:52.576114
120,pro_weight,300,72,2026-02-13 14:57:52.647234
120,pro_weight,300,32,2026-02-13 14:57:52.745635
120,pro_weight,300,73,2026-02-13 14:57:52.895619
120,pro_weight,300,83,2026-02-13 14:57:53.007182
120,pro_weight,300,32,2026-02-13 14:57:53.085509
120,pro_weight,300,72,2026-02-13 14:57:53.320715
120,pro_weight,300,69,2026-02-13 14:57:53.430848
120,pro_weight,300,65,2026-02-13 14:57:53.535073
120,pro_weight,300,86,2026-02-13 14:57:53.751214
120,pro_weight,300,73,2026-02-13 14:57:53.984009
120,pro_weight,300,69,2026-02-13 14:57:54.208780
120,pro_weight,300,82,2026-02-13 14:57:54.335918
120,pro_weight,300,32,2026-02-13 14:57:54.474175
120,pro_weight,300,65,2026-02-13 14:57:54.577576
120,pro_weight,300,84,2026-02-13 14:57:54.712436
120,pro_weight,300,8,2026-02-13 14:57:54.981285
120,pro_weight,300,8,2026-02-13 14:57:55.207933
120,pro_weight,300,84,2026-02-13 14:57:55.320323
120,pro_weight,300,72,2026-02-13 14:57:55.473097
120,pro_weight,300,65,2026-02-13 14:57:55.596817
120,pro_weight,300,78,2026-02-13 14:57:55.733649
120,pro_weight,300,32,2026-02-13 14:57:55.913923
120,pro_weight,300,65,2026-02-13 14:57:56.014870
120,pro_weight,300,32,2026-02-13 14:57:56.124275
120,pro_weight,300,83,2026-02-13 14:58:01.481688
120,pro_weight,300,72,2026-02-13 14:58:01.590031
120,pro_weight,300,73,2026-02-13 14:58:01.743908
120,pro_weight,300,82,2026-02-13 14:58:01.817620
120,pro_weight,300,84,2026-02-13 14:58:02.014802
120,pro_weight,300,188,2026-02-13 14:58:02.136696
120,pro_weight,300,32,2026-02-13 14:58:02.337281
120,pro_weight,300,87,2026-02-13 14:58:02.690111
120,pro_weight,300,72,2026-02-13 14:58:02.781453
120,pro_weight,300,73,2026-02-13 14:58:02.869525
120,pro_weight,300,67,2026-02-13 14:58:02.948935
120,pro_weight,300,72,2026-02-13 14:58:03.046290
120,pro_weight,300,32,2026-02-13 14:58:03.142894
120,pro_weight,300,73,2026-02-13 14:58:03.272024
120,pro_weight,300,83,2026-02-13 14:58:03.360027
120,pro_weight,300,32,2026-02-13 14:58:03.430705
120,pro_weight,300,72,2026-02-13 14:58:03.727541
120,pro_weight,300,69,2026-02-13 14:58:03.799063
120,pro_weight,300,65,2026-02-13 14:58:03.871222
120,pro_weight,300,86,2026-02-13 14:58:04.113642
120,pro_weight,300,73,2026-02-13 14:58:04.228168
120,pro_weight,300,69,2026-02-13 14:58:04.336432
120,pro_weight,300,82,2026-02-13 14:58:04.407687
120,pro_weight,300,32,2026-02-13 14:58:04.520599
120,pro_weight,300,84,2026-02-13 14:58:04.663199
120,pro_weight,300,72,2026-02-13 14:58:04.757702
120,pro_weight,300,65,2026-02-13 14:58:04.839140
120,pro_weight,300,78,2026-02-13 14:58:04.951158
120,pro_weight,300,32,2026-02-13 14:58:05.112138
120,pro_weight,300,65,2026-02-13 14:58:05.229840
120,pro_weight,300,32,2026-02-13 14:58:05.310945
120,pro_weight,300,80,2026-02-13 14:58:07.634731
120,pro_weight,300,73,2026-02-13 14:58:07.799375
120,pro_weight,300,69,2026-02-13 14:58:07.968207
120,pro_weight,300,67,2026-02-13 14:58:09.336750
120,pro_weight,300,8,2026-02-13 14:58:10.137086
120,pro_weight,300,8,2026-02-13 14:58:10.351699
120,pro_weight,300,8,2026-02-13 14:58:10.670279
120,pro_weight,300,8,2026-02-13 14:58:10.880316
120,pro_weight,300,80,2026-02-13 14:58:12.922951
120,pro_weight,300,65,2026-02-13 14:58:12.958927
120,pro_weight,300,80,2026-02-13 14:58:13.112548
120,pro_weight,300,69,2026-02-13 14:58:13.288376
120,pro_weight,300,82,2026-02-13 14:58:13.354328
120,pro_weight,300,32,2026-02-13 14:58:13.874152
120,pro_weight,300,67,2026-02-13 14:58:14.049250
120,pro_weight,300,76,2026-02-13 14:58:14.127826
120,pro_weight,300,73,2026-02-13 14:58:14.283024
120,pro_weight,300,80,2026-02-13 14:58:14.442322
120,pro_weight,300,188,2026-02-13 14:58:14.702150
120,pro_weight,300,32,2026-02-13 14:58:15.278213
120,pro_weight,300,87,2026-02-13 14:58:15.951123
120,pro_weight,300,73,2026-02-13 14:58:16.158009
120,pro_weight,300,8,2026-02-13 14:58:16.609260
120,pro_weight,300,72,2026-02-13 14:58:16.862498
120,pro_weight,300,73,2026-02-13 14:58:17.040232
120,pro_weight,300,67,2026-02-13 14:58:17.304642
120,pro_weight,300,32,2026-02-13 14:58:17.495611
120,pro_weight,300,8,2026-02-13 14:58:17.840336
120,pro_weight,300,72,2026-02-13 14:58:18.079183
120,pro_weight,300,32,2026-02-13 14:58:18.268658
120,pro_weight,300,87,2026-02-13 14:58:18.657350
120,pro_weight,300,8,2026-02-13 14:58:18.882779
120,pro_weight,300,73,2026-02-13 14:58:19.081014
120,pro_weight,300,83,2026-02-13 14:58:19.191382
120,pro_weight,300,32,2026-02-13 14:58:19.264697
120,pro_weight,300,72,2026-02-13 14:58:19.494490
120,pro_weight,300,69,2026-02-13 14:58:19.551288
120,pro_weight,300,65,2026-02-13 14:58:19.631100
120,pro_weight,300,86,2026-02-13 14:58:19.759097
120,pro_weight,300,73,2026-02-13 14:58:19.919328
120,pro_weight,300,69,2026-02-13 14:58:20.048403
120,pro_weight,300,82,2026-02-13 14:58:20.166942
120,pro_weight,300,32,2026-02-13 14:58:20.356758
120,pro_weight,300,84,2026-02-13 14:58:20.503074
120,pro_weight,300,72,2026-02-13 14:58:20.630098
120,pro_weight,300,65,2026-02-13 14:58:20.645620
120,pro_weight,300,78,2026-02-13 14:58:20.832765
120,pro_weight,300,32,2026-02-13 14:58:20.960743
120,pro_weight,300,65,2026-02-13 14:58:21.055618
120,pro_weight,300,32,2026-02-13 14:58:21.149773
120,pro_weight,300,67,2026-02-13 14:58:23.954177
120,pro_weight,300,82,2026-02-13 14:58:24.166667
120,pro_weight,300,85,2026-02-13 14:58:24.257455
120,pro_weight,300,77,2026-02-13 14:58:24.409400
120,pro_weight,300,66,2026-02-13 14:58:24.495309
120,pro_weight,300,188,2026-02-13 14:58:24.631804
120,pro_weight,300,32,2026-02-13 14:58:24.806890
120,pro_weight,300,87,2026-02-13 14:58:24.959418
120,pro_weight,300,72,2026-02-13 14:58:25.070841
120,pro_weight,300,73,2026-02-13 14:58:25.158757
120,pro_weight,300,67,2026-02-13 14:58:25.270719
120,pro_weight,300,72,2026-02-13 14:58:25.335705
120,pro_weight,300,32,2026-02-13 14:58:25.415530
120,pro_weight,300,73,2026-02-13 14:58:25.630440
120,pro_weight,300,83,2026-02-13 14:58:25.758051
120,pro_weight,300,32,2026-02-13 14:58:25.864765
120,pro_weight,300,72,2026-02-13 14:58:26.167954
120,pro_weight,300,69,2026-02-13 14:58:26.263737
120,pro_weight,300,65,2026-02-13 14:58:26.366410
120,pro_weight,300,86,2026-02-13 14:58:26.479883
120,pro_weight,300,73,2026-02-13 14:58:26.637869
120,pro_weight,300,69,2026-02-13 14:58:26.719399
120,pro_weight,300,82,2026-02-13 14:58:26.816342
120,pro_weight,300,32,2026-02-13 14:58:26.919215
120,pro_weight,300,65,2026-02-13 14:58:27.111770
120,pro_weight,300,84,2026-02-13 14:58:27.192314
120,pro_weight,300,8,2026-02-13 14:58:27.449933
120,pro_weight,300,8,2026-02-13 14:58:27.631455
120,pro_weight,300,84,2026-02-13 14:58:27.725380
120,pro_weight,300,72,2026-02-13 14:58:27.871566
120,pro_weight,300,65,2026-02-13 14:58:27.983477
120,pro_weight,300,78,2026-02-13 14:58:28.087413
120,pro_weight,300,32,2026-02-13 14:58:28.240350
120,pro_weight,300,65,2026-02-13 14:58:28.392271
120,pro_weight,300,8,2026-02-13 14:58:28.815960
120,pro_weight,300,83,2026-02-13 14:58:28.959513
120,pro_weight,300,8,2026-02-13 14:58:29.280489
120,pro_weight,300,68,2026-02-13 14:58:29.415372
120,pro_weight,300,73,2026-02-13 14:58:29.528622
120,pro_weight,300,83,2026-02-13 14:58:29.615345
120,pro_weight,300,84,2026-02-13 14:58:29.850542
120,pro_weight,300,8,2026-02-13 14:58:30.137616
120,pro_weight,300,8,2026-02-13 14:58:30.312195
120,pro_weight,300,8,2026-02-13 14:58:30.488569
120,pro_weight,300,83,2026-02-13 14:58:30.510625
120,pro_weight,300,84,2026-02-13 14:58:30.583794
120,pro_weight,300,81,2026-02-13 14:58:31.840692
120,pro_weight,300,81,2026-02-13 14:58:32.039360
120,pro_weight,300,81,2026-02-13 14:58:32.214614
