130,rec_reverse,103,40,2026-01-16 17:06:42.835501
130,rec_reverse,103,40,2026-01-16 17:06:43.090928
130,rec_reverse,103,40,2026-01-16 17:06:43.347198
130,rec_reverse,103,40,2026-01-16 17:06:43.609745
130,rec_reverse,103,40,2026-01-16 17:06:43.819153
130,rec_reverse,103,40,2026-01-16 17:06:43.931527
130,rec_reverse,103,40,2026-01-16 17:06:44.202309
130,rec_reverse,103,40,2026-01-16 17:06:44.434452
130,rec_reverse,103,40,2026-01-16 17:06:44.634693
130,rec_reverse,103,40,2026-01-16 17:06:44.898254
130,rec_reverse,103,9,2026-01-16 17:06:45.629941
130,rec_reverse,103,73,2026-01-16 17:06:48.075176
130,rec_reverse,103,70,2026-01-16 17:06:48.185728
130,rec_reverse,103,32,2026-01-16 17:06:48.265579
130,rec_reverse,103,83,2026-01-16 17:07:00.926489
130,rec_reverse,103,84,2026-01-16 17:07:01.002072
130,rec_reverse,103,65,2026-01-16 17:07:01.217027
130,rec_reverse,103,82,2026-01-16 17:07:01.347506
130,rec_reverse,103,84,2026-01-16 17:07:01.415699
130,rec_reverse,103,32,2026-01-16 17:07:01.513866
130,rec_reverse,103,73,2026-01-16 17:07:01.842407
130,rec_reverse,103,83,2026-01-16 17:07:01.904383
130,rec_reverse,103,32,2026-01-16 17:07:01.963316
130,rec_reverse,103,69,2026-01-16 17:07:02.343894
130,rec_reverse,103,78,2026-01-16 17:07:02.379053
130,rec_reverse,103,68,2026-01-16 17:07:02.410512
130,rec_reverse,103,32,2026-01-16 17:07:02.458227
130,rec_reverse,103,8,2026-01-16 17:07:02.685659
130,rec_reverse,103,8,2026-01-16 17:07:03.604870
130,rec_reverse,103,8,2026-01-16 17:07:03.772645
130,rec_reverse,103,8,2026-01-16 17:07:03.956011
130,rec_reverse,103,8,2026-01-16 17:07:04.125012
130,rec_reverse,103,8,2026-01-16 17:07:04.301021
130,rec_reverse,103,8,2026-01-16 17:07:04.460301
130,rec_reverse,103,187,2026-01-16 17:07:05.188232
130,rec_reverse,103,187,2026-01-16 17:07:05.507957
130,rec_reverse,103,32,2026-01-16 17:07:05.899246
130,rec_reverse,103,69,2026-01-16 17:07:06.466337
130,rec_reverse,103,78,2026-01-16 17:07:06.522951
130,rec_reverse,103,68,2026-01-16 17:07:06.577984
130,rec_reverse,103,32,2026-01-16 17:07:06.634737
130,rec_reverse,103,8,2026-01-16 17:07:06.821004
130,rec_reverse,103,13,2026-01-16 17:07:07.166493
130,rec_reverse,103,9,2026-01-16 17:07:07.908108
130,rec_reverse,103,82,2026-01-16 17:07:12.956838
130,rec_reverse,103,69,2026-01-16 17:07:13.026288
130,rec_reverse,103,84,2026-01-16 17:07:13.226899
130,rec_reverse,103,8,2026-01-16 17:07:14.300435
130,rec_reverse,103,8,2026-01-16 17:07:14.538788
130,rec_reverse,103,8,2026-01-16 17:07:14.709715
130,rec_reverse,103,40,2026-01-16 17:07:20.877184
130,rec_reverse,103,40,2026-01-16 17:07:21.044166
130,rec_reverse,103,40,2026-01-16 17:07:21.221272
130,rec_reverse,103,9,2026-01-16 17:07:21.709741
130,rec_reverse,103,82,2026-01-16 17:07:23.029559
130,rec_reverse,103,69,2026-01-16 17:07:23.100537
130,rec_reverse,103,86,2026-01-16 17:07:23.299592
130,rec_reverse,103,69,2026-01-16 17:07:23.458283
130,rec_reverse,103,82,2026-01-16 17:07:23.587053
130,rec_reverse,103,83,2026-01-16 17:07:23.803708
130,rec_reverse,103,69,2026-01-16 17:07:23.899332
130,rec_reverse,103,32,2026-01-16 17:07:24.051385
130,rec_reverse,103,8,2026-01-16 17:07:24.468668
130,rec_reverse,103,16,2026-01-16 17:07:24.643121
130,rec_reverse,103,83,2026-01-16 17:07:24.795655
130,rec_reverse,103,84,2026-01-16 17:07:25.051706
130,rec_reverse,103,82,2026-01-16 17:07:25.212855
130,rec_reverse,103,73,2026-01-16 17:07:25.620693
130,rec_reverse,103,78,2026-01-16 17:07:25.691736
130,rec_reverse,103,71,2026-01-16 17:07:25.755651
130,rec_reverse,103,32,2026-01-16 17:07:25.820624
130,rec_reverse,103,8,2026-01-16 17:07:25.965131
130,rec_reverse,103,16,2026-01-16 17:07:26.234581
130,rec_reverse,103,57,2026-01-16 17:07:26.371509
130,rec_reverse,103,83,2026-01-16 17:07:26.917015
130,rec_reverse,103,84,2026-01-16 17:07:26.937580
130,rec_reverse,103,82,2026-01-16 17:07:27.195755
130,rec_reverse,103,73,2026-01-16 17:07:27.323701
130,rec_reverse,103,78,2026-01-16 17:07:27.452728
130,rec_reverse,103,71,2026-01-16 17:07:27.541161
130,rec_reverse,103,32,2026-01-16 17:07:27.561773
130,rec_reverse,103,8,2026-01-16 17:07:27.701469
130,rec_reverse,103,188,2026-01-16 17:07:27.884164
130,rec_reverse,103,32,2026-01-16 17:07:28.435520
130,rec_reverse,103,83,2026-01-16 17:07:28.633873
130,rec_reverse,103,84,2026-01-16 17:07:28.649206
130,rec_reverse,103,65,2026-01-16 17:07:28.771586
130,rec_reverse,103,82,2026-01-16 17:07:28.884432
130,rec_reverse,103,84,2026-01-16 17:07:28.955576
130,rec_reverse,103,32,2026-01-16 17:07:29.069024
130,rec_reverse,103,8,2026-01-16 17:07:29.213324
130,rec_reverse,103,188,2026-01-16 17:07:29.371863
130,rec_reverse,103,69,2026-01-16 17:07:30.074269
130,rec_reverse,103,78,2026-01-16 17:07:30.123165
130,rec_reverse,103,68,2026-01-16 17:07:30.179473
130,rec_reverse,103,32,2026-01-16 17:07:30.220062
130,rec_reverse,103,8,2026-01-16 17:07:30.403880
130,rec_reverse,103,189,2026-01-16 17:07:30.834510
130,rec_reverse,103,222,2026-01-16 17:07:31.052470
130,rec_reverse,103,16,2026-01-16 17:07:31.459869
130,rec_reverse,103,8,2026-01-16 17:07:31.812985
130,rec_reverse,103,49,2026-01-16 17:07:32.566055
130,rec_reverse,103,16,2026-01-16 17:07:33.059011
130,rec_reverse,103,219,2026-01-16 17:07:33.268652
130,rec_reverse,103,8,2026-01-16 17:07:33.982469
130,rec_reverse,103,16,2026-01-16 17:07:34.227484
130,rec_reverse,103,48,2026-01-16 17:07:34.413232
130,rec_reverse,103,38,2026-01-16 17:07:42.565028
130,rec_reverse,103,38,2026-01-16 17:07:42.795736
130,rec_reverse,103,38,2026-01-16 17:07:43.005523
130,rec_reverse,103,38,2026-01-16 17:07:46.204877
130,rec_reverse,103,16,2026-01-16 17:07:50.509346
130,rec_reverse,103,16,2026-01-16 17:07:51.015730
130,rec_reverse,103,16,2026-01-16 17:07:51.043560
130,rec_reverse,103,16,2026-01-16 17:07:51.072505
130,rec_reverse,103,16,2026-01-16 17:07:51.121531
130,rec_reverse,103,16,2026-01-16 17:07:51.154417
130,rec_reverse,103,187,2026-01-16 17:07:51.180007
130,rec_reverse,103,49,2026-01-16 17:07:51.837288
130,rec_reverse,103,40,2026-01-16 17:07:53.014641
130,rec_reverse,103,82,2026-01-16 17:07:54.206443
130,rec_reverse,103,69,2026-01-16 17:07:54.275859
130,rec_reverse,103,84,2026-01-16 17:07:54.486744
130,rec_reverse,103,85,2026-01-16 17:07:54.589062
130,rec_reverse,103,82,2026-01-16 17:07:54.700616
130,rec_reverse,103,78,2026-01-16 17:07:54.884902
130,rec_reverse,103,32,2026-01-16 17:07:54.974253
130,rec_reverse,103,8,2026-01-16 17:07:55.109714
130,rec_reverse,103,40,2026-01-16 17:07:58.496642
130,rec_reverse,103,40,2026-01-16 17:07:58.878267
130,rec_reverse,103,40,2026-01-16 17:07:59.127821
130,rec_reverse,103,40,2026-01-16 17:08:04.029542
130,rec_reverse,103,40,2026-01-16 17:08:04.517046
130,rec_reverse,103,39,2026-01-16 17:08:07.150557
130,rec_reverse,103,39,2026-01-16 17:08:07.381913
130,rec_reverse,103,39,2026-01-16 17:08:07.605667
130,rec_reverse,103,39,2026-01-16 17:08:07.837709
130,rec_reverse,103,39,2026-01-16 17:08:08.190652
130,rec_reverse,103,37,2026-01-16 17:08:08.925694
130,rec_reverse,103,38,2026-01-16 17:09:22.299412
130,rec_reverse,103,38,2026-01-16 17:09:22.592185
130,rec_reverse,103,39,2026-01-16 17:09:23.129392
130,rec_reverse,103,39,2026-01-16 17:09:23.630342
130,rec_reverse,103,39,2026-01-16 17:09:23.659388
130,rec_reverse,103,39,2026-01-16 17:09:23.707803
130,rec_reverse,103,39,2026-01-16 17:09:23.736251
130,rec_reverse,103,39,2026-01-16 17:09:23.769442
130,rec_reverse,103,39,2026-01-16 17:09:23.799240
130,rec_reverse,103,39,2026-01-16 17:09:23.831383
130,rec_reverse,103,39,2026-01-16 17:09:23.861509
130,rec_reverse,103,39,2026-01-16 17:09:24.119319
130,rec_reverse,103,39,2026-01-16 17:09:24.318540
130,rec_reverse,103,39,2026-01-16 17:09:24.512453
130,rec_reverse,103,39,2026-01-16 17:09:24.694445
130,rec_reverse,103,16,2026-01-16 17:09:25.407997
130,rec_reverse,103,187,2026-01-16 17:09:25.831307
130,rec_reverse,103,49,2026-01-16 17:09:26.775902
130,rec_reverse,103,39,2026-01-16 17:09:27.302421
130,rec_reverse,103,39,2026-01-16 17:09:27.869783
130,rec_reverse,103,39,2026-01-16 17:09:28.072363
130,rec_reverse,103,39,2026-01-16 17:09:28.231973
130,rec_reverse,103,39,2026-01-16 17:09:28.366771
130,rec_reverse,103,39,2026-01-16 17:09:28.527878
130,rec_reverse,103,8,2026-01-16 17:09:29.224416
130,rec_reverse,103,8,2026-01-16 17:09:29.401011
130,rec_reverse,103,40,2026-01-16 17:09:31.489760
130,rec_reverse,103,38,2026-01-16 17:09:42.393492
130,rec_reverse,103,38,2026-01-16 17:09:42.638643
130,rec_reverse,103,38,2026-01-16 17:09:42.854684
130,rec_reverse,103,38,2026-01-16 17:09:43.223780
130,rec_reverse,103,38,2026-01-16 17:09:48.272600
130,rec_reverse,103,39,2026-01-16 17:09:48.600591
130,rec_reverse,103,37,2026-01-16 17:09:49.241659
130,rec_reverse,103,8,2026-01-16 17:09:52.587056
130,rec_reverse,103,8,2026-01-16 17:09:52.778177
130,rec_reverse,103,40,2026-01-16 17:09:53.720957
130,rec_reverse,103,32,2026-01-16 17:09:54.816855
130,rec_reverse,103,83,2026-01-16 17:09:55.167139
130,rec_reverse,103,84,2026-01-16 17:09:55.206747
130,rec_reverse,103,82,2026-01-16 17:09:55.432125
130,rec_reverse,103,32,2026-01-16 17:09:55.559315
130,rec_reverse,103,8,2026-01-16 17:09:55.713907
130,rec_reverse,103,8,2026-01-16 17:09:56.482523
130,rec_reverse,103,8,2026-01-16 17:09:56.689848
130,rec_reverse,103,8,2026-01-16 17:09:57.057065
130,rec_reverse,103,83,2026-01-16 17:09:57.626573
130,rec_reverse,103,84,2026-01-16 17:09:57.688033
130,rec_reverse,103,82,2026-01-16 17:09:57.855469
130,rec_reverse,103,73,2026-01-16 17:09:58.031790
130,rec_reverse,103,78,2026-01-16 17:09:58.121005
130,rec_reverse,103,71,2026-01-16 17:09:58.175240
130,rec_reverse,103,32,2026-01-16 17:09:58.237964
130,rec_reverse,103,8,2026-01-16 17:09:58.362017
130,rec_reverse,103,16,2026-01-16 17:09:58.526521
130,rec_reverse,103,48,2026-01-16 17:09:59.217330
130,rec_reverse,103,219,2026-01-16 17:09:59.398938
130,rec_reverse,103,8,2026-01-16 17:09:59.778202
130,rec_reverse,103,8,2026-01-16 17:09:59.985179
130,rec_reverse,103,219,2026-01-16 17:10:00.664450
130,rec_reverse,103,221,2026-01-16 17:10:00.752223
130,rec_reverse,103,37,2026-01-16 17:10:01.633447
130,rec_reverse,103,69,2026-01-16 17:10:02.777158
130,rec_reverse,103,78,2026-01-16 17:10:02.806088
130,rec_reverse,103,68,2026-01-16 17:10:02.888218
130,rec_reverse,103,32,2026-01-16 17:10:02.942765
130,rec_reverse,103,8,2026-01-16 17:10:03.378196
130,rec_reverse,103,40,2026-01-16 17:10:07.209081
130,rec_reverse,103,40,2026-01-16 17:10:07.649001
130,rec_reverse,103,40,2026-01-16 17:10:08.135976
130,rec_reverse,103,40,2026-01-16 17:10:09.193381
130,rec_reverse,103,40,2026-01-16 17:10:10.064419
130,rec_reverse,103,40,2026-01-16 17:10:11.281431
130,rec_reverse,103,8,2026-01-16 17:10:13.154639
130,rec_reverse,103,8,2026-01-16 17:10:13.645625
130,rec_reverse,103,8,2026-01-16 17:10:13.952880
130,rec_reverse,103,83,2026-01-16 17:10:41.703046
130,rec_reverse,103,84,2026-01-16 17:10:41.759438
130,rec_reverse,103,82,2026-01-16 17:10:42.137578
130,rec_reverse,103,73,2026-01-16 17:10:42.328536
130,rec_reverse,103,78,2026-01-16 17:10:42.440556
130,rec_reverse,103,71,2026-01-16 17:10:42.513010
130,rec_reverse,103,32,2026-01-16 17:10:42.568607
130,rec_reverse,103,8,2026-01-16 17:10:42.810634
130,rec_reverse,103,48,2026-01-16 17:10:43.442670
130,rec_reverse,103,219,2026-01-16 17:10:43.521645
130,rec_reverse,103,8,2026-01-16 17:10:43.929344
130,rec_reverse,103,8,2026-01-16 17:10:44.146430
130,rec_reverse,103,219,2026-01-16 17:10:44.465640
130,rec_reverse,103,221,2026-01-16 17:10:44.569279
130,rec_reverse,103,8,2026-01-16 17:10:44.993796
130,rec_reverse,103,8,2026-01-16 17:10:45.203617
130,rec_reverse,103,8,2026-01-16 17:10:45.394380
130,rec_reverse,103,8,2026-01-16 17:10:45.577637
130,rec_reverse,103,8,2026-01-16 17:10:45.735740
130,rec_reverse,103,8,2026-01-16 17:10:45.842697
130,rec_reverse,103,8,2026-01-16 17:10:46.321715
130,rec_reverse,103,8,2026-01-16 17:10:46.523457
130,rec_reverse,103,82,2026-01-16 17:10:47.809490
130,rec_reverse,103,69,2026-01-16 17:10:47.909724
130,rec_reverse,103,84,2026-01-16 17:10:48.066950
130,rec_reverse,103,85,2026-01-16 17:10:48.243805
130,rec_reverse,103,82,2026-01-16 17:10:48.338797
130,rec_reverse,103,78,2026-01-16 17:10:48.522142
130,rec_reverse,103,32,2026-01-16 17:10:48.615834
130,rec_reverse,103,83,2026-01-16 17:10:49.146867
130,rec_reverse,103,84,2026-01-16 17:10:49.166784
130,rec_reverse,103,82,2026-01-16 17:10:49.393329
130,rec_reverse,103,85,2026-01-16 17:10:49.599869
130,rec_reverse,103,78,2026-01-16 17:10:49.728211
130,rec_reverse,103,71,2026-01-16 17:10:49.790961
130,rec_reverse,103,32,2026-01-16 17:10:49.848386
130,rec_reverse,103,8,2026-01-16 17:10:50.074820
130,rec_reverse,103,8,2026-01-16 17:10:50.305787
130,rec_reverse,103,8,2026-01-16 17:10:50.497393
130,rec_reverse,103,8,2026-01-16 17:10:50.673964
130,rec_reverse,103,73,2026-01-16 17:10:50.905111
130,rec_reverse,103,78,2026-01-16 17:10:50.994406
130,rec_reverse,103,71,2026-01-16 17:10:51.104922
130,rec_reverse,103,32,2026-01-16 17:10:51.152211
130,rec_reverse,103,8,2026-01-16 17:10:51.305669
130,rec_reverse,103,48,2026-01-16 17:10:51.785120
130,rec_reverse,103,219,2026-01-16 17:10:51.880705
130,rec_reverse,103,8,2026-01-16 17:10:52.187877
130,rec_reverse,103,8,2026-01-16 17:10:52.393929
130,rec_reverse,103,219,2026-01-16 17:10:52.624884
130,rec_reverse,103,221,2026-01-16 17:10:52.720979
130,rec_reverse,103,8,2026-01-16 17:10:53.339946
130,rec_reverse,103,69,2026-01-16 17:10:54.273859
130,rec_reverse,103,78,2026-01-16 17:10:54.354338
130,rec_reverse,103,68,2026-01-16 17:10:54.391959
130,rec_reverse,103,32,2026-01-16 17:10:54.464784
130,rec_reverse,103,8,2026-01-16 17:10:54.601962
130,rec_reverse,103,219,2026-01-16 17:10:55.395016
130,rec_reverse,103,8,2026-01-16 17:10:55.908505
130,rec_reverse,103,221,2026-01-16 17:10:56.498256
130,rec_reverse,103,37,2026-01-16 17:11:57.201859
130,rec_reverse,103,8,2026-01-16 17:11:57.916527
130,rec_reverse,103,8,2026-01-16 17:11:58.133504
130,rec_reverse,103,8,2026-01-16 17:11:58.292187
130,rec_reverse,103,83,2026-01-16 17:11:59.437110
130,rec_reverse,103,84,2026-01-16 17:11:59.482363
130,rec_reverse,103,65,2026-01-16 17:11:59.674930
130,rec_reverse,103,82,2026-01-16 17:11:59.738248
130,rec_reverse,103,84,2026-01-16 17:11:59.785860
130,rec_reverse,103,32,2026-01-16 17:11:59.898279
130,rec_reverse,103,8,2026-01-16 17:12:00.014941
130,rec_reverse,103,38,2026-01-16 17:12:18.404967
130,rec_reverse,103,38,2026-01-16 17:12:18.651399
130,rec_reverse,103,38,2026-01-16 17:12:18.891436
130,rec_reverse,103,38,2026-01-16 17:12:19.629380
130,rec_reverse,103,40,2026-01-16 17:12:19.971973
130,rec_reverse,103,37,2026-01-16 17:12:20.182673
130,rec_reverse,103,37,2026-01-16 17:12:20.681241
130,rec_reverse,103,37,2026-01-16 17:12:20.728558
130,rec_reverse,103,37,2026-01-16 17:12:20.757007
130,rec_reverse,103,37,2026-01-16 17:12:20.787877
130,rec_reverse,103,37,2026-01-16 17:12:20.818999
130,rec_reverse,103,37,2026-01-16 17:12:20.848965
130,rec_reverse,103,37,2026-01-16 17:12:20.880957
130,rec_reverse,103,37,2026-01-16 17:12:20.911953
130,rec_reverse,103,37,2026-01-16 17:12:20.942614
130,rec_reverse,103,37,2026-01-16 17:12:20.990222
130,rec_reverse,103,37,2026-01-16 17:12:21.019030
130,rec_reverse,103,37,2026-01-16 17:12:21.051994
130,rec_reverse,103,37,2026-01-16 17:12:21.082936
130,rec_reverse,103,37,2026-01-16 17:12:21.114978
130,rec_reverse,103,37,2026-01-16 17:12:21.147617
130,rec_reverse,103,37,2026-01-16 17:12:21.179275
130,rec_reverse,103,37,2026-01-16 17:12:21.209999
130,rec_reverse,103,37,2026-01-16 17:12:21.644067
130,rec_reverse,103,84,2026-01-16 17:12:22.821207
130,rec_reverse,103,77,2026-01-16 17:12:22.923323
130,rec_reverse,103,80,2026-01-16 17:12:22.980058
130,rec_reverse,103,32,2026-01-16 17:12:23.171119
130,rec_reverse,103,187,2026-01-16 17:12:23.868102
130,rec_reverse,103,32,2026-01-16 17:12:24.019107
130,rec_reverse,103,40,2026-01-16 17:12:25.164168
130,rec_reverse,103,40,2026-01-16 17:12:25.468138
130,rec_reverse,103,40,2026-01-16 17:12:25.699200
130,rec_reverse,103,39,2026-01-16 17:12:26.324200
130,rec_reverse,103,84,2026-01-16 17:13:15.391377
130,rec_reverse,103,77,2026-01-16 17:13:15.452291
130,rec_reverse,103,80,2026-01-16 17:13:15.550090
130,rec_reverse,103,32,2026-01-16 17:13:15.756374
130,rec_reverse,103,16,2026-01-16 17:13:16.077107
130,rec_reverse,103,187,2026-01-16 17:13:16.227916
130,rec_reverse,103,32,2026-01-16 17:13:16.540962
130,rec_reverse,103,8,2026-01-16 17:13:32.415478
130,rec_reverse,103,8,2026-01-16 17:13:32.664622
130,rec_reverse,103,8,2026-01-16 17:13:32.878629
130,rec_reverse,103,8,2026-01-16 17:13:33.087690
130,rec_reverse,103,8,2026-01-16 17:13:33.270023
130,rec_reverse,103,8,2026-01-16 17:13:33.456221
130,rec_reverse,103,39,2026-01-16 17:13:34.775173
130,rec_reverse,103,39,2026-01-16 17:13:35.277583
130,rec_reverse,103,39,2026-01-16 17:13:35.305008
130,rec_reverse,103,39,2026-01-16 17:13:35.338858
130,rec_reverse,103,39,2026-01-16 17:13:35.388295
130,rec_reverse,103,39,2026-01-16 17:13:35.418044
130,rec_reverse,103,39,2026-01-16 17:13:35.448035
130,rec_reverse,103,39,2026-01-16 17:13:35.479224
130,rec_reverse,103,39,2026-01-16 17:13:35.509337
130,rec_reverse,103,39,2026-01-16 17:13:35.540879
130,rec_reverse,103,39,2026-01-16 17:13:35.570794
130,rec_reverse,103,39,2026-01-16 17:13:35.603001
130,rec_reverse,103,39,2026-01-16 17:13:35.650744
130,rec_reverse,103,39,2026-01-16 17:13:35.681045
130,rec_reverse,103,39,2026-01-16 17:13:35.711811
130,rec_reverse,103,39,2026-01-16 17:13:35.741584
130,rec_reverse,103,37,2026-01-16 17:13:36.783492
130,rec_reverse,103,32,2026-01-16 17:13:37.533893
130,rec_reverse,103,16,2026-01-16 17:13:38.333909
130,rec_reverse,103,16,2026-01-16 17:13:38.843271
130,rec_reverse,103,16,2026-01-16 17:13:38.872219
130,rec_reverse,103,16,2026-01-16 17:13:38.903753
130,rec_reverse,103,16,2026-01-16 17:13:38.935260
130,rec_reverse,103,16,2026-01-16 17:13:38.966583
130,rec_reverse,103,16,2026-01-16 17:13:38.997378
130,rec_reverse,103,16,2026-01-16 17:13:39.046197
130,rec_reverse,103,16,2026-01-16 17:13:39.074901
130,rec_reverse,103,16,2026-01-16 17:13:39.104737
130,rec_reverse,103,16,2026-01-16 17:13:39.135713
130,rec_reverse,103,16,2026-01-16 17:13:39.167213
130,rec_reverse,103,16,2026-01-16 17:13:39.197690
130,rec_reverse,103,16,2026-01-16 17:13:39.229740
130,rec_reverse,103,16,2026-01-16 17:13:39.260979
130,rec_reverse,103,16,2026-01-16 17:13:39.309408
130,rec_reverse,103,13,2026-01-16 17:13:39.332865
130,rec_reverse,103,37,2026-01-16 17:13:40.608211
130,rec_reverse,103,16,2026-01-16 17:13:41.550164
130,rec_reverse,103,16,2026-01-16 17:13:42.057937
130,rec_reverse,103,16,2026-01-16 17:13:42.086806
130,rec_reverse,103,16,2026-01-16 17:13:42.120090
130,rec_reverse,103,16,2026-01-16 17:13:42.148049
130,rec_reverse,103,16,2026-01-16 17:13:42.210197
130,rec_reverse,103,16,2026-01-16 17:13:42.228051
130,rec_reverse,103,16,2026-01-16 17:13:42.255886
130,rec_reverse,103,16,2026-01-16 17:13:42.287448
130,rec_reverse,103,16,2026-01-16 17:13:42.322857
130,rec_reverse,103,16,2026-01-16 17:13:42.354288
130,rec_reverse,103,16,2026-01-16 17:13:42.382878
130,rec_reverse,103,16,2026-01-16 17:13:42.413353
130,rec_reverse,103,16,2026-01-16 17:13:42.447986
130,rec_reverse,103,187,2026-01-16 17:13:44.149944
130,rec_reverse,103,16,2026-01-16 17:13:45.085838
130,rec_reverse,103,8,2026-01-16 17:13:45.734384
130,rec_reverse,103,16,2026-01-16 17:13:46.101228
130,rec_reverse,103,16,2026-01-16 17:13:46.613760
130,rec_reverse,103,16,2026-01-16 17:13:46.642585
130,rec_reverse,103,16,2026-01-16 17:13:46.676686
130,rec_reverse,103,16,2026-01-16 17:13:46.707704
130,rec_reverse,103,16,2026-01-16 17:13:46.737996
130,rec_reverse,103,16,2026-01-16 17:13:46.770462

130,rec_reverse,103,32,2026-01-16 17:13:48.566683
130,rec_reverse,103,84,2026-01-16 17:13:49.367112
130,rec_reverse,103,77,2026-01-16 17:13:49.453531
130,rec_reverse,103,80,2026-01-16 17:13:49.557107
130,rec_reverse,103,32,2026-01-16 17:13:49.710212
130,rec_reverse,103,8,2026-01-16 17:13:50.049152
130,rec_reverse,103,8,2026-01-16 17:13:58.339368
130,rec_reverse,103,8,2026-01-16 17:13:58.533399
130,rec_reverse,103,8,2026-01-16 17:13:58.704232
130,rec_reverse,103,8,2026-01-16 17:13:58.868614
130,rec_reverse,103,8,2026-01-16 17:13:59.007799
130,rec_reverse,103,8,2026-01-16 17:13:59.174472
130,rec_reverse,103,37,2026-01-16 17:13:59.903479
130,rec_reverse,103,37,2026-01-16 17:14:00.100559
130,rec_reverse,103,37,2026-01-16 17:14:00.602950
130,rec_reverse,103,37,2026-01-16 17:14:00.648966
130,rec_reverse,103,37,2026-01-16 17:14:00.678539
130,rec_reverse,103,37,2026-01-16 17:14:00.710396
130,rec_reverse,103,37,2026-01-16 17:14:00.740133
130,rec_reverse,103,37,2026-01-16 17:14:00.770542
130,rec_reverse,103,37,2026-01-16 17:14:00.801499
130,rec_reverse,103,37,2026-01-16 17:14:01.054777
130,rec_reverse,103,37,2026-01-16 17:14:01.261571
130,rec_reverse,103,37,2026-01-16 17:14:01.453571
130,rec_reverse,103,37,2026-01-16 17:14:01.646738
130,rec_reverse,103,84,2026-01-16 17:14:03.423185
130,rec_reverse,103,77,2026-01-16 17:14:03.526294
130,rec_reverse,103,80,2026-01-16 17:14:03.621591
130,rec_reverse,103,32,2026-01-16 17:14:03.875600
130,rec_reverse,103,16,2026-01-16 17:14:04.366577
130,rec_reverse,103,187,2026-01-16 17:14:04.509577
130,rec_reverse,103,32,2026-01-16 17:14:04.989151
