119,pro_length,308,87,2026-03-19 18:02:16.358261
119,pro_length,308,72,2026-03-19 18:02:16.502707
119,pro_length,308,73,2026-03-19 18:02:16.572742
119,pro_length,308,67,2026-03-19 18:02:16.714380
119,pro_length,308,72,2026-03-19 18:02:16.812202
119,pro_length,308,32,2026-03-19 18:02:16.890997
119,pro_length,308,73,2026-03-19 18:02:17.042941
119,pro_length,308,83,2026-03-19 18:02:17.114919
119,pro_length,308,32,2026-03-19 18:02:17.229117
119,pro_length,308,83,2026-03-19 18:02:17.308877
119,pro_length,308,72,2026-03-19 18:02:17.373745
119,pro_length,308,79,2026-03-19 18:02:17.474357
119,pro_length,308,82,2026-03-19 18:02:17.580242
119,pro_length,308,84,2026-03-19 18:02:17.794931
119,pro_length,308,69,2026-03-19 18:02:17.890908
119,pro_length,308,82,2026-03-19 18:02:18.004317
119,pro_length,308,32,2026-03-19 18:02:18.133167
119,pro_length,308,84,2026-03-19 18:02:18.346039
119,pro_length,308,72,2026-03-19 18:02:18.459185
119,pro_length,308,65,2026-03-19 18:02:18.572020
119,pro_length,308,78,2026-03-19 18:02:18.780393
119,pro_length,308,32,2026-03-19 18:02:19.590265
119,pro_length,308,65,2026-03-19 18:02:19.843261
119,pro_length,308,32,2026-03-19 18:02:19.933904
119,pro_length,308,80,2026-03-19 18:02:20.211668
119,pro_length,308,69,2026-03-19 18:02:20.308555
119,pro_length,308,78,2026-03-19 18:02:20.439330
119,pro_length,308,67,2026-03-19 18:02:20.565338
119,pro_length,308,73,2026-03-19 18:02:20.669298
119,pro_length,308,76,2026-03-19 18:02:20.812785
119,pro_length,308,188,2026-03-19 18:02:21.044312
119,pro_length,308,32,2026-03-19 18:02:21.133017
119,pro_length,308,87,2026-03-19 18:02:21.213247
119,pro_length,308,72,2026-03-19 18:02:21.325566
119,pro_length,308,73,2026-03-19 18:02:21.388458
119,pro_length,308,67,2026-03-19 18:02:21.573184
119,pro_length,308,72,2026-03-19 18:02:21.657400
119,pro_length,308,32,2026-03-19 18:02:21.746841
119,pro_length,308,73,2026-03-19 18:02:21.880149
119,pro_length,308,83,2026-03-19 18:02:21.923885
119,pro_length,308,32,2026-03-19 18:02:22.052368
119,pro_length,308,83,2026-03-19 18:02:22.108821
119,pro_length,308,72,2026-03-19 18:02:22.238345
119,pro_length,308,79,2026-03-19 18:02:22.276833
119,pro_length,308,82,2026-03-19 18:02:22.445355
119,pro_length,308,84,2026-03-19 18:02:22.637643
119,pro_length,308,69,2026-03-19 18:02:22.779883
119,pro_length,308,82,2026-03-19 18:02:22.837954
119,pro_length,308,32,2026-03-19 18:02:23.148181
119,pro_length,308,84,2026-03-19 18:02:23.268895
119,pro_length,308,72,2026-03-19 18:02:23.348274
119,pro_length,308,65,2026-03-19 18:02:23.506322
119,pro_length,308,78,2026-03-19 18:02:23.547373
119,pro_length,308,32,2026-03-19 18:02:23.833311
119,pro_length,308,65,2026-03-19 18:02:23.939675
119,pro_length,308,32,2026-03-19 18:02:24.056303
119,pro_length,308,83,2026-03-19 18:02:24.156437
119,pro_length,308,84,2026-03-19 18:02:24.316971
119,pro_length,308,65,2026-03-19 18:02:24.438216
119,pro_length,308,82,2026-03-19 18:02:24.507573
119,pro_length,308,8,2026-03-19 18:02:25.132374
119,pro_length,308,78,2026-03-19 18:02:25.496117
119,pro_length,308,68,2026-03-19 18:02:25.639693
119,pro_length,308,65,2026-03-19 18:02:25.716407
119,pro_length,308,82,2026-03-19 18:02:25.812612
119,pro_length,308,68,2026-03-19 18:02:25.965687
119,pro_length,308,32,2026-03-19 18:02:26.043992
119,pro_length,308,82,2026-03-19 18:02:26.133692
119,pro_length,308,85,2026-03-19 18:02:26.259974
119,pro_length,308,76,2026-03-19 18:02:26.429152
119,pro_length,308,69,2026-03-19 18:02:26.484130
119,pro_length,308,82,2026-03-19 18:02:26.526616
119,pro_length,308,188,2026-03-19 18:02:26.664067
119,pro_length,308,32,2026-03-19 18:02:26.772920
119,pro_length,308,87,2026-03-19 18:02:26.851596
119,pro_length,308,73,2026-03-19 18:02:27.004814
119,pro_length,308,67,2026-03-19 18:02:27.251073
119,pro_length,308,72,2026-03-19 18:02:27.411684
119,pro_length,308,8,2026-03-19 18:02:27.942068
119,pro_length,308,8,2026-03-19 18:02:28.070221
119,pro_length,308,8,2026-03-19 18:02:28.179896
119,pro_length,308,72,2026-03-19 18:02:28.484095
119,pro_length,308,73,2026-03-19 18:02:28.644912
119,pro_length,308,67,2026-03-19 18:02:28.825189
119,pro_length,308,72,2026-03-19 18:02:28.923636
119,pro_length,308,32,2026-03-19 18:02:29.021078
119,pro_length,308,73,2026-03-19 18:02:29.116593
119,pro_length,308,83,2026-03-19 18:02:29.188925
119,pro_length,308,32,2026-03-19 18:02:29.268727
119,pro_length,308,83,2026-03-19 18:02:29.357524
119,pro_length,308,72,2026-03-19 18:02:29.413109
119,pro_length,308,79,2026-03-19 18:02:29.485532
119,pro_length,308,82,2026-03-19 18:02:29.588631
119,pro_length,308,84,2026-03-19 18:02:29.734669
119,pro_length,308,69,2026-03-19 18:02:30.123162
119,pro_length,308,82,2026-03-19 18:02:30.182886
119,pro_length,308,32,2026-03-19 18:02:30.268524
119,pro_length,308,84,2026-03-19 18:02:30.381364
119,pro_length,308,72,2026-03-19 18:02:30.484554
119,pro_length,308,65,2026-03-19 18:02:30.547192
119,pro_length,308,78,2026-03-19 18:02:30.677454
119,pro_length,308,32,2026-03-19 18:02:30.756185
119,pro_length,308,84,2026-03-19 18:02:30.837127
119,pro_length,308,72,2026-03-19 18:02:30.973758
119,pro_length,308,69,2026-03-19 18:02:30.999049
119,pro_length,308,32,2026-03-19 18:02:31.100493
119,pro_length,308,76,2026-03-19 18:02:31.325152
119,pro_length,308,69,2026-03-19 18:02:31.438314
119,pro_length,308,78,2026-03-19 18:02:31.557179
119,pro_length,308,71,2026-03-19 18:02:31.645181
119,pro_length,308,84,2026-03-19 18:02:31.813547
119,pro_length,308,72,2026-03-19 18:02:31.868655
119,pro_length,308,32,2026-03-19 18:02:31.957213
119,pro_length,308,79,2026-03-19 18:02:32.070407
119,pro_length,308,70,2026-03-19 18:02:32.174273
119,pro_length,308,32,2026-03-19 18:02:32.278040
119,pro_length,308,77,2026-03-19 18:02:32.347831
119,pro_length,308,89,2026-03-19 18:02:32.612802
119,pro_length,308,32,2026-03-19 18:02:32.732836
119,pro_length,308,76,2026-03-19 18:02:32.884269
119,pro_length,308,65,2026-03-19 18:02:32.973629
119,pro_length,308,80,2026-03-19 18:02:33.100794
119,pro_length,308,84,2026-03-19 18:02:33.301233
119,pro_length,308,79,2026-03-19 18:02:33.359028
119,pro_length,308,80,2026-03-19 18:02:33.375323
119,pro_length,308,188,2026-03-19 18:02:33.666956
119,pro_length,308,32,2026-03-19 18:02:33.734480
119,pro_length,308,87,2026-03-19 18:02:33.828269
119,pro_length,308,72,2026-03-19 18:02:33.956648
119,pro_length,308,73,2026-03-19 18:02:34.023100
119,pro_length,308,67,2026-03-19 18:02:34.147779
119,pro_length,308,72,2026-03-19 18:02:34.229815
119,pro_length,308,32,2026-03-19 18:02:34.322266
119,pro_length,308,73,2026-03-19 18:02:34.390364
119,pro_length,308,83,2026-03-19 18:02:34.461624
119,pro_length,308,32,2026-03-19 18:02:34.532487
119,pro_length,308,83,2026-03-19 18:02:34.621905
119,pro_length,308,72,2026-03-19 18:02:34.660505
119,pro_length,308,79,2026-03-19 18:02:34.733294
119,pro_length,308,82,2026-03-19 18:02:34.813331
119,pro_length,308,84,2026-03-19 18:02:34.941335
119,pro_length,308,69,2026-03-19 18:02:35.213819
119,pro_length,308,82,2026-03-19 18:02:35.284713
119,pro_length,308,32,2026-03-19 18:02:35.365158
119,pro_length,308,84,2026-03-19 18:02:35.469725
119,pro_length,308,72,2026-03-19 18:02:35.554770
119,pro_length,308,65,2026-03-19 18:02:35.597969
119,pro_length,308,78,2026-03-19 18:02:35.717454
119,pro_length,308,32,2026-03-19 18:02:35.789249
119,pro_length,308,84,2026-03-19 18:02:35.826881
119,pro_length,308,72,2026-03-19 18:02:35.900200
119,pro_length,308,69,2026-03-19 18:02:35.957756
119,pro_length,308,32,2026-03-19 18:02:36.051853
119,pro_length,308,76,2026-03-19 18:02:36.114831
119,pro_length,308,69,2026-03-19 18:02:36.179356
119,pro_length,308,78,2026-03-19 18:02:36.283214
119,pro_length,308,71,2026-03-19 18:02:36.340702
119,pro_length,308,84,2026-03-19 18:02:36.494146
119,pro_length,308,72,2026-03-19 18:02:36.564977
119,pro_length,308,32,2026-03-19 18:02:36.693146
119,pro_length,308,79,2026-03-19 18:02:36.893847
119,pro_length,308,70,2026-03-19 18:02:37.068687
119,pro_length,308,32,2026-03-19 18:02:37.131420
119,pro_length,308,77,2026-03-19 18:02:37.243381
119,pro_length,308,89,2026-03-19 18:02:37.461585
119,pro_length,308,32,2026-03-19 18:02:37.638943
119,pro_length,308,77,2026-03-19 18:02:37.768455
119,pro_length,308,79,2026-03-19 18:02:37.861759
119,pro_length,308,78,2026-03-19 18:02:38.004561
119,pro_length,308,73,2026-03-19 18:02:38.099305
119,pro_length,308,84,2026-03-19 18:02:38.163519
119,pro_length,308,79,2026-03-19 18:02:38.331755
119,pro_length,308,82,2026-03-19 18:02:38.356724
119,pro_length,308,188,2026-03-19 18:02:38.524065
119,pro_length,308,32,2026-03-19 18:02:38.565459
119,pro_length,308,87,2026-03-19 18:02:38.661549
119,pro_length,308,72,2026-03-19 18:02:38.775372
119,pro_length,308,73,2026-03-19 18:02:38.812928
119,pro_length,308,67,2026-03-19 18:02:38.942174
119,pro_length,308,72,2026-03-19 18:02:38.987931
119,pro_length,308,32,2026-03-19 18:02:39.098711
119,pro_length,308,73,2026-03-19 18:02:39.180961
119,pro_length,308,83,2026-03-19 18:02:39.275814
119,pro_length,308,32,2026-03-19 18:02:39.381784
119,pro_length,308,83,2026-03-19 18:02:39.444947
119,pro_length,308,72,2026-03-19 18:02:39.502972
119,pro_length,308,79,2026-03-19 18:02:39.578292
119,pro_length,308,82,2026-03-19 18:02:39.662745
119,pro_length,308,84,2026-03-19 18:02:39.812828
119,pro_length,308,69,2026-03-19 18:02:39.925547
119,pro_length,308,82,2026-03-19 18:02:40.020946
119,pro_length,308,32,2026-03-19 18:02:40.051883
119,pro_length,308,84,2026-03-19 18:02:40.180585
119,pro_length,308,72,2026-03-19 18:02:40.292010
119,pro_length,308,65,2026-03-19 18:02:40.348739
119,pro_length,308,78,2026-03-19 18:02:40.499490
119,pro_length,308,32,2026-03-19 18:02:40.565843
119,pro_length,308,84,2026-03-19 18:02:40.656413
119,pro_length,308,72,2026-03-19 18:02:40.733510
119,pro_length,308,69,2026-03-19 18:02:40.780519
119,pro_length,308,32,2026-03-19 18:02:40.877794
119,pro_length,308,76,2026-03-19 18:02:40.949626
119,pro_length,308,69,2026-03-19 18:02:41.004537
119,pro_length,308,78,2026-03-19 18:02:41.149018
119,pro_length,308,71,2026-03-19 18:02:41.206471
119,pro_length,308,84,2026-03-19 18:02:41.390625
119,pro_length,308,72,2026-03-19 18:02:41.491907
119,pro_length,308,32,2026-03-19 18:02:41.612547
119,pro_length,308,79,2026-03-19 18:02:41.705548
119,pro_length,308,70,2026-03-19 18:02:41.801858
119,pro_length,308,32,2026-03-19 18:02:41.853551
119,pro_length,308,77,2026-03-19 18:02:41.973801
119,pro_length,308,89,2026-03-19 18:02:42.205092
119,pro_length,308,32,2026-03-19 18:02:42.277031
119,pro_length,308,68,2026-03-19 18:02:42.375087
119,pro_length,308,69,2026-03-19 18:02:42.540989
119,pro_length,308,83,2026-03-19 18:02:42.611105
119,pro_length,308,188,2026-03-19 18:02:42.847079
119,pro_length,308,32,2026-03-19 18:02:42.944169
119,pro_length,308,87,2026-03-19 18:02:42.973017
119,pro_length,308,72,2026-03-19 18:02:43.109442
119,pro_length,308,73,2026-03-19 18:02:43.149612
119,pro_length,308,67,2026-03-19 18:02:43.278943
119,pro_length,308,72,2026-03-19 18:02:43.333600
119,pro_length,308,32,2026-03-19 18:02:43.466881
119,pro_length,308,73,2026-03-19 18:02:43.531751
119,pro_length,308,83,2026-03-19 18:02:43.591594
119,pro_length,308,32,2026-03-19 18:02:43.687619
119,pro_length,308,83,2026-03-19 18:02:43.747433
119,pro_length,308,72,2026-03-19 18:02:43.807157
119,pro_length,308,79,2026-03-19 18:02:43.919611
119,pro_length,308,82,2026-03-19 18:02:43.999319
119,pro_length,308,84,2026-03-19 18:02:44.149991
119,pro_length,308,69,2026-03-19 18:02:44.245139
119,pro_length,308,82,2026-03-19 18:02:44.342108
119,pro_length,308,32,2026-03-19 18:02:44.380702
119,pro_length,308,84,2026-03-19 18:02:44.537921
119,pro_length,308,72,2026-03-19 18:02:44.582060
119,pro_length,308,69,2026-03-19 18:02:44.681642
119,pro_length,308,78,2026-03-19 18:02:44.775639
119,pro_length,308,32,2026-03-19 18:02:44.854445
119,pro_length,308,84,2026-03-19 18:02:44.941730
119,pro_length,308,72,2026-03-19 18:02:44.998115
119,pro_length,308,69,2026-03-19 18:02:45.061050
119,pro_length,308,32,2026-03-19 18:02:45.149565
119,pro_length,308,76,2026-03-19 18:02:45.342656
119,pro_length,308,69,2026-03-19 18:02:45.446475
119,pro_length,308,78,2026-03-19 18:02:45.572131
119,pro_length,308,71,2026-03-19 18:02:45.662977
119,pro_length,308,84,2026-03-19 18:02:45.846759
119,pro_length,308,72,2026-03-19 18:02:45.935846
119,pro_length,308,32,2026-03-19 18:02:45.989181
119,pro_length,308,79,2026-03-19 18:02:46.660715
119,pro_length,308,70,2026-03-19 18:02:46.861023
119,pro_length,308,32,2026-03-19 18:02:46.990889
119,pro_length,308,77,2026-03-19 18:02:47.447476
119,pro_length,308,89,2026-03-19 18:02:47.734069
119,pro_length,308,32,2026-03-19 18:02:47.839918
119,pro_length,308,67,2026-03-19 18:02:48.036754
119,pro_length,308,65,2026-03-19 18:02:48.157907
119,pro_length,308,82,2026-03-19 18:02:48.276870
119,pro_length,308,188,2026-03-19 18:02:48.383241
119,pro_length,308,32,2026-03-19 18:02:48.404867
119,pro_length,308,87,2026-03-19 18:02:48.493313
119,pro_length,308,72,2026-03-19 18:02:48.622112
119,pro_length,308,73,2026-03-19 18:02:48.702591
119,pro_length,308,67,2026-03-19 18:02:48.818785
119,pro_length,308,72,2026-03-19 18:02:48.886169
119,pro_length,308,32,2026-03-19 18:02:48.958173
119,pro_length,308,73,2026-03-19 18:02:49.097591
119,pro_length,308,83,2026-03-19 18:02:49.137903
119,pro_length,308,32,2026-03-19 18:02:49.228861
119,pro_length,308,83,2026-03-19 18:02:49.311373
119,pro_length,308,72,2026-03-19 18:02:49.348307
119,pro_length,308,79,2026-03-19 18:02:49.418790
119,pro_length,308,82,2026-03-19 18:02:49.475330
119,pro_length,308,84,2026-03-19 18:02:49.646688
119,pro_length,308,69,2026-03-19 18:02:49.724827
119,pro_length,308,82,2026-03-19 18:02:49.838086
119,pro_length,308,32,2026-03-19 18:02:49.901966
119,pro_length,308,84,2026-03-19 18:02:50.015863
119,pro_length,308,72,2026-03-19 18:02:50.070685
119,pro_length,308,69,2026-03-19 18:02:50.134628
119,pro_length,308,78,2026-03-19 18:02:50.254935
119,pro_length,308,32,2026-03-19 18:02:50.349006
119,pro_length,308,84,2026-03-19 18:02:50.394353
119,pro_length,308,72,2026-03-19 18:02:50.471370
119,pro_length,308,69,2026-03-19 18:02:50.527106
119,pro_length,308,32,2026-03-19 18:02:50.604879
119,pro_length,308,76,2026-03-19 18:02:50.710119
119,pro_length,308,69,2026-03-19 18:02:50.766126
119,pro_length,308,78,2026-03-19 18:02:50.885469
119,pro_length,308,71,2026-03-19 18:02:50.966348
119,pro_length,308,84,2026-03-19 18:02:51.119788
119,pro_length,308,32,2026-03-19 18:02:51.263467
119,pro_length,308,8,2026-03-19 18:02:51.734015
119,pro_length,308,72,2026-03-19 18:02:51.975608
119,pro_length,308,32,2026-03-19 18:02:52.093886
119,pro_length,308,79,2026-03-19 18:02:52.181291
119,pro_length,308,70,2026-03-19 18:02:52.262970
119,pro_length,308,32,2026-03-19 18:02:52.342110
119,pro_length,308,77,2026-03-19 18:02:52.402453
119,pro_length,308,89,2026-03-19 18:02:52.612913
119,pro_length,308,32,2026-03-19 18:02:52.693063
119,pro_length,308,72,2026-03-19 18:02:52.781711
119,pro_length,308,79,2026-03-19 18:02:52.972302
119,pro_length,308,85,2026-03-19 18:02:52.981255
119,pro_length,308,83,2026-03-19 18:02:53.040257
119,pro_length,308,69,2026-03-19 18:02:53.093800
119,pro_length,308,188,2026-03-19 18:02:53.215324
119,pro_length,308,32,2026-03-19 18:02:53.327781
119,pro_length,308,87,2026-03-19 18:02:53.413488
119,pro_length,308,72,2026-03-19 18:02:53.494019
119,pro_length,308,73,2026-03-19 18:02:53.566111
119,pro_length,308,67,2026-03-19 18:02:53.679172
119,pro_length,308,72,2026-03-19 18:02:53.734213
119,pro_length,308,32,2026-03-19 18:02:53.822005
119,pro_length,308,73,2026-03-19 18:02:53.909723
119,pro_length,308,83,2026-03-19 18:02:53.983657
119,pro_length,308,32,2026-03-19 18:02:54.081063
119,pro_length,308,72,2026-03-19 18:02:54.136152
119,pro_length,308,79,2026-03-19 18:02:54.257503
119,pro_length,308,82,2026-03-19 18:02:54.325680
119,pro_length,308,84,2026-03-19 18:02:54.525905
119,pro_length,308,69,2026-03-19 18:02:54.580355
119,pro_length,308,82,2026-03-19 18:02:54.702243
119,pro_length,308,32,2026-03-19 18:02:54.774081
119,pro_length,308,84,2026-03-19 18:02:54.894222
119,pro_length,308,72,2026-03-19 18:02:54.949180
119,pro_length,308,65,2026-03-19 18:02:55.037725
119,pro_length,308,78,2026-03-19 18:02:55.142520
119,pro_length,308,32,2026-03-19 18:02:55.213627
119,pro_length,308,84,2026-03-19 18:02:55.277670
119,pro_length,308,72,2026-03-19 18:02:55.374009
119,pro_length,308,69,2026-03-19 18:02:55.413271
119,pro_length,308,32,2026-03-19 18:02:55.502508
119,pro_length,308,76,2026-03-19 18:02:55.605627
119,pro_length,308,69,2026-03-19 18:02:55.685361
119,pro_length,308,78,2026-03-19 18:02:55.814480
119,pro_length,308,71,2026-03-19 18:02:55.933907
119,pro_length,308,84,2026-03-19 18:02:56.124214
119,pro_length,308,72,2026-03-19 18:02:56.157545
119,pro_length,308,32,2026-03-19 18:02:56.261371
119,pro_length,308,79,2026-03-19 18:02:56.374457
119,pro_length,308,70,2026-03-19 18:02:56.462353
119,pro_length,308,32,2026-03-19 18:02:56.542396
119,pro_length,308,77,2026-03-19 18:02:56.608288
119,pro_length,308,89,2026-03-19 18:02:56.878441
119,pro_length,308,32,2026-03-19 18:02:56.966109
119,pro_length,308,68,2026-03-19 18:02:57.072650
119,pro_length,308,73,2026-03-19 18:02:57.294276
119,pro_length,308,8,2026-03-19 18:02:57.654157
119,pro_length,308,82,2026-03-19 18:02:57.760945
119,pro_length,308,73,2026-03-19 18:02:57.903011
119,pro_length,308,86,2026-03-19 18:02:57.981779
119,pro_length,308,69,2026-03-19 18:02:58.091537
119,pro_length,308,87,2026-03-19 18:02:58.205100
119,pro_length,308,65,2026-03-19 18:02:58.421587
119,pro_length,308,89,2026-03-19 18:02:58.559199
119,pro_length,308,188,2026-03-19 18:02:58.788980
119,pro_length,308,32,2026-03-19 18:02:58.884919
119,pro_length,308,87,2026-03-19 18:02:58.909864
119,pro_length,308,72,2026-03-19 18:02:59.014340
119,pro_length,308,73,2026-03-19 18:02:59.062127
119,pro_length,308,67,2026-03-19 18:02:59.189603
119,pro_length,308,72,2026-03-19 18:02:59.252246
119,pro_length,308,32,2026-03-19 18:02:59.319175
119,pro_length,308,73,2026-03-19 18:02:59.445386
119,pro_length,308,83,2026-03-19 18:02:59.502675
119,pro_length,308,32,2026-03-19 18:02:59.600175
119,pro_length,308,83,2026-03-19 18:02:59.654195
119,pro_length,308,72,2026-03-19 18:02:59.683609
119,pro_length,308,79,2026-03-19 18:02:59.797287
119,pro_length,308,82,2026-03-19 18:02:59.894158
119,pro_length,308,84,2026-03-19 18:03:00.086566
119,pro_length,308,69,2026-03-19 18:03:00.189764
119,pro_length,308,82,2026-03-19 18:03:00.390069
119,pro_length,308,32,2026-03-19 18:03:00.492445
119,pro_length,308,84,2026-03-19 18:03:01.007047
119,pro_length,308,72,2026-03-19 18:03:01.102357
119,pro_length,308,65,2026-03-19 18:03:01.163479
119,pro_length,308,78,2026-03-19 18:03:01.285092
119,pro_length,308,32,2026-03-19 18:03:01.344738
119,pro_length,308,84,2026-03-19 18:03:01.409241
119,pro_length,308,72,2026-03-19 18:03:01.494208
119,pro_length,308,69,2026-03-19 18:03:01.557683
119,pro_length,308,32,2026-03-19 18:03:01.673015
119,pro_length,308,76,2026-03-19 18:03:01.823224
119,pro_length,308,69,2026-03-19 18:03:01.934675
119,pro_length,308,78,2026-03-19 18:03:02.085925
119,pro_length,308,71,2026-03-19 18:03:02.222242
119,pro_length,308,84,2026-03-19 18:03:02.375268
119,pro_length,308,72,2026-03-19 18:03:02.477164
119,pro_length,308,32,2026-03-19 18:03:02.566249
119,pro_length,308,79,2026-03-19 18:03:03.110306
119,pro_length,308,70,2026-03-19 18:03:03.188980
119,pro_length,308,32,2026-03-19 18:03:03.270799
119,pro_length,308,65,2026-03-19 18:03:03.653035
119,pro_length,308,32,2026-03-19 18:03:03.919511
119,pro_length,308,84,2026-03-19 18:03:04.299248
119,pro_length,308,82,2026-03-19 18:03:04.446777
119,pro_length,308,65,2026-03-19 18:03:04.517880
119,pro_length,308,67,2026-03-19 18:03:04.672569
119,pro_length,308,75,2026-03-19 18:03:04.724386
119,pro_length,308,32,2026-03-19 18:03:04.855810
119,pro_length,308,188,2026-03-19 18:03:04.955116
119,pro_length,308,87,2026-03-19 18:03:05.054866
119,pro_length,308,72,2026-03-19 18:03:05.175886
119,pro_length,308,73,2026-03-19 18:03:05.247377
119,pro_length,308,8,2026-03-19 18:03:06.023008
119,pro_length,308,8,2026-03-19 18:03:06.143930
119,pro_length,308,8,2026-03-19 18:03:06.359928
119,pro_length,308,8,2026-03-19 18:03:06.494286
119,pro_length,308,8,2026-03-19 18:03:06.598760
119,pro_length,308,188,2026-03-19 18:03:06.870430
119,pro_length,308,32,2026-03-19 18:03:07.016440
119,pro_length,308,87,2026-03-19 18:03:07.118324
119,pro_length,308,72,2026-03-19 18:03:07.199316
119,pro_length,308,73,2026-03-19 18:03:07.277590
119,pro_length,308,67,2026-03-19 18:03:07.421981
119,pro_length,308,72,2026-03-19 18:03:07.513141
119,pro_length,308,32,2026-03-19 18:03:07.581431
119,pro_length,308,73,2026-03-19 18:03:07.686961
119,pro_length,308,83,2026-03-19 18:03:07.782583
119,pro_length,308,32,2026-03-19 18:03:07.885996
119,pro_length,308,83,2026-03-19 18:03:07.990415
119,pro_length,308,72,2026-03-19 18:03:08.073977
119,pro_length,308,79,2026-03-19 18:03:08.157525
119,pro_length,308,82,2026-03-19 18:03:08.253558
119,pro_length,308,84,2026-03-19 18:03:08.429786
119,pro_length,308,69,2026-03-19 18:03:08.541920
119,pro_length,308,82,2026-03-19 18:03:08.649452
119,pro_length,308,32,2026-03-19 18:03:08.706526
119,pro_length,308,84,2026-03-19 18:03:08.838514
119,pro_length,308,72,2026-03-19 18:03:08.934123
119,pro_length,308,65,2026-03-19 18:03:09.021932
119,pro_length,308,78,2026-03-19 18:03:09.126870
119,pro_length,308,32,2026-03-19 18:03:09.213938
119,pro_length,308,84,2026-03-19 18:03:09.294581
119,pro_length,308,72,2026-03-19 18:03:09.390371
119,pro_length,308,69,2026-03-19 18:03:09.478443
119,pro_length,308,32,2026-03-19 18:03:09.581477
119,pro_length,308,76,2026-03-19 18:03:09.825431
119,pro_length,308,69,2026-03-19 18:03:09.908468
119,pro_length,308,78,2026-03-19 18:03:10.126457
119,pro_length,308,71,2026-03-19 18:03:10.209073
119,pro_length,308,84,2026-03-19 18:03:10.738863
119,pro_length,308,72,2026-03-19 18:03:10.830971
119,pro_length,308,32,2026-03-19 18:03:10.902802
119,pro_length,308,79,2026-03-19 18:03:11.078075
119,pro_length,308,70,2026-03-19 18:03:11.190807
119,pro_length,308,32,2026-03-19 18:03:11.342466
119,pro_length,308,65,2026-03-19 18:03:11.703046
119,pro_length,308,32,2026-03-19 18:03:11.837851
119,pro_length,308,80,2026-03-19 18:03:12.324891
119,pro_length,308,76,2026-03-19 18:03:12.525466
119,pro_length,308,65,2026-03-19 18:03:12.591020
119,pro_length,308,78,2026-03-19 18:03:12.839220
119,pro_length,308,69,2026-03-19 18:03:12.924803
119,pro_length,308,32,2026-03-19 18:03:13.040458
119,pro_length,308,82,2026-03-19 18:03:13.191131
119,pro_length,308,85,2026-03-19 18:03:13.316298
119,pro_length,308,78,2026-03-19 18:03:14.006103
119,pro_length,308,87,2026-03-19 18:03:14.133941
119,pro_length,308,65,2026-03-19 18:03:14.205695
119,pro_length,308,89,2026-03-19 18:03:14.335973
119,pro_length,308,188,2026-03-19 18:03:14.678906
119,pro_length,308,32,2026-03-19 18:03:14.776121
119,pro_length,308,87,2026-03-19 18:03:15.317863
119,pro_length,308,72,2026-03-19 18:03:15.428969
119,pro_length,308,73,2026-03-19 18:03:15.493131
119,pro_length,308,67,2026-03-19 18:03:15.597943
119,pro_length,308,72,2026-03-19 18:03:15.702001
119,pro_length,308,32,2026-03-19 18:03:15.789792
119,pro_length,308,73,2026-03-19 18:03:16.035866
119,pro_length,308,83,2026-03-19 18:03:16.079402
119,pro_length,308,32,2026-03-19 18:03:16.199403
119,pro_length,308,83,2026-03-19 18:03:16.271365
119,pro_length,308,72,2026-03-19 18:03:16.344189
119,pro_length,308,79,2026-03-19 18:03:16.421991
119,pro_length,308,82,2026-03-19 18:03:16.519309
119,pro_length,308,84,2026-03-19 18:03:16.725650
119,pro_length,308,69,2026-03-19 18:03:16.852829
119,pro_length,308,82,2026-03-19 18:03:16.975325
119,pro_length,308,32,2026-03-19 18:03:17.063682
119,pro_length,308,84,2026-03-19 18:03:17.214082
119,pro_length,308,72,2026-03-19 18:03:17.294820
119,pro_length,308,65,2026-03-19 18:03:17.359709
119,pro_length,308,78,2026-03-19 18:03:17.503276
119,pro_length,308,32,2026-03-19 18:03:17.584138
119,pro_length,308,84,2026-03-19 18:03:17.709784
119,pro_length,308,72,2026-03-19 18:03:17.759702
119,pro_length,308,69,2026-03-19 18:03:17.877028
119,pro_length,308,32,2026-03-19 18:03:17.988089
119,pro_length,308,76,2026-03-19 18:03:18.084117
119,pro_length,308,69,2026-03-19 18:03:18.175375
119,pro_length,308,78,2026-03-19 18:03:18.309309
119,pro_length,308,71,2026-03-19 18:03:18.438361
119,pro_length,308,84,2026-03-19 18:03:18.633320
119,pro_length,308,72,2026-03-19 18:03:18.735331
119,pro_length,308,32,2026-03-19 18:03:18.838285
119,pro_length,308,79,2026-03-19 18:03:19.039520
119,pro_length,308,70,2026-03-19 18:03:19.084052
119,pro_length,308,32,2026-03-19 18:03:19.159370
119,pro_length,308,84,2026-03-19 18:03:19.260934
119,pro_length,308,72,2026-03-19 18:03:19.301693
119,pro_length,308,69,2026-03-19 18:03:19.405747
119,pro_length,308,32,2026-03-19 18:03:19.505003
119,pro_length,308,65,2026-03-19 18:03:19.612900
119,pro_length,308,85,2026-03-19 18:03:19.788721
119,pro_length,308,84,2026-03-19 18:03:19.907902
119,pro_length,308,79,2026-03-19 18:03:20.101060
119,pro_length,308,66,2026-03-19 18:03:20.406926
119,pro_length,308,65,2026-03-19 18:03:20.512777
119,pro_length,308,72,2026-03-19 18:03:20.647077
119,pro_length,308,78,2026-03-19 18:03:20.878592
119,pro_length,308,188,2026-03-19 18:03:23.058771
119,pro_length,308,32,2026-03-19 18:03:23.181793
119,pro_length,308,87,2026-03-19 18:03:23.252762
119,pro_length,308,72,2026-03-19 18:03:23.309559
119,pro_length,308,73,2026-03-19 18:03:23.365556
119,pro_length,308,67,2026-03-19 18:03:23.542809
119,pro_length,308,72,2026-03-19 18:03:23.622305
119,pro_length,308,32,2026-03-19 18:03:23.708971
119,pro_length,308,73,2026-03-19 18:03:23.831983
119,pro_length,308,83,2026-03-19 18:03:23.894749
119,pro_length,308,32,2026-03-19 18:03:24.005471
119,pro_length,308,83,2026-03-19 18:03:24.073139
119,pro_length,308,72,2026-03-19 18:03:24.103042
119,pro_length,308,79,2026-03-19 18:03:24.205969
119,pro_length,308,82,2026-03-19 18:03:24.267333
119,pro_length,308,84,2026-03-19 18:03:24.439259
119,pro_length,308,69,2026-03-19 18:03:24.558527
119,pro_length,308,82,2026-03-19 18:03:24.645627
119,pro_length,308,32,2026-03-19 18:03:24.716181
119,pro_length,308,84,2026-03-19 18:03:24.861477
119,pro_length,308,72,2026-03-19 18:03:24.919076
119,pro_length,308,65,2026-03-19 18:03:25.040179
119,pro_length,308,78,2026-03-19 18:03:25.156549
119,pro_length,308,32,2026-03-19 18:03:25.246103
119,pro_length,308,84,2026-03-19 18:03:25.557095
119,pro_length,308,72,2026-03-19 18:03:25.656014
119,pro_length,308,69,2026-03-19 18:03:25.749061
119,pro_length,308,32,2026-03-19 18:03:25.874426
119,pro_length,308,68,2026-03-19 18:03:26.535474
119,pro_length,308,73,2026-03-19 18:03:26.688325
119,pro_length,308,83,2026-03-19 18:03:26.765990
119,pro_length,308,84,2026-03-19 18:03:26.845221
119,pro_length,308,65,2026-03-19 18:03:26.942370
119,pro_length,308,78,2026-03-19 18:03:27.063118
119,pro_length,308,67,2026-03-19 18:03:27.182775
119,pro_length,308,69,2026-03-19 18:03:27.254047
119,pro_length,308,32,2026-03-19 18:03:27.294764
119,pro_length,308,70,2026-03-19 18:03:27.422942
119,pro_length,308,82,2026-03-19 18:03:27.565775
119,pro_length,308,79,2026-03-19 18:03:27.717182
119,pro_length,308,77,2026-03-19 18:03:27.756098
119,pro_length,308,32,2026-03-19 18:03:27.798203
119,pro_length,308,69,2026-03-19 18:03:28.777019
119,pro_length,308,65,2026-03-19 18:03:28.861283
119,pro_length,308,82,2026-03-19 18:03:28.942066
119,pro_length,308,84,2026-03-19 18:03:29.127566
119,pro_length,308,72,2026-03-19 18:03:29.214801
119,pro_length,308,32,2026-03-19 18:03:29.285369
119,pro_length,308,84,2026-03-19 18:03:29.430674
119,pro_length,308,79,2026-03-19 18:03:29.542834
119,pro_length,308,32,2026-03-19 18:03:29.664684
119,pro_length,308,84,2026-03-19 18:03:29.703807
119,pro_length,308,72,2026-03-19 18:03:29.777613
119,pro_length,308,69,2026-03-19 18:03:29.855466
119,pro_length,308,32,2026-03-19 18:03:29.960232
119,pro_length,308,77,2026-03-19 18:03:30.039480
119,pro_length,308,79,2026-03-19 18:03:30.124794
119,pro_length,308,79,2026-03-19 18:03:30.324948
119,pro_length,308,78,2026-03-19 18:03:30.517674
119,pro_length,308,81,2026-03-19 18:03:31.312023
119,pro_length,308,81,2026-03-19 18:03:31.471287
119,pro_length,308,81,2026-03-19 18:03:32.460881
