203,it_palindrome,202,40,2025-09-30 18:55:23.586698
203,it_palindrome,202,40,2025-09-30 18:55:24.043533
203,it_palindrome,202,40,2025-09-30 18:55:24.449875
203,it_palindrome,202,40,2025-09-30 18:55:24.849127
203,it_palindrome,202,40,2025-09-30 18:55:25.425912
203,it_palindrome,202,40,2025-09-30 18:55:25.897587
203,it_palindrome,202,40,2025-09-30 18:55:26.298107
203,it_palindrome,202,40,2025-09-30 18:55:26.739836
203,it_palindrome,202,40,2025-09-30 18:55:27.090249
203,it_palindrome,202,40,2025-09-30 18:55:27.529707
203,it_palindrome,202,40,2025-09-30 18:55:28.257960
203,it_palindrome,202,38,2025-09-30 18:55:28.866697
203,it_palindrome,202,38,2025-09-30 18:55:29.449888
203,it_palindrome,202,39,2025-09-30 18:55:30.130926
203,it_palindrome,202,39,2025-09-30 18:55:30.465901
203,it_palindrome,202,39,2025-09-30 18:55:30.705973
203,it_palindrome,202,39,2025-09-30 18:55:30.994840
203,it_palindrome,202,39,2025-09-30 18:55:31.225836
203,it_palindrome,202,39,2025-09-30 18:55:31.563145
203,it_palindrome,202,39,2025-09-30 18:55:31.865795
203,it_palindrome,202,39,2025-09-30 18:55:32.946925
