121,pro_cost,301,65,2026-02-17 16:32:17.286924
121,pro_cost,301,68,2026-02-17 16:32:17.494118
121,pro_cost,301,70,2026-02-17 16:32:17.608717
121,pro_cost,301,65,2026-02-17 16:32:17.865439
121,pro_cost,301,68,2026-02-17 16:32:17.893809
121,pro_cost,301,70,2026-02-17 16:32:17.998749
121,pro_cost,301,8,2026-02-17 16:32:25.746040
121,pro_cost,301,8,2026-02-17 16:32:26.024970
121,pro_cost,301,8,2026-02-17 16:32:26.233879
121,pro_cost,301,8,2026-02-17 16:32:26.370647
121,pro_cost,301,8,2026-02-17 16:32:26.519476
121,pro_cost,301,8,2026-02-17 16:32:26.645463
121,pro_cost,301,8,2026-02-17 16:32:26.801964
121,pro_cost,301,8,2026-02-17 16:32:26.955109
121,pro_cost,301,17,2026-02-17 16:32:38.781191
121,pro_cost,301,187,2026-02-17 16:32:39.379234
121,pro_cost,301,187,2026-02-17 16:32:39.914312
121,pro_cost,301,17,2026-02-17 16:32:43.123470
121,pro_cost,301,17,2026-02-17 16:32:43.695430
121,pro_cost,301,17,2026-02-17 16:32:43.717540
121,pro_cost,301,17,2026-02-17 16:32:43.755828
121,pro_cost,301,17,2026-02-17 16:32:43.785218
121,pro_cost,301,187,2026-02-17 16:32:43.806044
121,pro_cost,301,65,2026-02-17 16:32:54.274914
121,pro_cost,301,70,2026-02-17 16:32:54.939043
121,pro_cost,301,8,2026-02-17 16:32:55.723189
121,pro_cost,301,73,2026-02-17 16:33:01.613474
121,pro_cost,301,83,2026-02-17 16:33:01.812116
121,pro_cost,301,32,2026-02-17 16:33:01.975187
121,pro_cost,301,67,2026-02-17 16:33:02.192384
121,pro_cost,301,72,2026-02-17 16:33:02.356201
121,pro_cost,301,69,2026-02-17 16:33:02.531688
121,pro_cost,301,65,2026-02-17 16:33:02.609901
121,pro_cost,301,80,2026-02-17 16:33:02.739420
121,pro_cost,301,69,2026-02-17 16:33:02.868417
121,pro_cost,301,82,2026-02-17 16:33:02.944996
121,pro_cost,301,32,2026-02-17 16:33:03.078966
121,pro_cost,301,84,2026-02-17 16:33:03.193531
121,pro_cost,301,72,2026-02-17 16:33:03.333584
121,pro_cost,301,65,2026-02-17 16:33:03.432256
121,pro_cost,301,78,2026-02-17 16:33:03.592219
121,pro_cost,301,32,2026-02-17 16:33:03.793454
121,pro_cost,301,65,2026-02-17 16:33:08.089255
121,pro_cost,301,32,2026-02-17 16:33:08.712203
121,pro_cost,301,66,2026-02-17 16:33:11.678734
121,pro_cost,301,79,2026-02-17 16:33:11.855788
121,pro_cost,301,79,2026-02-17 16:33:12.001188
121,pro_cost,301,75,2026-02-17 16:33:12.121419
121,pro_cost,301,13,2026-02-17 16:33:13.362368
121,pro_cost,301,73,2026-02-17 16:33:14.241793
121,pro_cost,301,83,2026-02-17 16:33:14.467431
121,pro_cost,301,8,2026-02-17 16:33:15.143471
121,pro_cost,301,8,2026-02-17 16:33:15.351615
121,pro_cost,301,8,2026-02-17 16:33:16.041198
121,pro_cost,301,8,2026-02-17 16:33:18.805832
121,pro_cost,301,8,2026-02-17 16:33:19.308123
121,pro_cost,301,8,2026-02-17 16:33:19.349576
121,pro_cost,301,8,2026-02-17 16:33:19.372740
121,pro_cost,301,8,2026-02-17 16:33:19.410116
121,pro_cost,301,8,2026-02-17 16:33:19.441700
121,pro_cost,301,8,2026-02-17 16:33:19.467097
121,pro_cost,301,8,2026-02-17 16:33:19.492353
121,pro_cost,301,8,2026-02-17 16:33:19.542561
121,pro_cost,301,8,2026-02-17 16:33:19.577786
121,pro_cost,301,8,2026-02-17 16:33:19.606099
121,pro_cost,301,8,2026-02-17 16:33:19.642958
121,pro_cost,301,8,2026-02-17 16:33:19.676067
121,pro_cost,301,8,2026-02-17 16:33:19.699818
121,pro_cost,301,8,2026-02-17 16:33:19.738012
121,pro_cost,301,8,2026-02-17 16:33:19.764465
121,pro_cost,301,8,2026-02-17 16:33:19.800780
121,pro_cost,301,8,2026-02-17 16:33:19.846480
121,pro_cost,301,8,2026-02-17 16:33:19.873882
121,pro_cost,301,8,2026-02-17 16:33:19.905857
121,pro_cost,301,8,2026-02-17 16:33:19.938575
121,pro_cost,301,8,2026-02-17 16:33:19.963007
121,pro_cost,301,8,2026-02-17 16:33:20.000269
121,pro_cost,301,8,2026-02-17 16:33:20.023790
121,pro_cost,301,8,2026-02-17 16:33:20.064611
121,pro_cost,301,73,2026-02-17 16:34:19.326515
121,pro_cost,301,83,2026-02-17 16:34:19.474072
121,pro_cost,301,32,2026-02-17 16:34:19.603087
121,pro_cost,301,67,2026-02-17 16:34:19.770269
121,pro_cost,301,72,2026-02-17 16:34:19.861297
121,pro_cost,301,69,2026-02-17 16:34:20.074626
121,pro_cost,301,65,2026-02-17 16:34:20.181183
121,pro_cost,301,80,2026-02-17 16:34:20.395640
121,pro_cost,301,69,2026-02-17 16:34:20.522830
121,pro_cost,301,82,2026-02-17 16:34:20.571180
121,pro_cost,301,32,2026-02-17 16:34:20.729991
121,pro_cost,301,84,2026-02-17 16:34:20.819360
121,pro_cost,301,72,2026-02-17 16:34:20.970015
121,pro_cost,301,65,2026-02-17 16:34:21.058062
121,pro_cost,301,78,2026-02-17 16:34:21.210410
121,pro_cost,301,32,2026-02-17 16:34:21.332422
121,pro_cost,301,65,2026-02-17 16:34:21.938630
121,pro_cost,301,32,2026-02-17 16:34:22.256814
121,pro_cost,301,66,2026-02-17 16:34:22.859813
121,pro_cost,301,79,2026-02-17 16:34:23.082761
121,pro_cost,301,79,2026-02-17 16:34:23.355248
121,pro_cost,301,75,2026-02-17 16:34:23.652093
121,pro_cost,301,13,2026-02-17 16:34:24.187506
121,pro_cost,301,73,2026-02-17 16:34:24.923217
121,pro_cost,301,83,2026-02-17 16:34:25.019341
121,pro_cost,301,32,2026-02-17 16:34:25.182771
121,pro_cost,301,67,2026-02-17 16:34:25.306070
121,pro_cost,301,72,2026-02-17 16:34:25.398055
121,pro_cost,301,69,2026-02-17 16:34:25.538306
121,pro_cost,301,65,2026-02-17 16:34:25.658944
121,pro_cost,301,80,2026-02-17 16:34:25.770366
121,pro_cost,301,69,2026-02-17 16:34:25.914303
121,pro_cost,301,82,2026-02-17 16:34:25.970443
121,pro_cost,301,32,2026-02-17 16:34:26.147150
121,pro_cost,301,84,2026-02-17 16:34:26.229044
121,pro_cost,301,72,2026-02-17 16:34:26.411829
121,pro_cost,301,65,2026-02-17 16:34:26.569878
121,pro_cost,301,78,2026-02-17 16:34:26.725097
121,pro_cost,301,32,2026-02-17 16:34:26.923270
121,pro_cost,301,65,2026-02-17 16:34:27.355376
121,pro_cost,301,32,2026-02-17 16:34:27.538954
121,pro_cost,301,84,2026-02-17 16:34:29.725732
121,pro_cost,301,65,2026-02-17 16:34:30.090175
121,pro_cost,301,66,2026-02-17 16:34:30.419651
121,pro_cost,301,76,2026-02-17 16:34:30.715457
121,pro_cost,301,69,2026-02-17 16:34:30.954014
121,pro_cost,301,13,2026-02-17 16:34:31.621212
121,pro_cost,301,73,2026-02-17 16:34:32.340467
121,pro_cost,301,83,2026-02-17 16:34:32.444442
121,pro_cost,301,32,2026-02-17 16:34:32.611877
121,pro_cost,301,67,2026-02-17 16:34:32.714744
121,pro_cost,301,72,2026-02-17 16:34:32.826395
121,pro_cost,301,69,2026-02-17 16:34:32.955828
121,pro_cost,301,80,2026-02-17 16:34:33.179582
121,pro_cost,301,8,2026-02-17 16:34:33.770044
121,pro_cost,301,65,2026-02-17 16:34:34.131358
121,pro_cost,301,80,2026-02-17 16:34:34.347794
121,pro_cost,301,69,2026-02-17 16:34:34.523983
121,pro_cost,301,82,2026-02-17 16:34:34.555307
121,pro_cost,301,32,2026-02-17 16:34:34.698677
121,pro_cost,301,84,2026-02-17 16:34:34.787371
121,pro_cost,301,72,2026-02-17 16:34:34.920007
121,pro_cost,301,65,2026-02-17 16:34:35.020307
121,pro_cost,301,78,2026-02-17 16:34:35.130124
121,pro_cost,301,32,2026-02-17 16:34:35.282440
121,pro_cost,301,65,2026-02-17 16:34:35.482709
121,pro_cost,301,32,2026-02-17 16:34:35.707534
121,pro_cost,301,75,2026-02-17 16:34:44.495557
121,pro_cost,301,73,2026-02-17 16:34:44.716643
121,pro_cost,301,84,2026-02-17 16:34:44.858495
121,pro_cost,301,67,2026-02-17 16:34:45.067085
121,pro_cost,301,72,2026-02-17 16:34:45.164725
121,pro_cost,301,69,2026-02-17 16:34:45.284116
121,pro_cost,301,78,2026-02-17 16:34:45.379519
121,pro_cost,301,32,2026-02-17 16:34:45.582582
121,pro_cost,301,82,2026-02-17 16:34:45.899913
121,pro_cost,301,69,2026-02-17 16:34:46.011746
121,pro_cost,301,78,2026-02-17 16:34:46.162027
121,pro_cost,301,79,2026-02-17 16:34:46.258699
121,pro_cost,301,86,2026-02-17 16:34:46.362895
121,pro_cost,301,65,2026-02-17 16:34:46.522951
121,pro_cost,301,84,2026-02-17 16:34:46.619788
121,pro_cost,301,73,2026-02-17 16:34:46.789487
121,pro_cost,301,79,2026-02-17 16:34:46.804138
121,pro_cost,301,78,2026-02-17 16:34:46.914972
121,pro_cost,301,13,2026-02-17 16:34:47.394837
121,pro_cost,301,73,2026-02-17 16:34:48.066501
121,pro_cost,301,83,2026-02-17 16:34:48.174407
121,pro_cost,301,32,2026-02-17 16:34:48.282896
121,pro_cost,301,67,2026-02-17 16:34:48.379886
121,pro_cost,301,72,2026-02-17 16:34:48.467680
121,pro_cost,301,69,2026-02-17 16:34:48.635576
121,pro_cost,301,65,2026-02-17 16:34:48.757213
121,pro_cost,301,80,2026-02-17 16:34:48.899149
121,pro_cost,301,69,2026-02-17 16:34:49.020146
121,pro_cost,301,82,2026-02-17 16:34:49.052254
121,pro_cost,301,32,2026-02-17 16:34:49.235568
121,pro_cost,301,84,2026-02-17 16:34:49.331185
121,pro_cost,301,72,2026-02-17 16:34:49.491539
121,pro_cost,301,65,2026-02-17 16:34:49.659669
121,pro_cost,301,78,2026-02-17 16:34:49.762566
121,pro_cost,301,32,2026-02-17 16:34:49.898060
121,pro_cost,301,65,2026-02-17 16:34:50.044118
121,pro_cost,301,32,2026-02-17 16:34:50.180050
121,pro_cost,301,67,2026-02-17 16:34:50.307972
121,pro_cost,301,65,2026-02-17 16:34:50.492711
121,pro_cost,301,82,2026-02-17 16:34:50.988049
121,pro_cost,301,13,2026-02-17 16:34:51.340942
121,pro_cost,301,73,2026-02-17 16:34:52.020199
121,pro_cost,301,83,2026-02-17 16:34:52.108780
121,pro_cost,301,32,2026-02-17 16:34:52.244240
121,pro_cost,301,67,2026-02-17 16:34:52.357792
121,pro_cost,301,72,2026-02-17 16:34:52.466730
121,pro_cost,301,69,2026-02-17 16:34:52.596020
121,pro_cost,301,65,2026-02-17 16:34:52.715191
121,pro_cost,301,80,2026-02-17 16:34:52.876056
121,pro_cost,301,69,2026-02-17 16:34:53.059505
121,pro_cost,301,82,2026-02-17 16:34:53.113739
121,pro_cost,301,32,2026-02-17 16:34:53.323818
121,pro_cost,301,84,2026-02-17 16:34:53.355807
121,pro_cost,301,72,2026-02-17 16:34:53.538940
121,pro_cost,301,65,2026-02-17 16:34:53.653538
121,pro_cost,301,78,2026-02-17 16:34:53.772059
121,pro_cost,301,32,2026-02-17 16:34:54.170786
121,pro_cost,301,65,2026-02-17 16:34:54.996844
121,pro_cost,301,32,2026-02-17 16:34:55.284482
121,pro_cost,301,84,2026-02-17 16:34:56.396869
121,pro_cost,301,82,2026-02-17 16:34:56.547661
121,pro_cost,301,85,2026-02-17 16:34:56.708782
121,pro_cost,301,67,2026-02-17 16:34:56.835015
121,pro_cost,301,75,2026-02-17 16:34:56.948392
121,pro_cost,301,13,2026-02-17 16:34:57.316129
121,pro_cost,301,73,2026-02-17 16:34:57.933234
121,pro_cost,301,83,2026-02-17 16:34:58.035961
121,pro_cost,301,32,2026-02-17 16:34:58.164201
121,pro_cost,301,67,2026-02-17 16:34:58.284148
121,pro_cost,301,72,2026-02-17 16:34:58.381004
121,pro_cost,301,69,2026-02-17 16:34:58.622267
121,pro_cost,301,65,2026-02-17 16:34:58.788233
121,pro_cost,301,80,2026-02-17 16:34:58.994852
121,pro_cost,301,69,2026-02-17 16:34:59.083944
121,pro_cost,301,82,2026-02-17 16:34:59.140125
121,pro_cost,301,32,2026-02-17 16:34:59.291920
121,pro_cost,301,84,2026-02-17 16:34:59.380947
121,pro_cost,301,72,2026-02-17 16:34:59.532468
121,pro_cost,301,65,2026-02-17 16:34:59.628064
121,pro_cost,301,78,2026-02-17 16:34:59.780167
121,pro_cost,301,32,2026-02-17 16:34:59.907134
121,pro_cost,301,65,2026-02-17 16:35:00.065707
121,pro_cost,301,32,2026-02-17 16:35:00.235760
121,pro_cost,301,72,2026-02-17 16:35:00.909190
121,pro_cost,301,79,2026-02-17 16:35:01.026425
121,pro_cost,301,85,2026-02-17 16:35:01.119792
121,pro_cost,301,83,2026-02-17 16:35:01.187527
121,pro_cost,301,69,2026-02-17 16:35:01.308229
121,pro_cost,301,13,2026-02-17 16:35:01.925036
121,pro_cost,301,73,2026-02-17 16:35:02.524109
121,pro_cost,301,83,2026-02-17 16:35:02.676041
121,pro_cost,301,32,2026-02-17 16:35:02.805483
121,pro_cost,301,67,2026-02-17 16:35:02.950075
121,pro_cost,301,72,2026-02-17 16:35:03.010375
121,pro_cost,301,69,2026-02-17 16:35:03.171425
121,pro_cost,301,65,2026-02-17 16:35:03.284682
121,pro_cost,301,80,2026-02-17 16:35:03.361591
121,pro_cost,301,69,2026-02-17 16:35:03.508384
121,pro_cost,301,82,2026-02-17 16:35:03.563948
121,pro_cost,301,32,2026-02-17 16:35:03.725552
121,pro_cost,301,84,2026-02-17 16:35:03.789432
121,pro_cost,301,72,2026-02-17 16:35:03.949133
121,pro_cost,301,65,2026-02-17 16:35:04.129571
121,pro_cost,301,78,2026-02-17 16:35:04.227373
121,pro_cost,301,32,2026-02-17 16:35:04.411979
121,pro_cost,301,65,2026-02-17 16:35:04.684764
121,pro_cost,301,32,2026-02-17 16:35:04.900974
121,pro_cost,301,77,2026-02-17 16:35:05.291266
121,pro_cost,301,65,2026-02-17 16:35:05.493156
121,pro_cost,301,78,2026-02-17 16:35:05.744726
121,pro_cost,301,83,2026-02-17 16:35:06.623774
121,pro_cost,301,73,2026-02-17 16:35:07.220250
121,pro_cost,301,79,2026-02-17 16:35:07.337508
121,pro_cost,301,78,2026-02-17 16:35:07.415425
121,pro_cost,301,8,2026-02-17 16:35:08.291136
121,pro_cost,301,8,2026-02-17 16:35:08.731611
121,pro_cost,301,8,2026-02-17 16:35:09.059851
121,pro_cost,301,8,2026-02-17 16:35:09.223889
121,pro_cost,301,8,2026-02-17 16:35:09.383272
121,pro_cost,301,8,2026-02-17 16:35:09.538567
121,pro_cost,301,8,2026-02-17 16:35:09.679245
121,pro_cost,301,8,2026-02-17 16:35:13.566740
121,pro_cost,301,8,2026-02-17 16:35:14.076760
121,pro_cost,301,8,2026-02-17 16:35:14.097849
121,pro_cost,301,8,2026-02-17 16:35:14.128337
121,pro_cost,301,8,2026-02-17 16:35:14.160604
121,pro_cost,301,8,2026-02-17 16:35:14.189559
121,pro_cost,301,8,2026-02-17 16:35:14.235873
121,pro_cost,301,8,2026-02-17 16:35:14.266440
121,pro_cost,301,8,2026-02-17 16:35:14.298394
121,pro_cost,301,8,2026-02-17 16:35:14.336458
121,pro_cost,301,8,2026-02-17 16:35:14.358274
121,pro_cost,301,8,2026-02-17 16:35:14.391647
121,pro_cost,301,8,2026-02-17 16:35:14.422608
121,pro_cost,301,8,2026-02-17 16:35:14.454347
121,pro_cost,301,8,2026-02-17 16:35:14.499628
121,pro_cost,301,8,2026-02-17 16:35:14.535472
121,pro_cost,301,8,2026-02-17 16:35:14.564581
121,pro_cost,301,8,2026-02-17 16:35:14.602797
121,pro_cost,301,8,2026-02-17 16:35:14.626955
121,pro_cost,301,8,2026-02-17 16:35:14.657790
121,pro_cost,301,8,2026-02-17 16:35:14.860477
121,pro_cost,301,8,2026-02-17 16:35:15.079201
121,pro_cost,301,8,2026-02-17 16:35:15.220683
121,pro_cost,301,8,2026-02-17 16:35:15.364175
121,pro_cost,301,8,2026-02-17 16:35:16.004912
121,pro_cost,301,78,2026-02-17 16:35:16.301548
121,pro_cost,301,32,2026-02-17 16:35:16.539507
121,pro_cost,301,65,2026-02-17 16:35:17.060131
121,pro_cost,301,80,2026-02-17 16:35:17.220496
121,pro_cost,301,65,2026-02-17 16:35:17.342474
121,pro_cost,301,82,2026-02-17 16:35:17.435696
121,pro_cost,301,84,2026-02-17 16:35:18.164629
121,pro_cost,301,77,2026-02-17 16:35:18.340877
121,pro_cost,301,69,2026-02-17 16:35:18.476070
121,pro_cost,301,78,2026-02-17 16:35:18.595768
121,pro_cost,301,84,2026-02-17 16:35:18.686743
121,pro_cost,301,13,2026-02-17 16:35:18.972615
121,pro_cost,301,73,2026-02-17 16:35:19.534290
121,pro_cost,301,83,2026-02-17 16:35:19.620620
121,pro_cost,301,32,2026-02-17 16:35:19.761532
121,pro_cost,301,67,2026-02-17 16:35:19.884035
121,pro_cost,301,72,2026-02-17 16:35:20.005539
121,pro_cost,301,69,2026-02-17 16:35:20.149256
121,pro_cost,301,65,2026-02-17 16:35:20.276822
121,pro_cost,301,80,2026-02-17 16:35:20.396901
121,pro_cost,301,69,2026-02-17 16:35:20.521674
121,pro_cost,301,82,2026-02-17 16:35:20.573749
121,pro_cost,301,32,2026-02-17 16:35:20.725024
121,pro_cost,301,84,2026-02-17 16:35:20.789048
121,pro_cost,301,72,2026-02-17 16:35:20.972102
121,pro_cost,301,65,2026-02-17 16:35:21.091980
121,pro_cost,301,78,2026-02-17 16:35:21.211788
121,pro_cost,301,32,2026-02-17 16:35:21.363644
121,pro_cost,301,65,2026-02-17 16:35:21.542340
121,pro_cost,301,32,2026-02-17 16:35:21.767217
121,pro_cost,301,72,2026-02-17 16:35:22.733756
121,pro_cost,301,79,2026-02-17 16:35:22.876550
121,pro_cost,301,85,2026-02-17 16:35:22.948021
121,pro_cost,301,83,2026-02-17 16:35:23.035770
121,pro_cost,301,69,2026-02-17 16:35:23.131768
121,pro_cost,301,13,2026-02-17 16:35:23.364163
121,pro_cost,301,73,2026-02-17 16:35:23.887607
121,pro_cost,301,83,2026-02-17 16:35:23.996742
121,pro_cost,301,32,2026-02-17 16:35:24.116799
121,pro_cost,301,67,2026-02-17 16:35:24.219785
121,pro_cost,301,72,2026-02-17 16:35:24.308114
121,pro_cost,301,65,2026-02-17 16:35:24.495870
121,pro_cost,301,8,2026-02-17 16:35:24.844669
121,pro_cost,301,69,2026-02-17 16:35:25.045457
121,pro_cost,301,65,2026-02-17 16:35:25.148896
121,pro_cost,301,80,2026-02-17 16:35:25.263798
121,pro_cost,301,69,2026-02-17 16:35:25.389414
121,pro_cost,301,82,2026-02-17 16:35:25.444364
121,pro_cost,301,32,2026-02-17 16:35:25.590870
121,pro_cost,301,84,2026-02-17 16:35:25.653288
121,pro_cost,301,72,2026-02-17 16:35:25.788902
121,pro_cost,301,65,2026-02-17 16:35:25.899510
121,pro_cost,301,78,2026-02-17 16:35:25.998254
121,pro_cost,301,32,2026-02-17 16:35:26.143829
121,pro_cost,301,65,2026-02-17 16:35:26.278616
121,pro_cost,301,32,2026-02-17 16:35:26.404072
121,pro_cost,301,77,2026-02-17 16:35:26.531451
121,pro_cost,301,65,2026-02-17 16:35:26.651990
121,pro_cost,301,78,2026-02-17 16:35:26.835737
121,pro_cost,301,83,2026-02-17 16:35:26.982257
121,pro_cost,301,73,2026-02-17 16:35:27.121951
121,pro_cost,301,79,2026-02-17 16:35:27.198180
121,pro_cost,301,78,2026-02-17 16:35:27.268086
121,pro_cost,301,81,2026-02-17 16:35:36.410617
121,pro_cost,301,81,2026-02-17 16:35:36.900955
121,pro_cost,301,81,2026-02-17 16:35:38.011184
