121,lis_vehicles,402,67,2026-02-17 17:08:59.220343
121,lis_vehicles,402,65,2026-02-17 17:08:59.583218
121,lis_vehicles,402,82,2026-02-17 17:08:59.692236
121,lis_vehicles,402,13,2026-02-17 17:09:00.589718
121,lis_vehicles,402,84,2026-02-17 17:09:01.509144
121,lis_vehicles,402,82,2026-02-17 17:09:01.709916
121,lis_vehicles,402,85,2026-02-17 17:09:01.906522
121,lis_vehicles,402,67,2026-02-17 17:09:02.084494
121,lis_vehicles,402,75,2026-02-17 17:09:02.237096
121,lis_vehicles,402,13,2026-02-17 17:09:03.670670
121,lis_vehicles,402,71,2026-02-17 17:09:06.054532
121,lis_vehicles,402,79,2026-02-17 17:09:06.496034
121,lis_vehicles,402,76,2026-02-17 17:09:06.742459
121,lis_vehicles,402,68,2026-02-17 17:09:06.924699
121,lis_vehicles,402,8,2026-02-17 17:09:07.420607
121,lis_vehicles,402,70,2026-02-17 17:09:07.566195
121,lis_vehicles,402,32,2026-02-17 17:09:07.742144
121,lis_vehicles,402,67,2026-02-17 17:09:07.891176
121,lis_vehicles,402,65,2026-02-17 17:09:08.085289
121,lis_vehicles,402,82,2026-02-17 17:09:08.157096
121,lis_vehicles,402,84,2026-02-17 17:09:08.365104
121,lis_vehicles,402,13,2026-02-17 17:09:08.862535
121,lis_vehicles,402,66,2026-02-17 17:09:10.358621
121,lis_vehicles,402,85,2026-02-17 17:09:10.550427
121,lis_vehicles,402,71,2026-02-17 17:09:11.014569
121,lis_vehicles,402,8,2026-02-17 17:09:11.471051
121,lis_vehicles,402,8,2026-02-17 17:09:11.637194
121,lis_vehicles,402,8,2026-02-17 17:09:11.789309
121,lis_vehicles,402,68,2026-02-17 17:09:11.933063
121,lis_vehicles,402,85,2026-02-17 17:09:12.124791
121,lis_vehicles,402,78,2026-02-17 17:09:12.511026
121,lis_vehicles,402,69,2026-02-17 17:09:12.670778
121,lis_vehicles,402,32,2026-02-17 17:09:12.783775
121,lis_vehicles,402,66,2026-02-17 17:09:12.948741
121,lis_vehicles,402,85,2026-02-17 17:09:13.118766
121,lis_vehicles,402,71,2026-02-17 17:09:13.438394
121,lis_vehicles,402,71,2026-02-17 17:09:13.614374
121,lis_vehicles,402,89,2026-02-17 17:09:13.718363
121,lis_vehicles,402,13,2026-02-17 17:09:14.094321
121,lis_vehicles,402,66,2026-02-17 17:09:18.840891
121,lis_vehicles,402,85,2026-02-17 17:09:19.012827
121,lis_vehicles,402,83,2026-02-17 17:09:19.156963
121,lis_vehicles,402,13,2026-02-17 17:09:19.455532
121,lis_vehicles,402,80,2026-02-17 17:09:30.610430
121,lis_vehicles,402,76,2026-02-17 17:09:30.860942
121,lis_vehicles,402,8,2026-02-17 17:09:31.533787
121,lis_vehicles,402,8,2026-02-17 17:09:31.735568
121,lis_vehicles,402,84,2026-02-17 17:09:35.242072
121,lis_vehicles,402,82,2026-02-17 17:09:35.422058
121,lis_vehicles,402,65,2026-02-17 17:09:35.543492
121,lis_vehicles,402,73,2026-02-17 17:09:35.637048
121,lis_vehicles,402,78,2026-02-17 17:09:35.710108
121,lis_vehicles,402,13,2026-02-17 17:09:36.119093
121,lis_vehicles,402,83,2026-02-17 17:09:41.673300
121,lis_vehicles,402,85,2026-02-17 17:09:41.933463
121,lis_vehicles,402,66,2026-02-17 17:09:42.038125
121,lis_vehicles,402,87,2026-02-17 17:09:42.326043
121,lis_vehicles,402,65,2026-02-17 17:09:42.430373
121,lis_vehicles,402,89,2026-02-17 17:09:42.598793
121,lis_vehicles,402,13,2026-02-17 17:09:42.967489
121,lis_vehicles,402,67,2026-02-17 17:09:46.314063
121,lis_vehicles,402,65,2026-02-17 17:09:46.575373
121,lis_vehicles,402,82,2026-02-17 17:09:46.653431
121,lis_vehicles,402,84,2026-02-17 17:09:46.936006
121,lis_vehicles,402,13,2026-02-17 17:09:47.681462
121,lis_vehicles,402,67,2026-02-17 17:09:48.351468
121,lis_vehicles,402,65,2026-02-17 17:09:48.527039
121,lis_vehicles,402,82,2026-02-17 17:09:48.630961
121,lis_vehicles,402,82,2026-02-17 17:09:48.792105
121,lis_vehicles,402,73,2026-02-17 17:09:48.965702
121,lis_vehicles,402,65,2026-02-17 17:09:49.053504
121,lis_vehicles,402,71,2026-02-17 17:09:49.204514
121,lis_vehicles,402,69,2026-02-17 17:09:49.374985
121,lis_vehicles,402,13,2026-02-17 17:09:49.703367
121,lis_vehicles,402,38,2026-02-17 17:09:50.832107
121,lis_vehicles,402,38,2026-02-17 17:09:51.333630
121,lis_vehicles,402,38,2026-02-17 17:09:51.362587
121,lis_vehicles,402,38,2026-02-17 17:09:51.410582
121,lis_vehicles,402,38,2026-02-17 17:09:51.440217
121,lis_vehicles,402,38,2026-02-17 17:09:51.472211
121,lis_vehicles,402,38,2026-02-17 17:09:51.503217
121,lis_vehicles,402,38,2026-02-17 17:09:51.534186
121,lis_vehicles,402,38,2026-02-17 17:09:51.575402
121,lis_vehicles,402,38,2026-02-17 17:09:51.595610
121,lis_vehicles,402,38,2026-02-17 17:09:51.627909
121,lis_vehicles,402,38,2026-02-17 17:09:51.675930
121,lis_vehicles,402,38,2026-02-17 17:09:51.706076
121,lis_vehicles,402,38,2026-02-17 17:09:51.736874
121,lis_vehicles,402,38,2026-02-17 17:09:51.767588
121,lis_vehicles,402,40,2026-02-17 17:09:52.224006
121,lis_vehicles,402,40,2026-02-17 17:09:52.574859
121,lis_vehicles,402,40,2026-02-17 17:09:53.047095
121,lis_vehicles,402,40,2026-02-17 17:09:53.431885
121,lis_vehicles,402,40,2026-02-17 17:09:53.951632
121,lis_vehicles,402,40,2026-02-17 17:09:54.448315
121,lis_vehicles,402,40,2026-02-17 17:09:54.984459
121,lis_vehicles,402,40,2026-02-17 17:09:55.472565
121,lis_vehicles,402,40,2026-02-17 17:09:55.952161
121,lis_vehicles,402,66,2026-02-17 17:10:01.866102
121,lis_vehicles,402,73,2026-02-17 17:10:02.006989
121,lis_vehicles,402,75,2026-02-17 17:10:02.198527
121,lis_vehicles,402,69,2026-02-17 17:10:02.325282
121,lis_vehicles,402,81,2026-02-17 17:10:04.697275
121,lis_vehicles,402,81,2026-02-17 17:10:04.943248
121,lis_vehicles,402,81,2026-02-17 17:10:06.011899
