127,rec_fibonacci,100,8,2026-01-19 13:55:06.286602
127,rec_fibonacci,100,40,2026-01-19 13:55:11.660152
127,rec_fibonacci,100,40,2026-01-19 13:55:12.250366
127,rec_fibonacci,100,40,2026-01-19 13:55:12.754455
127,rec_fibonacci,100,40,2026-01-19 13:55:13.340234
127,rec_fibonacci,100,40,2026-01-19 13:55:13.762374
127,rec_fibonacci,100,40,2026-01-19 13:55:14.268574
127,rec_fibonacci,100,40,2026-01-19 13:55:14.714307
127,rec_fibonacci,100,40,2026-01-19 13:55:15.178937
127,rec_fibonacci,100,9,2026-01-19 13:55:15.436069
127,rec_fibonacci,100,73,2026-01-19 13:55:17.268110
127,rec_fibonacci,100,70,2026-01-19 13:55:17.498222
127,rec_fibonacci,100,32,2026-01-19 13:55:17.698256
127,rec_fibonacci,100,78,2026-01-19 13:55:17.866420
127,rec_fibonacci,100,187,2026-01-19 13:55:19.459315
127,rec_fibonacci,100,187,2026-01-19 13:55:19.858186
127,rec_fibonacci,100,8,2026-01-19 13:55:23.117656
127,rec_fibonacci,100,8,2026-01-19 13:55:29.128047
127,rec_fibonacci,100,16,2026-01-19 13:55:29.506611
127,rec_fibonacci,100,188,2026-01-19 13:55:29.858673
127,rec_fibonacci,100,8,2026-01-19 13:55:31.038608
127,rec_fibonacci,100,16,2026-01-19 13:55:31.883655
127,rec_fibonacci,100,188,2026-01-19 13:55:32.011742
127,rec_fibonacci,100,187,2026-01-19 13:55:32.380783
127,rec_fibonacci,100,50,2026-01-19 13:55:33.245861
127,rec_fibonacci,100,16,2026-01-19 13:55:33.994926
127,rec_fibonacci,100,186,2026-01-19 13:55:34.219726
127,rec_fibonacci,100,13,2026-01-19 13:55:34.494264
127,rec_fibonacci,100,82,2026-01-19 13:55:34.915736
127,rec_fibonacci,100,69,2026-01-19 13:55:34.995156
127,rec_fibonacci,100,84,2026-01-19 13:55:35.172160
127,rec_fibonacci,100,85,2026-01-19 13:55:35.604789
127,rec_fibonacci,100,82,2026-01-19 13:55:35.803119
127,rec_fibonacci,100,78,2026-01-19 13:55:35.908191
127,rec_fibonacci,100,32,2026-01-19 13:55:36.011890
127,rec_fibonacci,100,78,2026-01-19 13:55:36.195245
127,rec_fibonacci,100,40,2026-01-19 13:55:37.989592
127,rec_fibonacci,100,40,2026-01-19 13:55:38.292588
127,rec_fibonacci,100,40,2026-01-19 13:55:38.572029
127,rec_fibonacci,100,9,2026-01-19 13:55:39.367450
127,rec_fibonacci,100,82,2026-01-19 13:55:44.774139
127,rec_fibonacci,100,69,2026-01-19 13:55:45.141021
127,rec_fibonacci,100,84,2026-01-19 13:55:45.435765
127,rec_fibonacci,100,85,2026-01-19 13:55:45.676211
127,rec_fibonacci,100,82,2026-01-19 13:55:45.947451
127,rec_fibonacci,100,78,2026-01-19 13:55:46.637177
127,rec_fibonacci,100,32,2026-01-19 13:55:46.819335
127,rec_fibonacci,100,70,2026-01-19 13:55:47.026849
127,rec_fibonacci,100,73,2026-01-19 13:55:47.323380
127,rec_fibonacci,100,66,2026-01-19 13:55:47.860225
127,rec_fibonacci,100,79,2026-01-19 13:55:48.108007
127,rec_fibonacci,100,78,2026-01-19 13:55:48.948400
127,rec_fibonacci,100,65,2026-01-19 13:55:51.548800
127,rec_fibonacci,100,67,2026-01-19 13:55:51.844583
127,rec_fibonacci,100,67,2026-01-19 13:55:52.044405
127,rec_fibonacci,100,73,2026-01-19 13:55:52.172779
127,rec_fibonacci,100,16,2026-01-19 13:55:52.515828
127,rec_fibonacci,100,16,2026-01-19 13:55:53.015366
127,rec_fibonacci,100,16,2026-01-19 13:55:53.063398
127,rec_fibonacci,100,16,2026-01-19 13:55:53.092396
127,rec_fibonacci,100,16,2026-01-19 13:55:53.124424
127,rec_fibonacci,100,16,2026-01-19 13:55:53.155422
127,rec_fibonacci,100,16,2026-01-19 13:55:53.186538
127,rec_fibonacci,100,57,2026-01-19 13:55:53.203357
127,rec_fibonacci,100,78,2026-01-19 13:55:54.541448
127,rec_fibonacci,100,189,2026-01-19 13:55:55.316950
127,rec_fibonacci,100,49,2026-01-19 13:55:55.555898
127,rec_fibonacci,100,16,2026-01-19 13:55:55.859327
127,rec_fibonacci,100,48,2026-01-19 13:55:56.108431
127,rec_fibonacci,100,32,2026-01-19 13:55:56.428552
127,rec_fibonacci,100,187,2026-01-19 13:55:56.579659
127,rec_fibonacci,100,32,2026-01-19 13:55:56.747577
127,rec_fibonacci,100,70,2026-01-19 13:55:57.355656
127,rec_fibonacci,100,73,2026-01-19 13:55:57.563722
127,rec_fibonacci,100,66,2026-01-19 13:55:57.780550
127,rec_fibonacci,100,79,2026-01-19 13:55:57.979628
127,rec_fibonacci,100,78,2026-01-19 13:55:58.276705
127,rec_fibonacci,100,65,2026-01-19 13:55:58.436134
127,rec_fibonacci,100,67,2026-01-19 13:55:58.653523
127,rec_fibonacci,100,67,2026-01-19 13:55:58.788811
127,rec_fibonacci,100,73,2026-01-19 13:55:58.876621
127,rec_fibonacci,100,16,2026-01-19 13:55:59.097615
127,rec_fibonacci,100,57,2026-01-19 13:55:59.308608
127,rec_fibonacci,100,78,2026-01-19 13:55:59.678208
127,rec_fibonacci,100,16,2026-01-19 13:56:00.026759
127,rec_fibonacci,100,16,2026-01-19 13:56:00.536851
127,rec_fibonacci,100,16,2026-01-19 13:56:00.568651
127,rec_fibonacci,100,16,2026-01-19 13:56:00.600105
127,rec_fibonacci,100,16,2026-01-19 13:56:00.631764
127,rec_fibonacci,100,16,2026-01-19 13:56:00.663631
127,rec_fibonacci,100,16,2026-01-19 13:56:00.694644
127,rec_fibonacci,100,16,2026-01-19 13:56:00.726117
127,rec_fibonacci,100,16,2026-01-19 13:56:00.775656
127,rec_fibonacci,100,16,2026-01-19 13:56:00.806065
127,rec_fibonacci,100,189,2026-01-19 13:56:01.019717
127,rec_fibonacci,100,50,2026-01-19 13:56:01.405107
127,rec_fibonacci,100,16,2026-01-19 13:56:01.491726
127,rec_fibonacci,100,48,2026-01-19 13:56:01.747253
127,rec_fibonacci,100,38,2026-01-19 13:56:04.038386
127,rec_fibonacci,100,38,2026-01-19 13:56:04.252998
127,rec_fibonacci,100,38,2026-01-19 13:56:04.477433
127,rec_fibonacci,100,38,2026-01-19 13:56:04.581059
127,rec_fibonacci,100,91,2026-01-19 13:56:06.362053
127,rec_fibonacci,100,192,2026-01-19 13:56:08.302918
127,rec_fibonacci,100,8,2026-01-19 13:56:09.464029
127,rec_fibonacci,100,40,2026-01-19 13:56:10.461182
127,rec_fibonacci,100,39,2026-01-19 13:56:10.782126
127,rec_fibonacci,100,39,2026-01-19 13:56:11.093960
127,rec_fibonacci,100,38,2026-01-19 13:56:11.775314
127,rec_fibonacci,100,37,2026-01-19 13:56:12.509597
127,rec_fibonacci,100,37,2026-01-19 13:56:12.814104
127,rec_fibonacci,100,40,2026-01-19 13:56:14.638730
127,rec_fibonacci,100,40,2026-01-19 13:56:14.950145
127,rec_fibonacci,100,38,2026-01-19 13:56:18.278261
127,rec_fibonacci,100,38,2026-01-19 13:56:18.774724
127,rec_fibonacci,100,38,2026-01-19 13:56:20.006560
127,rec_fibonacci,100,39,2026-01-19 13:56:23.247416
127,rec_fibonacci,100,39,2026-01-19 13:56:23.621806
127,rec_fibonacci,100,40,2026-01-19 13:56:24.494650
127,rec_fibonacci,100,40,2026-01-19 13:56:32.768002
127,rec_fibonacci,100,40,2026-01-19 13:56:33.180934
127,rec_fibonacci,100,40,2026-01-19 13:56:33.413737
127,rec_fibonacci,100,40,2026-01-19 13:56:33.678611
127,rec_fibonacci,100,40,2026-01-19 13:56:34.366838
127,rec_fibonacci,100,40,2026-01-19 13:56:36.479898
127,rec_fibonacci,100,40,2026-01-19 13:56:36.886364
127,rec_fibonacci,100,40,2026-01-19 13:56:37.336373
127,rec_fibonacci,100,81,2026-01-19 13:56:42.511471
127,rec_fibonacci,100,8,2026-01-19 13:56:55.034460
127,rec_fibonacci,100,38,2026-01-19 13:57:03.824673
127,rec_fibonacci,100,38,2026-01-19 13:57:03.997028
127,rec_fibonacci,100,38,2026-01-19 13:57:04.182895
127,rec_fibonacci,100,38,2026-01-19 13:57:04.317737
127,rec_fibonacci,100,38,2026-01-19 13:57:05.696270
127,rec_fibonacci,100,38,2026-01-19 13:57:05.982756
127,rec_fibonacci,100,38,2026-01-19 13:57:06.232658
127,rec_fibonacci,100,39,2026-01-19 13:57:07.000323
127,rec_fibonacci,100,39,2026-01-19 13:57:07.256126
127,rec_fibonacci,100,39,2026-01-19 13:57:07.431228
127,rec_fibonacci,100,39,2026-01-19 13:57:07.632200
127,rec_fibonacci,100,39,2026-01-19 13:57:07.815628
127,rec_fibonacci,100,38,2026-01-19 13:57:07.815628
127,rec_fibonacci,100,39,2026-01-19 13:57:08.232612
127,rec_fibonacci,100,39,2026-01-19 13:57:08.510717
127,rec_fibonacci,100,39,2026-01-19 13:57:08.704621
127,rec_fibonacci,100,39,2026-01-19 13:57:08.911473
127,rec_fibonacci,100,39,2026-01-19 13:57:09.945633
127,rec_fibonacci,100,40,2026-01-19 13:57:10.712545
127,rec_fibonacci,100,39,2026-01-19 13:57:10.920508
127,rec_fibonacci,100,39,2026-01-19 13:57:11.183939
127,rec_fibonacci,100,38,2026-01-19 13:57:11.519782
127,rec_fibonacci,100,37,2026-01-19 13:57:11.880412
127,rec_fibonacci,100,40,2026-01-19 13:57:23.872584
127,rec_fibonacci,100,40,2026-01-19 13:57:24.327711
127,rec_fibonacci,100,40,2026-01-19 13:57:24.687231
127,rec_fibonacci,100,40,2026-01-19 13:57:25.113688
127,rec_fibonacci,100,40,2026-01-19 13:57:26.843540
127,rec_fibonacci,100,38,2026-01-19 13:57:27.328329
127,rec_fibonacci,100,38,2026-01-19 13:57:27.512048
127,rec_fibonacci,100,38,2026-01-19 13:57:27.686246
127,rec_fibonacci,100,38,2026-01-19 13:57:27.848015
127,rec_fibonacci,100,38,2026-01-19 13:57:28.048285
127,rec_fibonacci,100,8,2026-01-19 13:57:29.321177
127,rec_fibonacci,100,8,2026-01-19 13:57:30.171012
127,rec_fibonacci,100,187,2026-01-19 13:57:31.193049
127,rec_fibonacci,100,49,2026-01-19 13:57:31.705292
127,rec_fibonacci,100,40,2026-01-19 13:57:32.353431
127,rec_fibonacci,100,39,2026-01-19 13:57:32.527636
127,rec_fibonacci,100,39,2026-01-19 13:57:34.041029
127,rec_fibonacci,100,40,2026-01-19 13:57:34.432978
127,rec_fibonacci,100,39,2026-01-19 13:57:34.719739
127,rec_fibonacci,100,40,2026-01-19 13:57:35.009632
127,rec_fibonacci,100,39,2026-01-19 13:57:36.544281
127,rec_fibonacci,100,39,2026-01-19 13:57:36.774390
127,rec_fibonacci,100,39,2026-01-19 13:57:36.911759
127,rec_fibonacci,100,40,2026-01-19 13:57:43.042700
127,rec_fibonacci,100,40,2026-01-19 13:57:46.506245
127,rec_fibonacci,100,40,2026-01-19 13:57:46.791651
127,rec_fibonacci,100,40,2026-01-19 13:57:46.969199
127,rec_fibonacci,100,40,2026-01-19 13:57:47.082370
127,rec_fibonacci,100,9,2026-01-19 13:57:47.481122
127,rec_fibonacci,100,8,2026-01-19 13:57:47.967943
127,rec_fibonacci,100,81,2026-01-19 13:57:48.201035
127,rec_fibonacci,100,81,2026-01-19 13:57:48.440615
127,rec_fibonacci,100,81,2026-01-19 13:57:49.725058
