109,pro_bright,304,16,2025-09-16 08:31:42.754113
109,pro_bright,304,16,2025-09-16 08:31:43.264963
109,pro_bright,304,16,2025-09-16 08:31:43.307698
109,pro_bright,304,16,2025-09-16 08:31:43.339608
109,pro_bright,304,16,2025-09-16 08:31:43.368220
109,pro_bright,304,16,2025-09-16 08:31:43.403627
109,pro_bright,304,16,2025-09-16 08:31:43.434633
109,pro_bright,304,16,2025-09-16 08:31:43.464208
109,pro_bright,304,16,2025-09-16 08:31:43.493289
109,pro_bright,304,16,2025-09-16 08:31:43.525075
109,pro_bright,304,16,2025-09-16 08:31:43.572501
109,pro_bright,304,16,2025-09-16 08:31:43.602800
109,pro_bright,304,84,2025-09-16 08:31:43.628843
109,pro_bright,304,8,2025-09-16 08:31:44.191028
109,pro_bright,304,84,2025-09-16 08:31:49.334950
109,pro_bright,304,72,2025-09-16 08:31:49.474014
109,pro_bright,304,69,2025-09-16 08:31:49.682096
109,pro_bright,304,32,2025-09-16 08:31:49.761428
109,pro_bright,304,77,2025-09-16 08:31:50.235670
109,pro_bright,304,79,2025-09-16 08:31:50.684827
109,pro_bright,304,79,2025-09-16 08:31:50.808229
109,pro_bright,304,78,2025-09-16 08:31:50.993739
109,pro_bright,304,32,2025-09-16 08:31:51.141411
109,pro_bright,304,87,2025-09-16 08:31:52.602807
109,pro_bright,304,72,2025-09-16 08:31:53.486327
109,pro_bright,304,73,2025-09-16 08:31:53.594886
109,pro_bright,304,67,2025-09-16 08:31:53.754679
109,pro_bright,304,72,2025-09-16 08:31:53.841907
109,pro_bright,304,32,2025-09-16 08:31:54.011903
109,pro_bright,304,73,2025-09-16 08:31:54.091097
109,pro_bright,304,83,2025-09-16 08:31:54.239963
109,pro_bright,304,32,2025-09-16 08:31:54.308554
109,pro_bright,304,66,2025-09-16 08:31:54.679611
109,pro_bright,304,82,2025-09-16 08:31:54.979633
109,pro_bright,304,73,2025-09-16 08:31:55.060834
109,pro_bright,304,71,2025-09-16 08:31:55.228674
109,pro_bright,304,72,2025-09-16 08:31:55.386316
109,pro_bright,304,84,2025-09-16 08:31:55.467069
109,pro_bright,304,69,2025-09-16 08:31:55.670727
109,pro_bright,304,82,2025-09-16 08:31:55.778327
109,pro_bright,304,32,2025-09-16 08:31:55.917511
109,pro_bright,304,84,2025-09-16 08:31:56.003105
109,pro_bright,304,72,2025-09-16 08:31:56.098165
109,pro_bright,304,65,2025-09-16 08:31:56.257498
109,pro_bright,304,78,2025-09-16 08:31:56.498046
109,pro_bright,304,32,2025-09-16 08:31:56.721200
109,pro_bright,304,84,2025-09-16 08:32:03.600032
109,pro_bright,304,72,2025-09-16 08:32:03.716557
109,pro_bright,304,69,2025-09-16 08:32:03.818309
109,pro_bright,304,32,2025-09-16 08:32:03.914357
109,pro_bright,304,83,2025-09-16 08:32:04.162907
109,pro_bright,304,84,2025-09-16 08:32:04.242505
109,pro_bright,304,65,2025-09-16 08:32:04.417918
109,pro_bright,304,82,2025-09-16 08:32:04.562031
109,pro_bright,304,83,2025-09-16 08:32:04.852669
109,pro_bright,304,32,2025-09-16 08:32:04.963756
109,pro_bright,304,87,2025-09-16 08:32:05.285624
109,pro_bright,304,72,2025-09-16 08:32:05.389512
109,pro_bright,304,73,2025-09-16 08:32:05.458804
109,pro_bright,304,67,2025-09-16 08:32:05.586472
109,pro_bright,304,72,2025-09-16 08:32:05.685998
109,pro_bright,304,32,2025-09-16 08:32:05.807550
109,pro_bright,304,65,2025-09-16 08:32:05.954738
109,pro_bright,304,82,2025-09-16 08:32:06.067794
109,pro_bright,304,69,2025-09-16 08:32:06.187296
109,pro_bright,304,32,2025-09-16 08:32:06.339755
109,pro_bright,304,66,2025-09-16 08:32:06.735793
109,pro_bright,304,82,2025-09-16 08:32:07.012904
109,pro_bright,304,73,2025-09-16 08:32:07.105806
109,pro_bright,304,71,2025-09-16 08:32:07.305034
109,pro_bright,304,72,2025-09-16 08:32:07.387059
109,pro_bright,304,84,2025-09-16 08:32:07.687711
109,pro_bright,304,69,2025-09-16 08:32:07.903632
109,pro_bright,304,82,2025-09-16 08:32:07.994777
109,pro_bright,304,32,2025-09-16 08:32:08.114262
109,pro_bright,304,84,2025-09-16 08:32:08.291798
109,pro_bright,304,72,2025-09-16 08:32:08.382506
109,pro_bright,304,65,2025-09-16 08:32:08.539040
109,pro_bright,304,78,2025-09-16 08:32:08.657306
109,pro_bright,304,32,2025-09-16 08:32:08.795810
109,pro_bright,304,16,2025-09-16 08:32:13.872004
109,pro_bright,304,76,2025-09-16 08:32:14.051795
109,pro_bright,304,69,2025-09-16 08:32:14.157942
109,pro_bright,304,68,2025-09-16 08:32:14.381856
109,pro_bright,304,32,2025-09-16 08:32:14.691480
109,pro_bright,304,76,2025-09-16 08:32:15.446749
109,pro_bright,304,8,2025-09-16 08:32:16.041348
109,pro_bright,304,8,2025-09-16 08:32:16.218035
109,pro_bright,304,8,2025-09-16 08:32:16.382236
109,pro_bright,304,8,2025-09-16 08:32:16.536032
109,pro_bright,304,8,2025-09-16 08:32:16.691991
109,pro_bright,304,65,2025-09-16 08:32:17.307091
109,pro_bright,304,32,2025-09-16 08:32:17.422001
109,pro_bright,304,70,2025-09-16 08:32:17.595455
109,pro_bright,304,76,2025-09-16 08:32:17.718418
109,pro_bright,304,65,2025-09-16 08:32:17.845226
109,pro_bright,304,83,2025-09-16 08:32:18.043434
109,pro_bright,304,72,2025-09-16 08:32:18.194660
109,pro_bright,304,76,2025-09-16 08:32:18.447862
109,pro_bright,304,73,2025-09-16 08:32:18.559758
109,pro_bright,304,71,2025-09-16 08:32:18.693101
109,pro_bright,304,72,2025-09-16 08:32:18.787924
109,pro_bright,304,84,2025-09-16 08:32:18.939531
109,pro_bright,304,32,2025-09-16 08:32:19.050643
109,pro_bright,304,87,2025-09-16 08:32:20.617183
109,pro_bright,304,72,2025-09-16 08:32:20.754845
109,pro_bright,304,73,2025-09-16 08:32:20.826759
109,pro_bright,304,67,2025-09-16 08:32:20.959868
109,pro_bright,304,72,2025-09-16 08:32:21.086041
109,pro_bright,304,32,2025-09-16 08:32:21.196147
109,pro_bright,304,73,2025-09-16 08:32:21.341067
109,pro_bright,304,83,2025-09-16 08:32:21.477962
109,pro_bright,304,32,2025-09-16 08:32:21.548829
109,pro_bright,304,66,2025-09-16 08:32:21.869607
109,pro_bright,304,82,2025-09-16 08:32:22.109554
109,pro_bright,304,73,2025-09-16 08:32:22.204380
109,pro_bright,304,71,2025-09-16 08:32:22.351201
109,pro_bright,304,72,2025-09-16 08:32:22.454402
109,pro_bright,304,84,2025-09-16 08:32:22.574214
109,pro_bright,304,69,2025-09-16 08:32:22.808773
109,pro_bright,304,82,2025-09-16 08:32:22.901539
109,pro_bright,304,32,2025-09-16 08:32:23.036634
109,pro_bright,304,84,2025-09-16 08:32:23.142941
109,pro_bright,304,72,2025-09-16 08:32:23.250840
109,pro_bright,304,65,2025-09-16 08:32:23.388210
109,pro_bright,304,78,2025-09-16 08:32:23.519780
109,pro_bright,304,32,2025-09-16 08:32:23.652945
109,pro_bright,304,16,2025-09-16 08:32:23.913066
109,pro_bright,304,76,2025-09-16 08:32:24.027650
109,pro_bright,304,69,2025-09-16 08:32:24.196268
109,pro_bright,304,68,2025-09-16 08:32:24.403782
109,pro_bright,304,83,2025-09-16 08:32:25.462426
109,pro_bright,304,32,2025-09-16 08:32:25.646373
109,pro_bright,304,87,2025-09-16 08:32:26.189836
109,pro_bright,304,72,2025-09-16 08:32:26.308339
109,pro_bright,304,73,2025-09-16 08:32:26.387892
109,pro_bright,304,67,2025-09-16 08:32:26.556713
109,pro_bright,304,72,2025-09-16 08:32:26.668334
109,pro_bright,304,32,2025-09-16 08:32:26.810493
109,pro_bright,304,65,2025-09-16 08:32:27.110140
109,pro_bright,304,82,2025-09-16 08:32:27.298865
109,pro_bright,304,69,2025-09-16 08:32:27.436353
109,pro_bright,304,32,2025-09-16 08:32:27.534383
109,pro_bright,304,66,2025-09-16 08:32:27.907352
109,pro_bright,304,82,2025-09-16 08:32:28.149260
109,pro_bright,304,73,2025-09-16 08:32:28.243182
109,pro_bright,304,71,2025-09-16 08:32:28.403199
109,pro_bright,304,72,2025-09-16 08:32:28.519427
109,pro_bright,304,84,2025-09-16 08:32:28.752400
109,pro_bright,304,69,2025-09-16 08:32:28.957384
109,pro_bright,304,82,2025-09-16 08:32:29.035910
109,pro_bright,304,32,2025-09-16 08:32:29.165835
109,pro_bright,304,84,2025-09-16 08:32:29.277315
109,pro_bright,304,72,2025-09-16 08:32:29.372663
109,pro_bright,304,65,2025-09-16 08:32:29.520701
109,pro_bright,304,78,2025-09-16 08:32:29.652615
109,pro_bright,304,32,2025-09-16 08:32:29.795588
109,pro_bright,304,70,2025-09-16 08:32:29.891463
109,pro_bright,304,76,2025-09-16 08:32:30.417532
109,pro_bright,304,79,2025-09-16 08:32:30.653443
109,pro_bright,304,85,2025-09-16 08:32:30.781709
109,pro_bright,304,82,2025-09-16 08:32:30.947318
109,pro_bright,304,69,2025-09-16 08:32:31.207480
109,pro_bright,304,83,2025-09-16 08:32:31.527356
109,pro_bright,304,67,2025-09-16 08:32:31.766556
109,pro_bright,304,69,2025-09-16 08:32:31.963591
109,pro_bright,304,78,2025-09-16 08:32:32.059814
109,pro_bright,304,84,2025-09-16 08:32:32.261843
109,pro_bright,304,32,2025-09-16 08:32:32.349218
109,pro_bright,304,76,2025-09-16 08:32:32.549178
109,pro_bright,304,73,2025-09-16 08:32:32.692979
109,pro_bright,304,71,2025-09-16 08:32:32.873664
109,pro_bright,304,72,2025-09-16 08:32:32.969013
109,pro_bright,304,84,2025-09-16 08:32:33.107266
109,pro_bright,304,83,2025-09-16 08:32:33.355801
109,pro_bright,304,188,2025-09-16 08:32:33.515073
109,pro_bright,304,32,2025-09-16 08:32:33.621414
109,pro_bright,304,8,2025-09-16 08:32:43.038949
109,pro_bright,304,8,2025-09-16 08:32:43.220322
109,pro_bright,304,8,2025-09-16 08:32:43.721388
109,pro_bright,304,8,2025-09-16 08:32:43.752420
109,pro_bright,304,8,2025-09-16 08:32:43.801863
109,pro_bright,304,8,2025-09-16 08:32:43.832009
109,pro_bright,304,8,2025-09-16 08:32:43.863582
109,pro_bright,304,8,2025-09-16 08:32:43.894758
109,pro_bright,304,8,2025-09-16 08:32:44.044324
109,pro_bright,304,8,2025-09-16 08:32:44.219034
109,pro_bright,304,8,2025-09-16 08:32:44.384443
109,pro_bright,304,8,2025-09-16 08:32:44.535130
109,pro_bright,304,8,2025-09-16 08:32:44.684024
109,pro_bright,304,8,2025-09-16 08:32:44.827736
109,pro_bright,304,8,2025-09-16 08:32:44.972361
109,pro_bright,304,8,2025-09-16 08:32:45.147249
109,pro_bright,304,8,2025-09-16 08:32:45.494948
109,pro_bright,304,8,2025-09-16 08:32:46.035737
109,pro_bright,304,79,2025-09-16 08:32:47.425935
109,pro_bright,304,85,2025-09-16 08:32:47.595140
109,pro_bright,304,82,2025-09-16 08:32:47.746079
109,pro_bright,304,69,2025-09-16 08:32:47.932229
109,pro_bright,304,83,2025-09-16 08:32:48.399699
109,pro_bright,304,67,2025-09-16 08:32:48.572976
109,pro_bright,304,69,2025-09-16 08:32:48.758939
109,pro_bright,304,78,2025-09-16 08:32:48.851610
109,pro_bright,304,84,2025-09-16 08:32:48.978380
109,pro_bright,304,32,2025-09-16 08:32:49.051265
109,pro_bright,304,76,2025-09-16 08:32:49.251837
109,pro_bright,304,73,2025-09-16 08:32:49.437034
109,pro_bright,304,71,2025-09-16 08:32:49.554144
109,pro_bright,304,72,2025-09-16 08:32:49.659134
109,pro_bright,304,84,2025-09-16 08:32:49.755436
109,pro_bright,304,83,2025-09-16 08:32:49.964130
109,pro_bright,304,32,2025-09-16 08:32:50.035376
109,pro_bright,304,87,2025-09-16 08:32:51.360827
109,pro_bright,304,72,2025-09-16 08:32:51.477744
109,pro_bright,304,73,2025-09-16 08:32:51.596171
109,pro_bright,304,67,2025-09-16 08:32:51.739021
109,pro_bright,304,72,2025-09-16 08:32:51.872678
109,pro_bright,304,32,2025-09-16 08:32:51.998154
109,pro_bright,304,65,2025-09-16 08:32:52.232734
109,pro_bright,304,82,2025-09-16 08:32:52.455731
109,pro_bright,304,69,2025-09-16 08:32:52.613693
109,pro_bright,304,32,2025-09-16 08:32:52.724276
109,pro_bright,304,66,2025-09-16 08:32:54.267020
109,pro_bright,304,82,2025-09-16 08:32:54.516733
109,pro_bright,304,73,2025-09-16 08:32:54.640974
109,pro_bright,304,71,2025-09-16 08:32:54.796162
109,pro_bright,304,72,2025-09-16 08:32:54.891325
109,pro_bright,304,84,2025-09-16 08:32:55.023377
109,pro_bright,304,69,2025-09-16 08:32:55.196415
109,pro_bright,304,82,2025-09-16 08:32:55.302989
109,pro_bright,304,32,2025-09-16 08:32:55.382282
109,pro_bright,304,84,2025-09-16 08:32:55.517057
109,pro_bright,304,72,2025-09-16 08:32:55.604761
109,pro_bright,304,65,2025-09-16 08:32:55.727581
109,pro_bright,304,78,2025-09-16 08:32:55.828371
109,pro_bright,304,32,2025-09-16 08:32:55.950619
109,pro_bright,304,65,2025-09-16 08:33:07.702115
109,pro_bright,304,32,2025-09-16 08:33:07.855091
109,pro_bright,304,66,2025-09-16 08:33:08.116760
109,pro_bright,304,79,2025-09-16 08:33:08.512841
109,pro_bright,304,78,2025-09-16 08:33:08.637362
109,pro_bright,304,70,2025-09-16 08:33:08.846072
109,pro_bright,304,73,2025-09-16 08:33:08.943277
109,pro_bright,304,82,2025-09-16 08:33:09.084363
109,pro_bright,304,69,2025-09-16 08:33:09.215076
109,pro_bright,304,32,2025-09-16 08:33:09.317803
109,pro_bright,304,87,2025-09-16 08:33:09.780867
109,pro_bright,304,72,2025-09-16 08:33:09.968846
109,pro_bright,304,73,2025-09-16 08:33:10.053012
109,pro_bright,304,67,2025-09-16 08:33:10.184077
109,pro_bright,304,72,2025-09-16 08:33:10.291807
109,pro_bright,304,32,2025-09-16 08:33:10.423420
109,pro_bright,304,73,2025-09-16 08:33:10.634486
109,pro_bright,304,83,2025-09-16 08:33:10.783601
109,pro_bright,304,32,2025-09-16 08:33:10.867973
109,pro_bright,304,66,2025-09-16 08:33:11.212667
109,pro_bright,304,82,2025-09-16 08:33:11.492843
109,pro_bright,304,73,2025-09-16 08:33:11.640404
109,pro_bright,304,71,2025-09-16 08:33:11.817108
109,pro_bright,304,72,2025-09-16 08:33:11.933388
109,pro_bright,304,84,2025-09-16 08:33:12.185373
109,pro_bright,304,69,2025-09-16 08:33:12.406579
109,pro_bright,304,82,2025-09-16 08:33:12.470449
109,pro_bright,304,32,2025-09-16 08:33:12.621903
109,pro_bright,304,84,2025-09-16 08:33:12.692050
109,pro_bright,304,72,2025-09-16 08:33:12.773383
109,pro_bright,304,65,2025-09-16 08:33:12.948988
109,pro_bright,304,78,2025-09-16 08:33:13.062281
109,pro_bright,304,32,2025-09-16 08:33:13.181622
109,pro_bright,304,65,2025-09-16 08:33:13.356006
109,pro_bright,304,32,2025-09-16 08:33:13.476182
109,pro_bright,304,67,2025-09-16 08:33:13.725449
109,pro_bright,304,65,2025-09-16 08:33:13.951431
109,pro_bright,304,77,2025-09-16 08:33:14.031288
109,pro_bright,304,80,2025-09-16 08:33:14.196935
109,pro_bright,304,32,2025-09-16 08:33:14.403499
109,pro_bright,304,70,2025-09-16 08:33:14.503892
109,pro_bright,304,73,2025-09-16 08:33:14.580885
109,pro_bright,304,82,2025-09-16 08:33:14.699960
109,pro_bright,304,69,2025-09-16 08:33:14.822132
109,pro_bright,304,32,2025-09-16 08:33:14.902763
109,pro_bright,304,87,2025-09-16 08:33:15.084495
109,pro_bright,304,72,2025-09-16 08:33:15.214138
109,pro_bright,304,73,2025-09-16 08:33:15.284906
109,pro_bright,304,67,2025-09-16 08:33:15.429381
109,pro_bright,304,72,2025-09-16 08:33:15.590038
109,pro_bright,304,32,2025-09-16 08:33:15.742623
109,pro_bright,304,73,2025-09-16 08:33:15.925995
109,pro_bright,304,83,2025-09-16 08:33:16.021780
109,pro_bright,304,32,2025-09-16 08:33:16.094349
109,pro_bright,304,66,2025-09-16 08:33:16.252118
109,pro_bright,304,82,2025-09-16 08:33:16.504428
109,pro_bright,304,73,2025-09-16 08:33:16.605751
109,pro_bright,304,71,2025-09-16 08:33:16.733510
109,pro_bright,304,72,2025-09-16 08:33:16.837343
109,pro_bright,304,84,2025-09-16 08:33:16.950763
109,pro_bright,304,69,2025-09-16 08:33:17.161958
109,pro_bright,304,82,2025-09-16 08:33:17.263592
109,pro_bright,304,32,2025-09-16 08:33:17.364386
109,pro_bright,304,84,2025-09-16 08:33:17.510484
109,pro_bright,304,72,2025-09-16 08:33:17.619886
109,pro_bright,304,65,2025-09-16 08:33:17.769492
109,pro_bright,304,78,2025-09-16 08:33:17.936152
109,pro_bright,304,32,2025-09-16 08:33:18.056413
109,pro_bright,304,65,2025-09-16 08:33:19.138122
109,pro_bright,304,32,2025-09-16 08:33:19.231564
109,pro_bright,304,67,2025-09-16 08:33:21.673586
109,pro_bright,304,65,2025-09-16 08:33:22.217187
109,pro_bright,304,78,2025-09-16 08:33:22.341633
109,pro_bright,304,68,2025-09-16 08:33:22.535123
109,pro_bright,304,76,2025-09-16 08:33:22.692451
109,pro_bright,304,69,2025-09-16 08:33:22.959407
109,pro_bright,304,32,2025-09-16 08:33:23.066352
109,pro_bright,304,87,2025-09-16 08:33:23.254641
109,pro_bright,304,72,2025-09-16 08:33:23.501317
109,pro_bright,304,73,2025-09-16 08:33:23.541979
109,pro_bright,304,67,2025-09-16 08:33:23.778257
109,pro_bright,304,72,2025-09-16 08:33:23.966047
109,pro_bright,304,32,2025-09-16 08:33:24.169304
109,pro_bright,304,73,2025-09-16 08:33:24.364894
109,pro_bright,304,83,2025-09-16 08:33:24.534847
109,pro_bright,304,32,2025-09-16 08:33:24.585419
109,pro_bright,304,66,2025-09-16 08:33:24.755288
109,pro_bright,304,82,2025-09-16 08:33:25.030679
109,pro_bright,304,73,2025-09-16 08:33:25.140432
109,pro_bright,304,71,2025-09-16 08:33:25.280280
109,pro_bright,304,72,2025-09-16 08:33:25.407807
109,pro_bright,304,84,2025-09-16 08:33:25.629978
109,pro_bright,304,69,2025-09-16 08:33:25.832598
109,pro_bright,304,82,2025-09-16 08:33:25.941507
109,pro_bright,304,32,2025-09-16 08:33:26.063907
109,pro_bright,304,84,2025-09-16 08:33:26.181737
109,pro_bright,304,72,2025-09-16 08:33:26.249219
109,pro_bright,304,65,2025-09-16 08:33:26.406554
109,pro_bright,304,78,2025-09-16 08:33:26.548342
109,pro_bright,304,32,2025-09-16 08:33:26.693372
109,pro_bright,304,69,2025-09-16 08:33:26.820716
109,pro_bright,304,77,2025-09-16 08:33:26.966654
109,pro_bright,304,66,2025-09-16 08:33:27.141299
109,pro_bright,304,69,2025-09-16 08:33:27.414396
109,pro_bright,304,82,2025-09-16 08:33:27.519798
109,pro_bright,304,83,2025-09-16 08:33:27.828321
109,pro_bright,304,32,2025-09-16 08:33:27.917333
109,pro_bright,304,87,2025-09-16 08:33:29.362515
109,pro_bright,304,72,2025-09-16 08:33:29.469943
109,pro_bright,304,73,2025-09-16 08:33:29.564747
109,pro_bright,304,67,2025-09-16 08:33:29.775617
109,pro_bright,304,72,2025-09-16 08:33:29.921449
109,pro_bright,304,32,2025-09-16 08:33:30.006609
109,pro_bright,304,65,2025-09-16 08:33:30.288660
109,pro_bright,304,82,2025-09-16 08:33:30.452114
109,pro_bright,304,69,2025-09-16 08:33:30.556466
109,pro_bright,304,32,2025-09-16 08:33:30.629490
109,pro_bright,304,66,2025-09-16 08:33:30.805125
109,pro_bright,304,82,2025-09-16 08:33:31.038869
109,pro_bright,304,73,2025-09-16 08:33:31.124491
109,pro_bright,304,71,2025-09-16 08:33:31.246302
109,pro_bright,304,72,2025-09-16 08:33:31.368540
109,pro_bright,304,84,2025-09-16 08:33:31.553985
109,pro_bright,304,69,2025-09-16 08:33:31.765226
109,pro_bright,304,82,2025-09-16 08:33:31.852493
109,pro_bright,304,32,2025-09-16 08:33:31.977585
109,pro_bright,304,84,2025-09-16 08:33:32.052505
109,pro_bright,304,72,2025-09-16 08:33:32.117289
109,pro_bright,304,65,2025-09-16 08:33:32.269247
109,pro_bright,304,78,2025-09-16 08:33:32.366121
109,pro_bright,304,32,2025-09-16 08:33:32.566853
109,pro_bright,304,65,2025-09-16 08:33:46.971997
109,pro_bright,304,83,2025-09-16 08:33:47.186250
109,pro_bright,304,72,2025-09-16 08:33:47.401072
109,pro_bright,304,69,2025-09-16 08:33:47.537141
109,pro_bright,304,83,2025-09-16 08:33:47.689122
109,pro_bright,304,32,2025-09-16 08:33:47.920549
109,pro_bright,304,81,2025-09-16 08:33:48.422190
109,pro_bright,304,81,2025-09-16 08:33:48.622738
109,pro_bright,304,81,2025-09-16 08:33:48.793341
