109,lis_instruments,407,40,2025-09-16 08:03:18.122854
109,lis_instruments,407,79,2025-09-16 08:03:25.359750
109,lis_instruments,407,66,2025-09-16 08:03:25.619449
109,lis_instruments,407,79,2025-09-16 08:03:25.785007
109,lis_instruments,407,69,2025-09-16 08:03:27.593123
109,lis_instruments,407,188,2025-09-16 08:03:28.125547
109,lis_instruments,407,32,2025-09-16 08:03:28.338026
109,lis_instruments,407,86,2025-09-16 08:03:29.557993
109,lis_instruments,407,73,2025-09-16 08:03:29.676219
109,lis_instruments,407,79,2025-09-16 08:03:29.783828
109,lis_instruments,407,76,2025-09-16 08:03:31.021634
109,lis_instruments,407,73,2025-09-16 08:03:31.684493
109,lis_instruments,407,78,2025-09-16 08:03:31.765899
109,lis_instruments,407,188,2025-09-16 08:03:32.057271
109,lis_instruments,407,32,2025-09-16 08:03:32.186199
109,lis_instruments,407,86,2025-09-16 08:03:32.586119
109,lis_instruments,407,73,2025-09-16 08:03:32.706999
109,lis_instruments,407,79,2025-09-16 08:03:32.804859
109,lis_instruments,407,76,2025-09-16 08:03:33.061611
109,lis_instruments,407,65,2025-09-16 08:03:33.388675
109,lis_instruments,407,188,2025-09-16 08:03:33.643202
109,lis_instruments,407,32,2025-09-16 08:03:33.746523
109,lis_instruments,407,70,2025-09-16 08:03:36.484244
109,lis_instruments,407,76,2025-09-16 08:03:37.248223
109,lis_instruments,407,85,2025-09-16 08:03:37.457307
109,lis_instruments,407,84,2025-09-16 08:03:37.882501
109,lis_instruments,407,69,2025-09-16 08:03:38.042405
109,lis_instruments,407,188,2025-09-16 08:03:38.170159
109,lis_instruments,407,32,2025-09-16 08:03:38.323991
109,lis_instruments,407,67,2025-09-16 08:03:38.775292
109,lis_instruments,407,76,2025-09-16 08:03:39.019269
109,lis_instruments,407,65,2025-09-16 08:03:39.126497
109,lis_instruments,407,82,2025-09-16 08:03:39.254335
109,lis_instruments,407,73,2025-09-16 08:03:39.380993
109,lis_instruments,407,78,2025-09-16 08:03:39.537338
109,lis_instruments,407,69,2025-09-16 08:03:39.694403
109,lis_instruments,407,84,2025-09-16 08:03:39.843083
109,lis_instruments,407,188,2025-09-16 08:03:39.962458
109,lis_instruments,407,32,2025-09-16 08:03:40.116814
109,lis_instruments,407,67,2025-09-16 08:03:45.187249
109,lis_instruments,407,69,2025-09-16 08:03:45.390585
109,lis_instruments,407,76,2025-09-16 08:03:45.491014
109,lis_instruments,407,76,2025-09-16 08:03:45.682246
109,lis_instruments,407,79,2025-09-16 08:03:46.229251
109,lis_instruments,407,188,2025-09-16 08:03:46.523590
109,lis_instruments,407,32,2025-09-16 08:03:47.078916
109,lis_instruments,407,80,2025-09-16 08:03:51.177316
109,lis_instruments,407,73,2025-09-16 08:03:51.403349
109,lis_instruments,407,67,2025-09-16 08:03:51.640349
109,lis_instruments,407,67,2025-09-16 08:03:51.820901
109,lis_instruments,407,79,2025-09-16 08:03:51.948802
109,lis_instruments,407,76,2025-09-16 08:03:52.139873
109,lis_instruments,407,79,2025-09-16 08:03:52.351222
109,lis_instruments,407,188,2025-09-16 08:03:52.726210
109,lis_instruments,407,32,2025-09-16 08:03:52.871343
109,lis_instruments,407,84,2025-09-16 08:03:55.072016
109,lis_instruments,407,82,2025-09-16 08:03:55.310749
109,lis_instruments,407,85,2025-09-16 08:03:55.448360
109,lis_instruments,407,77,2025-09-16 08:03:55.657765
109,lis_instruments,407,80,2025-09-16 08:03:55.795971
109,lis_instruments,407,69,2025-09-16 08:03:55.931947
109,lis_instruments,407,84,2025-09-16 08:03:56.050741
109,lis_instruments,407,188,2025-09-16 08:03:56.188483
109,lis_instruments,407,32,2025-09-16 08:03:56.421890
109,lis_instruments,407,84,2025-09-16 08:04:05.134290
109,lis_instruments,407,73,2025-09-16 08:04:05.333032
109,lis_instruments,407,77,2025-09-16 08:04:05.486270
109,lis_instruments,407,80,2025-09-16 08:04:05.605811
109,lis_instruments,407,65,2025-09-16 08:04:05.757548
109,lis_instruments,407,78,2025-09-16 08:04:05.869431
109,lis_instruments,407,73,2025-09-16 08:04:06.051995
109,lis_instruments,407,188,2025-09-16 08:04:06.356778
109,lis_instruments,407,32,2025-09-16 08:04:06.516876
109,lis_instruments,407,84,2025-09-16 08:04:06.773567
109,lis_instruments,407,82,2025-09-16 08:04:06.961444
109,lis_instruments,407,79,2025-09-16 08:04:07.108662
109,lis_instruments,407,77,2025-09-16 08:04:07.309458
109,lis_instruments,407,66,2025-09-16 08:04:07.451756
109,lis_instruments,407,79,2025-09-16 08:04:07.677256
109,lis_instruments,407,78,2025-09-16 08:04:07.747822
109,lis_instruments,407,69,2025-09-16 08:04:07.897760
109,lis_instruments,407,188,2025-09-16 08:04:12.278457
109,lis_instruments,407,32,2025-09-16 08:04:12.476825
109,lis_instruments,407,84,2025-09-16 08:04:13.615831
109,lis_instruments,407,82,2025-09-16 08:04:13.797430
109,lis_instruments,407,73,2025-09-16 08:04:13.891530
109,lis_instruments,407,78,2025-09-16 08:04:14.060801
109,lis_instruments,407,8,2025-09-16 08:04:14.467047
109,lis_instruments,407,65,2025-09-16 08:04:14.611091
109,lis_instruments,407,78,2025-09-16 08:04:14.732508
109,lis_instruments,407,71,2025-09-16 08:04:14.858994
109,lis_instruments,407,76,2025-09-16 08:04:14.986054
109,lis_instruments,407,69,2025-09-16 08:04:15.101948
109,lis_instruments,407,32,2025-09-16 08:04:15.407520
109,lis_instruments,407,81,2025-09-16 08:04:15.775529
109,lis_instruments,407,81,2025-09-16 08:04:15.988630
109,lis_instruments,407,81,2025-09-16 08:04:16.961660
