125,lis_vegetables,403,69,2025-10-26 13:58:09.520820
125,lis_vegetables,403,70,2025-10-26 13:58:10.105126
125,lis_vegetables,403,70,2025-10-26 13:58:10.295199
125,lis_vegetables,403,189,2025-10-26 13:58:10.760133
125,lis_vegetables,403,189,2025-10-26 13:58:11.014854
125,lis_vegetables,403,187,2025-10-26 13:58:11.582234
125,lis_vegetables,403,187,2025-10-26 13:58:11.800537
125,lis_vegetables,403,8,2025-10-26 13:58:12.343348
125,lis_vegetables,403,8,2025-10-26 13:58:12.583251
125,lis_vegetables,403,8,2025-10-26 13:58:12.734946
125,lis_vegetables,403,8,2025-10-26 13:58:12.879783
125,lis_vegetables,403,8,2025-10-26 13:58:13.047124
125,lis_vegetables,403,8,2025-10-26 13:58:13.272085
125,lis_vegetables,403,72,2025-10-26 13:58:13.471986
125,lis_vegetables,403,8,2025-10-26 13:58:13.951908
125,lis_vegetables,403,70,2025-10-26 13:58:14.167340
125,lis_vegetables,403,8,2025-10-26 13:58:14.592158
125,lis_vegetables,403,74,2025-10-26 13:58:14.832416
125,lis_vegetables,403,8,2025-10-26 13:58:15.326315
125,lis_vegetables,403,8,2025-10-26 13:58:15.486323
125,lis_vegetables,403,74,2025-10-26 13:58:15.664862
125,lis_vegetables,403,8,2025-10-26 13:58:16.072069
125,lis_vegetables,403,68,2025-10-26 13:58:16.416974
125,lis_vegetables,403,8,2025-10-26 13:58:16.905366
125,lis_vegetables,403,71,2025-10-26 13:58:17.288185
125,lis_vegetables,403,71,2025-10-26 13:58:18.113291
125,lis_vegetables,403,219,2025-10-26 13:58:19.147522
125,lis_vegetables,403,8,2025-10-26 13:58:19.610235
125,lis_vegetables,403,8,2025-10-26 13:58:19.776054
125,lis_vegetables,403,79,2025-10-26 13:58:19.952123
125,lis_vegetables,403,8,2025-10-26 13:58:20.544049
125,lis_vegetables,403,80,2025-10-26 13:58:21.001099
125,lis_vegetables,403,80,2025-10-26 13:58:22.081144
125,lis_vegetables,403,8,2025-10-26 13:58:22.512037
125,lis_vegetables,403,76,2025-10-26 13:58:22.940120
125,lis_vegetables,403,65,2025-10-26 13:58:23.553187
125,lis_vegetables,403,78,2025-10-26 13:58:24.642141
125,lis_vegetables,403,72,2025-10-26 13:58:25.795230
125,lis_vegetables,403,187,2025-10-26 13:58:26.320243
125,lis_vegetables,403,89,2025-10-26 13:58:26.433475
125,lis_vegetables,403,8,2025-10-26 13:58:26.809283
125,lis_vegetables,403,8,2025-10-26 13:58:26.968742
125,lis_vegetables,403,8,2025-10-26 13:58:27.128262
125,lis_vegetables,403,82,2025-10-26 13:58:27.224754
125,lis_vegetables,403,8,2025-10-26 13:58:27.993466
125,lis_vegetables,403,69,2025-10-26 13:58:28.400729
125,lis_vegetables,403,8,2025-10-26 13:58:28.809349
125,lis_vegetables,403,51,2025-10-26 13:58:29.131356
125,lis_vegetables,403,8,2025-10-26 13:58:29.729564
125,lis_vegetables,403,52,2025-10-26 13:58:29.864658
125,lis_vegetables,403,8,2025-10-26 13:58:30.360773
125,lis_vegetables,403,82,2025-10-26 13:58:30.529028
125,lis_vegetables,403,8,2025-10-26 13:58:31.176523
125,lis_vegetables,403,84,2025-10-26 13:58:31.369535
125,lis_vegetables,403,190,2025-10-26 13:58:32.731582
125,lis_vegetables,403,8,2025-10-26 13:58:33.224435
125,lis_vegetables,403,188,2025-10-26 13:58:33.544890
125,lis_vegetables,403,32,2025-10-26 13:58:34.394274
125,lis_vegetables,403,67,2025-10-26 13:58:36.675719
125,lis_vegetables,403,65,2025-10-26 13:58:37.497925
125,lis_vegetables,403,82,2025-10-26 13:58:38.442030
125,lis_vegetables,403,8,2025-10-26 13:58:38.929319
125,lis_vegetables,403,89,2025-10-26 13:58:39.648730
125,lis_vegetables,403,8,2025-10-26 13:58:40.121753
125,lis_vegetables,403,84,2025-10-26 13:58:40.216220
125,lis_vegetables,403,8,2025-10-26 13:58:40.576376
125,lis_vegetables,403,82,2025-10-26 13:58:40.659993
125,lis_vegetables,403,8,2025-10-26 13:58:40.808795
125,lis_vegetables,403,8,2025-10-26 13:58:41.024733
125,lis_vegetables,403,82,2025-10-26 13:58:41.152625
125,lis_vegetables,403,82,2025-10-26 13:58:41.336838
125,lis_vegetables,403,80,2025-10-26 13:58:41.899056
125,lis_vegetables,403,8,2025-10-26 13:58:42.345736
125,lis_vegetables,403,89,2025-10-26 13:58:42.584395
125,lis_vegetables,403,8,2025-10-26 13:58:42.992857
125,lis_vegetables,403,73,2025-10-26 13:58:43.107112
125,lis_vegetables,403,8,2025-10-26 13:58:43.561876
125,lis_vegetables,403,79,2025-10-26 13:58:43.688865
125,lis_vegetables,403,85,2025-10-26 13:58:44.617898
125,lis_vegetables,403,8,2025-10-26 13:58:45.016925
125,lis_vegetables,403,89,2025-10-26 13:58:45.144961
125,lis_vegetables,403,8,2025-10-26 13:58:45.626354
125,lis_vegetables,403,84,2025-10-26 13:58:45.754015
125,lis_vegetables,403,190,2025-10-26 13:58:46.794134
125,lis_vegetables,403,8,2025-10-26 13:58:47.344874
125,lis_vegetables,403,77,2025-10-26 13:58:47.576419
125,lis_vegetables,403,8,2025-10-26 13:58:48.042059
125,lis_vegetables,403,188,2025-10-26 13:58:48.234046
125,lis_vegetables,403,32,2025-10-26 13:58:48.817847
125,lis_vegetables,403,67,2025-10-26 13:58:52.421150
125,lis_vegetables,403,82,2025-10-26 13:58:52.985170
125,lis_vegetables,403,8,2025-10-26 13:58:53.730961
125,lis_vegetables,403,82,2025-10-26 13:58:53.953088
125,lis_vegetables,403,8,2025-10-26 13:58:54.409792
125,lis_vegetables,403,69,2025-10-26 13:58:54.496736
125,lis_vegetables,403,80,2025-10-26 13:58:55.402390
125,lis_vegetables,403,8,2025-10-26 13:58:55.833532
125,lis_vegetables,403,73,2025-10-26 13:58:55.995835
125,lis_vegetables,403,8,2025-10-26 13:58:56.371301
125,lis_vegetables,403,75,2025-10-26 13:58:56.577078
125,lis_vegetables,403,8,2025-10-26 13:58:56.600299
125,lis_vegetables,403,8,2025-10-26 13:58:57.017156
125,lis_vegetables,403,76,2025-10-26 13:58:57.162768
125,lis_vegetables,403,84,2025-10-26 13:58:58.201487
125,lis_vegetables,403,8,2025-10-26 13:58:58.786313
125,lis_vegetables,403,52,2025-10-26 13:58:59.017562
125,lis_vegetables,403,8,2025-10-26 13:58:59.449876
125,lis_vegetables,403,51,2025-10-26 13:58:59.648919
125,lis_vegetables,403,8,2025-10-26 13:59:00.041088
125,lis_vegetables,403,82,2025-10-26 13:59:00.216634
125,lis_vegetables,403,8,2025-10-26 13:59:00.681881
125,lis_vegetables,403,84,2025-10-26 13:59:00.865091
125,lis_vegetables,403,8,2025-10-26 13:59:01.562516
125,lis_vegetables,403,82,2025-10-26 13:59:01.761978
125,lis_vegetables,403,37,2025-10-26 13:59:03.546485
125,lis_vegetables,403,69,2025-10-26 13:59:05.242235
125,lis_vegetables,403,39,2025-10-26 13:59:06.803263
125,lis_vegetables,403,89,2025-10-26 13:59:07.635243
125,lis_vegetables,403,191,2025-10-26 13:59:09.155196
125,lis_vegetables,403,8,2025-10-26 13:59:10.411740
125,lis_vegetables,403,191,2025-10-26 13:59:11.226180
125,lis_vegetables,403,8,2025-10-26 13:59:12.249767
125,lis_vegetables,403,16,2025-10-26 13:59:14.530203
125,lis_vegetables,403,188,2025-10-26 13:59:15.540520
125,lis_vegetables,403,32,2025-10-26 13:59:16.457972
125,lis_vegetables,403,67,2025-10-26 13:59:19.205202
125,lis_vegetables,403,56,2025-10-26 13:59:19.843033
125,lis_vegetables,403,121,2025-10-26 13:59:20.408064
125,lis_vegetables,403,8,2025-10-26 13:59:20.882887
125,lis_vegetables,403,85,2025-10-26 13:59:21.417765
125,lis_vegetables,403,67,2025-10-26 13:59:22.203065
125,lis_vegetables,403,85,2025-10-26 13:59:22.690245
125,lis_vegetables,403,188,2025-10-26 13:59:23.482213
125,lis_vegetables,403,187,2025-10-26 13:59:24.082172
125,lis_vegetables,403,8,2025-10-26 13:59:24.603612
125,lis_vegetables,403,8,2025-10-26 13:59:24.809645
125,lis_vegetables,403,78,2025-10-26 13:59:24.986252
125,lis_vegetables,403,8,2025-10-26 13:59:25.490268
125,lis_vegetables,403,77,2025-10-26 13:59:25.810709
125,lis_vegetables,403,72,2025-10-26 13:59:26.650910
125,lis_vegetables,403,8,2025-10-26 13:59:27.059083
125,lis_vegetables,403,82,2025-10-26 13:59:27.514280
125,lis_vegetables,403,8,2025-10-26 13:59:27.898438
125,lis_vegetables,403,82,2025-10-26 13:59:28.396274
125,lis_vegetables,403,37,2025-10-26 13:59:29.674790
125,lis_vegetables,403,82,2025-10-26 13:59:30.273698
125,lis_vegetables,403,37,2025-10-26 13:59:30.858440
125,lis_vegetables,403,40,2025-10-26 13:59:31.266478
125,lis_vegetables,403,37,2025-10-26 13:59:32.738070
125,lis_vegetables,403,8,2025-10-26 13:59:33.554886
125,lis_vegetables,403,52,2025-10-26 13:59:34.522545
125,lis_vegetables,403,8,2025-10-26 13:59:35.363668
125,lis_vegetables,403,82,2025-10-26 13:59:36.075578
125,lis_vegetables,403,8,2025-10-26 13:59:36.578130
125,lis_vegetables,403,69,2025-10-26 13:59:36.786916
125,lis_vegetables,403,39,2025-10-26 13:59:38.068174
125,lis_vegetables,403,16,2025-10-26 13:59:38.760768
125,lis_vegetables,403,191,2025-10-26 13:59:39.316786
125,lis_vegetables,403,220,2025-10-26 13:59:40.387950
125,lis_vegetables,403,220,2025-10-26 13:59:40.514833
125,lis_vegetables,403,8,2025-10-26 13:59:40.986868
125,lis_vegetables,403,8,2025-10-26 13:59:41.217786
125,lis_vegetables,403,8,2025-10-26 13:59:41.395181
125,lis_vegetables,403,8,2025-10-26 13:59:41.603248
125,lis_vegetables,403,84,2025-10-26 13:59:42.346132
125,lis_vegetables,403,8,2025-10-26 13:59:42.708405
125,lis_vegetables,403,53,2025-10-26 13:59:42.891865
125,lis_vegetables,403,52,2025-10-26 13:59:42.891865
125,lis_vegetables,403,8,2025-10-26 13:59:43.403535
125,lis_vegetables,403,8,2025-10-26 13:59:43.537851
125,lis_vegetables,403,52,2025-10-26 13:59:43.723058
125,lis_vegetables,403,8,2025-10-26 13:59:44.163313
125,lis_vegetables,403,82,2025-10-26 13:59:44.314273
125,lis_vegetables,403,77,2025-10-26 13:59:46.780260
125,lis_vegetables,403,8,2025-10-26 13:59:47.210413
125,lis_vegetables,403,78,2025-10-26 13:59:47.546770
125,lis_vegetables,403,8,2025-10-26 13:59:47.970306
125,lis_vegetables,403,188,2025-10-26 13:59:48.435395
125,lis_vegetables,403,32,2025-10-26 13:59:49.140420
125,lis_vegetables,403,82,2025-10-26 13:59:53.055112
125,lis_vegetables,403,8,2025-10-26 13:59:53.834545
125,lis_vegetables,403,82,2025-10-26 13:59:54.443381
125,lis_vegetables,403,83,2025-10-26 13:59:55.332294
125,lis_vegetables,403,8,2025-10-26 13:59:55.746462
125,lis_vegetables,403,65,2025-10-26 13:59:55.892277
125,lis_vegetables,403,68,2025-10-26 13:59:56.707772
125,lis_vegetables,403,48,2025-10-26 13:59:57.636233
125,lis_vegetables,403,8,2025-10-26 13:59:58.083803
125,lis_vegetables,403,85,2025-10-26 13:59:58.386414
125,lis_vegetables,403,8,2025-10-26 13:59:58.771335
125,lis_vegetables,403,73,2025-10-26 13:59:59.050422
125,lis_vegetables,403,68,2025-10-26 13:59:59.883876
125,lis_vegetables,403,8,2025-10-26 14:00:00.292437
125,lis_vegetables,403,82,2025-10-26 14:00:00.540460
125,lis_vegetables,403,8,2025-10-26 14:00:01.178940
125,lis_vegetables,403,68,2025-10-26 14:00:01.370913
125,lis_vegetables,403,8,2025-10-26 14:00:01.843434
125,lis_vegetables,403,69,2025-10-26 14:00:01.978947
125,lis_vegetables,403,8,2025-10-26 14:00:02.467469
125,lis_vegetables,403,88,2025-10-26 14:00:02.812631
125,lis_vegetables,403,68,2025-10-26 14:00:02.812631
125,lis_vegetables,403,8,2025-10-26 14:00:03.227577
125,lis_vegetables,403,8,2025-10-26 14:00:03.411472
125,lis_vegetables,403,70,2025-10-26 14:00:03.546819
125,lis_vegetables,403,8,2025-10-26 14:00:04.011664
125,lis_vegetables,403,71,2025-10-26 14:00:04.178584
125,lis_vegetables,403,8,2025-10-26 14:00:04.563481
125,lis_vegetables,403,87,2025-10-26 14:00:04.851058
125,lis_vegetables,403,8,2025-10-26 14:00:05.268733
125,lis_vegetables,403,81,2025-10-26 14:00:05.491582
125,lis_vegetables,403,8,2025-10-26 14:00:05.891716
125,lis_vegetables,403,83,2025-10-26 14:00:06.051583
125,lis_vegetables,403,85,2025-10-26 14:00:07.115725
125,lis_vegetables,403,89,2025-10-26 14:00:07.154735
125,lis_vegetables,403,8,2025-10-26 14:00:07.473844
125,lis_vegetables,403,8,2025-10-26 14:00:07.657897
125,lis_vegetables,403,85,2025-10-26 14:00:07.779130
125,lis_vegetables,403,84,2025-10-26 14:00:08.155154
125,lis_vegetables,403,8,2025-10-26 14:00:08.354691
125,lis_vegetables,403,8,2025-10-26 14:00:08.548815
125,lis_vegetables,403,84,2025-10-26 14:00:08.659775
125,lis_vegetables,403,8,2025-10-26 14:00:09.050720
125,lis_vegetables,403,85,2025-10-26 14:00:09.371721
125,lis_vegetables,403,8,2025-10-26 14:00:09.859264
125,lis_vegetables,403,73,2025-10-26 14:00:10.051031
125,lis_vegetables,403,8,2025-10-26 14:00:10.547865
125,lis_vegetables,403,74,2025-10-26 14:00:10.803743
125,lis_vegetables,403,8,2025-10-26 14:00:11.204987
125,lis_vegetables,403,66,2025-10-26 14:00:11.412307
125,lis_vegetables,403,37,2025-10-26 14:00:13.211690
125,lis_vegetables,403,8,2025-10-26 14:00:13.932049
125,lis_vegetables,403,40,2025-10-26 14:00:14.547055
125,lis_vegetables,403,190,2025-10-26 14:00:15.204140
125,lis_vegetables,403,8,2025-10-26 14:00:16.019175
125,lis_vegetables,403,77,2025-10-26 14:00:16.251954
125,lis_vegetables,403,8,2025-10-26 14:00:16.740188
125,lis_vegetables,403,66,2025-10-26 14:00:16.901250
125,lis_vegetables,403,8,2025-10-26 14:00:17.348622
125,lis_vegetables,403,188,2025-10-26 14:00:17.709522
125,lis_vegetables,403,32,2025-10-26 14:00:18.532182
125,lis_vegetables,403,76,2025-10-26 14:00:24.956527
125,lis_vegetables,403,82,2025-10-26 14:00:25.668796
125,lis_vegetables,403,8,2025-10-26 14:00:26.301161
125,lis_vegetables,403,82,2025-10-26 14:00:26.788369
125,lis_vegetables,403,8,2025-10-26 14:00:27.187340
125,lis_vegetables,403,84,2025-10-26 14:00:27.308380
125,lis_vegetables,403,8,2025-10-26 14:00:27.764707
125,lis_vegetables,403,69,2025-10-26 14:00:27.965373
125,lis_vegetables,403,89,2025-10-26 14:00:28.844233
125,lis_vegetables,403,8,2025-10-26 14:00:29.277394
125,lis_vegetables,403,89,2025-10-26 14:00:29.523453
125,lis_vegetables,403,8,2025-10-26 14:00:29.908060
125,lis_vegetables,403,71,2025-10-26 14:00:30.004531
125,lis_vegetables,403,71,2025-10-26 14:00:30.188562
125,lis_vegetables,403,8,2025-10-26 14:00:30.444536
125,lis_vegetables,403,8,2025-10-26 14:00:30.691624
125,lis_vegetables,403,72,2025-10-26 14:00:30.913925
125,lis_vegetables,403,8,2025-10-26 14:00:31.380162
125,lis_vegetables,403,89,2025-10-26 14:00:31.620515
125,lis_vegetables,403,8,2025-10-26 14:00:32.179484
125,lis_vegetables,403,84,2025-10-26 14:00:32.444553
125,lis_vegetables,403,84,2025-10-26 14:00:33.102163
125,lis_vegetables,403,57,2025-10-26 14:00:33.758035
125,lis_vegetables,403,8,2025-10-26 14:00:34.179221
125,lis_vegetables,403,85,2025-10-26 14:00:34.347774
125,lis_vegetables,403,8,2025-10-26 14:00:36.342366
