125,rec_palindrome,101,40,2025-10-26 14:00:44.547475
125,rec_palindrome,101,40,2025-10-26 14:00:45.364830
125,rec_palindrome,101,40,2025-10-26 14:00:45.780134
125,rec_palindrome,101,40,2025-10-26 14:00:46.083592
125,rec_palindrome,101,40,2025-10-26 14:00:46.371505
125,rec_palindrome,101,40,2025-10-26 14:00:46.611934
125,rec_palindrome,101,39,2025-10-26 14:00:46.845711
125,rec_palindrome,101,39,2025-10-26 14:00:47.275485
125,rec_palindrome,101,40,2025-10-26 14:00:47.547959
125,rec_palindrome,101,40,2025-10-26 14:00:47.964926
125,rec_palindrome,101,39,2025-10-26 14:00:48.459707
125,rec_palindrome,101,39,2025-10-26 14:00:48.908325
125,rec_palindrome,101,40,2025-10-26 14:00:49.284860
125,rec_palindrome,101,40,2025-10-26 14:00:49.764613
125,rec_palindrome,101,38,2025-10-26 14:00:50.644978
125,rec_palindrome,101,37,2025-10-26 14:00:51.676355
125,rec_palindrome,101,39,2025-10-26 14:00:52.214685
125,rec_palindrome,101,40,2025-10-26 14:00:53.188599
125,rec_palindrome,101,9,2025-10-26 14:00:53.949556
125,rec_palindrome,101,73,2025-10-26 14:00:55.062293
125,rec_palindrome,101,70,2025-10-26 14:00:55.651721
125,rec_palindrome,101,32,2025-10-26 14:00:56.157117
125,rec_palindrome,101,83,2025-10-26 14:00:56.500617
125,rec_palindrome,101,89,2025-10-26 14:00:56.998816
125,rec_palindrome,101,187,2025-10-26 14:00:57.725294
125,rec_palindrome,101,8,2025-10-26 14:00:58.126873
125,rec_palindrome,101,8,2025-10-26 14:00:58.293066
125,rec_palindrome,101,84,2025-10-26 14:00:58.629963
125,rec_palindrome,101,83,2025-10-26 14:00:59.533339
125,rec_palindrome,101,8,2025-10-26 14:01:00.008022
125,rec_palindrome,101,68,2025-10-26 14:01:00.148603
125,rec_palindrome,101,8,2025-10-26 14:01:00.743156
125,rec_palindrome,101,83,2025-10-26 14:01:00.886082
125,rec_palindrome,101,89,2025-10-26 14:01:01.702104
125,rec_palindrome,101,8,2025-10-26 14:01:02.191612
125,rec_palindrome,101,8,2025-10-26 14:01:02.445841
125,rec_palindrome,101,87,2025-10-26 14:01:02.868863
125,rec_palindrome,101,8,2025-10-26 14:01:03.336027
125,rec_palindrome,101,90,2025-10-26 14:01:03.916498
125,rec_palindrome,101,8,2025-10-26 14:01:04.495835
125,rec_palindrome,101,91,2025-10-26 14:01:05.669284
125,rec_palindrome,101,90,2025-10-26 14:01:06.316159
125,rec_palindrome,101,8,2025-10-26 14:01:07.799509
125,rec_palindrome,101,65,2025-10-26 14:01:07.941197
125,rec_palindrome,101,84,2025-10-26 14:01:09.080137
125,rec_palindrome,101,8,2025-10-26 14:01:09.702332
125,rec_palindrome,101,8,2025-10-26 14:01:09.917420
125,rec_palindrome,101,53,2025-10-26 14:01:10.630322
125,rec_palindrome,101,8,2025-10-26 14:01:11.118821
125,rec_palindrome,101,52,2025-10-26 14:01:11.461588
125,rec_palindrome,101,8,2025-10-26 14:01:12.006792
125,rec_palindrome,101,70,2025-10-26 14:01:12.302654
125,rec_palindrome,101,8,2025-10-26 14:01:12.958401
125,rec_palindrome,101,68,2025-10-26 14:01:13.148943
125,rec_palindrome,101,8,2025-10-26 14:01:13.704128
125,rec_palindrome,101,89,2025-10-26 14:01:14.356920
125,rec_palindrome,101,8,2025-10-26 14:01:14.917168
125,rec_palindrome,101,84,2025-10-26 14:01:15.464223
125,rec_palindrome,101,37,2025-10-26 14:01:16.895617
125,rec_palindrome,101,8,2025-10-26 14:01:17.478140
125,rec_palindrome,101,39,2025-10-26 14:01:18.173362
125,rec_palindrome,101,84,2025-10-26 14:01:18.557096
125,rec_palindrome,101,32,2025-10-26 14:01:19.445461
125,rec_palindrome,101,16,2025-10-26 14:01:21.460616
125,rec_palindrome,101,191,2025-10-26 14:01:21.597146
125,rec_palindrome,101,8,2025-10-26 14:01:22.151244
125,rec_palindrome,101,16,2025-10-26 14:01:22.637294
125,rec_palindrome,101,16,2025-10-26 14:01:22.883119
125,rec_palindrome,101,16,2025-10-26 14:01:23.620669
125,rec_palindrome,101,191,2025-10-26 14:01:23.780744
125,rec_palindrome,101,8,2025-10-26 14:01:24.415275
125,rec_palindrome,101,16,2025-10-26 14:01:25.380526
125,rec_palindrome,101,16,2025-10-26 14:01:25.555322
125,rec_palindrome,101,16,2025-10-26 14:01:26.043137
125,rec_palindrome,101,191,2025-10-26 14:01:26.181983
125,rec_palindrome,101,8,2025-10-26 14:01:27.144241
125,rec_palindrome,101,16,2025-10-26 14:01:27.469126
125,rec_palindrome,101,188,2025-10-26 14:01:27.758377
125,rec_palindrome,101,8,2025-10-26 14:01:28.751393
125,rec_palindrome,101,16,2025-10-26 14:01:29.524745
125,rec_palindrome,101,77,2025-10-26 14:01:29.645021
125,rec_palindrome,101,16,2025-10-26 14:01:30.757425
125,rec_palindrome,101,188,2025-10-26 14:01:30.885484
125,rec_palindrome,101,16,2025-10-26 14:01:31.564651
125,rec_palindrome,101,190,2025-10-26 14:01:31.895135
125,rec_palindrome,101,37,2025-10-26 14:01:33.608304
125,rec_palindrome,101,8,2025-10-26 14:01:34.253841
125,rec_palindrome,101,8,2025-10-26 14:01:34.655543
125,rec_palindrome,101,39,2025-10-26 14:01:35.245774
125,rec_palindrome,101,221,2025-10-26 14:01:36.743306
125,rec_palindrome,101,8,2025-10-26 14:01:37.519271
125,rec_palindrome,101,80,2025-10-26 14:01:38.358349
125,rec_palindrome,101,32,2025-10-26 14:01:39.472073
125,rec_palindrome,101,82,2025-10-26 14:01:40.445844
125,rec_palindrome,101,8,2025-10-26 14:01:41.112369
125,rec_palindrome,101,69,2025-10-26 14:01:41.293829
125,rec_palindrome,101,77,2025-10-26 14:01:42.598852
125,rec_palindrome,101,8,2025-10-26 14:01:43.309948
125,rec_palindrome,101,77,2025-10-26 14:01:43.806556
125,rec_palindrome,101,8,2025-10-26 14:01:44.544744
125,rec_palindrome,101,78,2025-10-26 14:01:44.749971
125,rec_palindrome,101,70,2025-10-26 14:01:45.799172
125,rec_palindrome,101,8,2025-10-26 14:01:47.480430
125,rec_palindrome,101,68,2025-10-26 14:01:47.662839
125,rec_palindrome,101,16,2025-10-26 14:01:48.645062
125,rec_palindrome,101,13,2025-10-26 14:01:48.814140
125,rec_palindrome,101,8,2025-10-26 14:01:49.729615
125,rec_palindrome,101,37,2025-10-26 14:01:50.968123
125,rec_palindrome,101,37,2025-10-26 14:01:51.239196
125,rec_palindrome,101,37,2025-10-26 14:01:51.366530
125,rec_palindrome,101,37,2025-10-26 14:01:51.743090
125,rec_palindrome,101,8,2025-10-26 14:01:52.715323
125,rec_palindrome,101,222,2025-10-26 14:01:54.919285
125,rec_palindrome,101,8,2025-10-26 14:01:55.991681
125,rec_palindrome,101,80,2025-10-26 14:01:56.438419
125,rec_palindrome,101,8,2025-10-26 14:01:58.337257
125,rec_palindrome,101,186,2025-10-26 14:01:58.783016
125,rec_palindrome,101,8,2025-10-26 14:01:59.265282
125,rec_palindrome,101,76,2025-10-26 14:01:59.415402
125,rec_palindrome,101,8,2025-10-26 14:01:59.872988
125,rec_palindrome,101,190,2025-10-26 14:02:00.007360
125,rec_palindrome,101,8,2025-10-26 14:02:00.647820
125,rec_palindrome,101,18,2025-10-26 14:02:01.254497
125,rec_palindrome,101,76,2025-10-26 14:02:01.943461
125,rec_palindrome,101,8,2025-10-26 14:02:02.498059
125,rec_palindrome,101,79,2025-10-26 14:02:02.790468
125,rec_palindrome,101,8,2025-10-26 14:02:03.441359
125,rec_palindrome,101,219,2025-10-26 14:02:04.263483
125,rec_palindrome,101,8,2025-10-26 14:02:04.816873
125,rec_palindrome,101,186,2025-10-26 14:02:05.087504
125,rec_palindrome,101,8,2025-10-26 14:02:05.640319
125,rec_palindrome,101,191,2025-10-26 14:02:05.959345
125,rec_palindrome,101,8,2025-10-26 14:02:06.456704
125,rec_palindrome,101,93,2025-10-26 14:02:06.806193
125,rec_palindrome,101,76,2025-10-26 14:02:11.676891
125,rec_palindrome,101,13,2025-10-26 14:02:25.955519
125,rec_palindrome,101,20,2025-10-26 14:02:26.438881
125,rec_palindrome,101,9,2025-10-26 14:02:27.352978
125,rec_palindrome,101,84,2025-10-26 14:02:28.887679
125,rec_palindrome,101,8,2025-10-26 14:02:29.449108
125,rec_palindrome,101,70,2025-10-26 14:02:30.431389
125,rec_palindrome,101,8,2025-10-26 14:02:31.185163
125,rec_palindrome,101,71,2025-10-26 14:02:31.968465
125,rec_palindrome,101,8,2025-10-26 14:02:32.425975
125,rec_palindrome,101,82,2025-10-26 14:02:32.718381
125,rec_palindrome,101,8,2025-10-26 14:02:34.130987
125,rec_palindrome,101,84,2025-10-26 14:02:34.255820
125,rec_palindrome,101,8,2025-10-26 14:02:34.841524
125,rec_palindrome,101,70,2025-10-26 14:02:35.106572
125,rec_palindrome,101,8,2025-10-26 14:02:35.697564
125,rec_palindrome,101,68,2025-10-26 14:02:35.822990
125,rec_palindrome,101,8,2025-10-26 14:02:36.281300
125,rec_palindrome,101,86,2025-10-26 14:02:36.433714
125,rec_palindrome,101,20,2025-10-26 14:02:37.190838
125,rec_palindrome,101,8,2025-10-26 14:02:37.417122
125,rec_palindrome,101,71,2025-10-26 14:02:37.911350
125,rec_palindrome,101,71,2025-10-26 14:02:38.697303
125,rec_palindrome,101,71,2025-10-26 14:02:38.959538
125,rec_palindrome,101,71,2025-10-26 14:02:39.336105
125,rec_palindrome,101,8,2025-10-26 14:02:39.585957
125,rec_palindrome,101,8,2025-10-26 14:02:39.792918
125,rec_palindrome,101,8,2025-10-26 14:02:39.984797
125,rec_palindrome,101,8,2025-10-26 14:02:40.112187
125,rec_palindrome,101,20,2025-10-26 14:02:40.542418
125,rec_palindrome,101,72,2025-10-26 14:02:41.064963
125,rec_palindrome,101,72,2025-10-26 14:02:41.633373
125,rec_palindrome,101,8,2025-10-26 14:02:41.874167
125,rec_palindrome,101,8,2025-10-26 14:02:42.113155
125,rec_palindrome,101,20,2025-10-26 14:02:42.590509
125,rec_palindrome,101,20,2025-10-26 14:02:42.751901
125,rec_palindrome,101,82,2025-10-26 14:02:43.474456
125,rec_palindrome,101,8,2025-10-26 14:02:44.754173
125,rec_palindrome,101,8,2025-10-26 14:02:44.991316
125,rec_palindrome,101,84,2025-10-26 14:02:45.463335
125,rec_palindrome,101,8,2025-10-26 14:02:45.995396
125,rec_palindrome,101,82,2025-10-26 14:02:46.264580
125,rec_palindrome,101,82,2025-10-26 14:02:47.480481
125,rec_palindrome,101,8,2025-10-26 14:02:48.738830
125,rec_palindrome,101,84,2025-10-26 14:02:49.176148
125,rec_palindrome,101,37,2025-10-26 14:02:50.041900
125,rec_palindrome,101,82,2025-10-26 14:02:50.888592
125,rec_palindrome,101,8,2025-10-26 14:02:51.521557
125,rec_palindrome,101,69,2025-10-26 14:02:51.848754
125,rec_palindrome,101,39,2025-10-26 14:02:53.235828
125,rec_palindrome,101,84,2025-10-26 14:02:53.833830
125,rec_palindrome,101,8,2025-10-26 14:02:54.289816
125,rec_palindrome,101,84,2025-10-26 14:02:54.521216
125,rec_palindrome,101,8,2025-10-26 14:02:55.019174
125,rec_palindrome,101,8,2025-10-26 14:02:55.170288
125,rec_palindrome,101,85,2025-10-26 14:02:55.376351
125,rec_palindrome,101,8,2025-10-26 14:02:55.873354
125,rec_palindrome,101,85,2025-10-26 14:02:56.264855
125,rec_palindrome,101,82,2025-10-26 14:02:57.425366
125,rec_palindrome,101,77,2025-10-26 14:02:58.537671
125,rec_palindrome,101,32,2025-10-26 14:02:59.328395
125,rec_palindrome,101,90,2025-10-26 14:03:01.329444
125,rec_palindrome,101,84,2025-10-26 14:03:01.535464
125,rec_palindrome,101,8,2025-10-26 14:03:02.153683
125,rec_palindrome,101,8,2025-10-26 14:03:02.297461
125,rec_palindrome,101,90,2025-10-26 14:03:02.601118
125,rec_palindrome,101,82,2025-10-26 14:03:02.847241
125,rec_palindrome,101,8,2025-10-26 14:03:03.531986
125,rec_palindrome,101,8,2025-10-26 14:03:03.705242
125,rec_palindrome,101,84,2025-10-26 14:03:03.825528
125,rec_palindrome,101,82,2025-10-26 14:03:04.201053
125,rec_palindrome,101,56,2025-10-26 14:03:04.866030
125,rec_palindrome,101,8,2025-10-26 14:03:05.522676
125,rec_palindrome,101,8,2025-10-26 14:03:05.730568
125,rec_palindrome,101,85,2025-10-26 14:03:06.224761
125,rec_palindrome,101,8,2025-10-26 14:03:06.819237
125,rec_palindrome,101,84,2025-10-26 14:03:07.121756
125,rec_palindrome,101,8,2025-10-26 14:03:07.721641
125,rec_palindrome,101,82,2025-10-26 14:03:07.842141
125,rec_palindrome,101,57,2025-10-26 14:03:08.736771
125,rec_palindrome,101,8,2025-10-26 14:03:09.219303
125,rec_palindrome,101,89,2025-10-26 14:03:09.474684
125,rec_palindrome,101,8,2025-10-26 14:03:10.040143
125,rec_palindrome,101,69,2025-10-26 14:03:10.649500
125,rec_palindrome,101,13,2025-10-26 14:03:11.927171
125,rec_palindrome,101,8,2025-10-26 14:03:12.899670
125,rec_palindrome,101,8,2025-10-26 14:03:13.913965
125,rec_palindrome,101,220,2025-10-26 14:03:14.712607
125,rec_palindrome,101,8,2025-10-26 14:03:15.312546
125,rec_palindrome,101,8,2025-10-26 14:03:15.530225
125,rec_palindrome,101,32,2025-10-26 14:03:16.073526
125,rec_palindrome,101,8,2025-10-26 14:03:16.699009
125,rec_palindrome,101,13,2025-10-26 14:03:17.650936
125,rec_palindrome,101,48,2025-10-26 14:03:24.363222
125,rec_palindrome,101,70,2025-10-26 14:03:24.391487
125,rec_palindrome,101,123,2025-10-26 14:03:25.222654
125,rec_palindrome,101,8,2025-10-26 14:03:35.560204
125,rec_palindrome,101,73,2025-10-26 14:03:38.352645
125,rec_palindrome,101,88,2025-10-26 14:03:38.381838
125,rec_palindrome,101,74,2025-10-26 14:03:38.529642
125,rec_palindrome,101,73,2025-10-26 14:03:40.169826
125,rec_palindrome,101,74,2025-10-26 14:03:40.296897
125,rec_palindrome,101,73,2025-10-26 14:03:40.496674
125,rec_palindrome,101,74,2025-10-26 14:03:40.576659
125,rec_palindrome,101,65,2025-10-26 14:03:40.752798
125,rec_palindrome,101,79,2025-10-26 14:03:40.855926
125,rec_palindrome,101,80,2025-10-26 14:03:40.879401
125,rec_palindrome,101,88,2025-10-26 14:03:41.057304
125,rec_palindrome,101,16,2025-10-26 14:03:41.232045
125,rec_palindrome,101,91,2025-10-26 14:03:41.278228
125,rec_palindrome,101,76,2025-10-26 14:03:41.375843
125,rec_palindrome,101,186,2025-10-26 14:03:41.674890
125,rec_palindrome,101,76,2025-10-26 14:03:41.777074
125,rec_palindrome,101,186,2025-10-26 14:03:41.935723
125,rec_palindrome,101,76,2025-10-26 14:03:42.007936
