131,pro_size,302,40,2025-10-29 07:54:50.756979
131,pro_size,302,40,2025-10-29 07:54:50.768543
131,pro_size,302,40,2025-10-29 07:54:50.778604
131,pro_size,302,38,2025-10-29 07:54:50.789115
131,pro_size,302,87,2025-10-29 07:54:58.351352
131,pro_size,302,72,2025-10-29 07:54:58.468128
131,pro_size,302,73,2025-10-29 07:54:58.684100
131,pro_size,302,67,2025-10-29 07:54:58.804039
131,pro_size,302,72,2025-10-29 07:54:58.916467
131,pro_size,302,32,2025-10-29 07:54:59.005452
131,pro_size,302,73,2025-10-29 07:54:59.365889
131,pro_size,302,83,2025-10-29 07:54:59.469294
131,pro_size,302,32,2025-10-29 07:54:59.516700
131,pro_size,302,83,2025-10-29 07:54:59.804640
131,pro_size,302,77,2025-10-29 07:54:59.933512
131,pro_size,302,65,2025-10-29 07:55:00.013835
131,pro_size,302,76,2025-10-29 07:55:00.621937
131,pro_size,302,76,2025-10-29 07:55:00.733658
131,pro_size,302,69,2025-10-29 07:55:00.820606
131,pro_size,302,82,2025-10-29 07:55:00.867421
131,pro_size,302,32,2025-10-29 07:55:00.949087
131,pro_size,302,84,2025-10-29 07:55:01.181085
131,pro_size,302,72,2025-10-29 07:55:01.270106
131,pro_size,302,65,2025-10-29 07:55:01.358081
131,pro_size,302,78,2025-10-29 07:55:01.470020
131,pro_size,302,32,2025-10-29 07:55:01.549920
131,pro_size,302,65,2025-10-29 07:55:01.750249
131,pro_size,302,32,2025-10-29 07:55:01.934348
131,pro_size,302,80,2025-10-29 07:55:09.184856
131,pro_size,302,65,2025-10-29 07:55:09.245649
131,pro_size,302,67,2025-10-29 07:55:09.334479
131,pro_size,302,75,2025-10-29 07:55:09.462546
131,pro_size,302,69,2025-10-29 07:55:09.598692
131,pro_size,302,84,2025-10-29 07:55:09.693903
131,pro_size,302,32,2025-10-29 07:55:09.758195
131,pro_size,302,79,2025-10-29 07:55:10.165792
131,pro_size,302,70,2025-10-29 07:55:10.253636
131,pro_size,302,32,2025-10-29 07:55:10.358769
131,pro_size,302,68,2025-10-29 07:55:10.727564
131,pro_size,302,73,2025-10-29 07:55:10.862438
131,pro_size,302,82,2025-10-29 07:55:11.550283
131,pro_size,302,84,2025-10-29 07:55:11.773210
131,pro_size,302,13,2025-10-29 07:55:12.295107
131,pro_size,302,87,2025-10-29 07:55:12.927318
131,pro_size,302,72,2025-10-29 07:55:13.037679
131,pro_size,302,73,2025-10-29 07:55:14.391907
131,pro_size,302,67,2025-10-29 07:55:14.950368
131,pro_size,302,72,2025-10-29 07:55:15.046105
131,pro_size,302,32,2025-10-29 07:55:15.134471
131,pro_size,302,73,2025-10-29 07:55:15.373312
131,pro_size,302,83,2025-10-29 07:55:15.455521
131,pro_size,302,32,2025-10-29 07:55:15.540711
131,pro_size,302,83,2025-10-29 07:55:15.829471
131,pro_size,302,77,2025-10-29 07:55:15.941458
131,pro_size,302,65,2025-10-29 07:55:16.030080
131,pro_size,302,76,2025-10-29 07:55:16.310492
131,pro_size,302,76,2025-10-29 07:55:16.559862
131,pro_size,302,69,2025-10-29 07:55:16.670620
131,pro_size,302,82,2025-10-29 07:55:16.750249
131,pro_size,302,32,2025-10-29 07:55:16.822616
131,pro_size,302,84,2025-10-29 07:55:17.062518
131,pro_size,302,72,2025-10-29 07:55:17.141235
131,pro_size,302,65,2025-10-29 07:55:17.254220
131,pro_size,302,78,2025-10-29 07:55:17.340493
131,pro_size,302,32,2025-10-29 07:55:17.453437
131,pro_size,302,65,2025-10-29 07:55:18.102002
131,pro_size,302,32,2025-10-29 07:55:18.182376
131,pro_size,302,80,2025-10-29 07:55:18.999101
131,pro_size,302,69,2025-10-29 07:55:19.044057
131,pro_size,302,84,2025-10-29 07:55:19.134290
131,pro_size,302,65,2025-10-29 07:55:19.301069
131,pro_size,302,76,2025-10-29 07:55:19.604960
131,pro_size,302,32,2025-10-29 07:55:19.758762
131,pro_size,302,79,2025-10-29 07:55:20.151311
131,pro_size,302,78,2025-10-29 07:55:20.358773
131,pro_size,302,32,2025-10-29 07:55:20.550587
131,pro_size,302,65,2025-10-29 07:55:20.645789
131,pro_size,302,32,2025-10-29 07:55:20.709134
131,pro_size,302,70,2025-10-29 07:55:20.868977
131,pro_size,302,79,2025-10-29 07:55:21.159816
131,pro_size,302,8,2025-10-29 07:55:21.493496
131,pro_size,302,76,2025-10-29 07:55:21.717581
131,pro_size,302,79,2025-10-29 07:55:21.926757
131,pro_size,302,87,2025-10-29 07:55:21.998432
131,pro_size,302,69,2025-10-29 07:55:22.069654
131,pro_size,302,82,2025-10-29 07:55:22.177700
131,pro_size,302,13,2025-10-29 07:55:22.814139
131,pro_size,302,87,2025-10-29 07:55:23.200208
131,pro_size,302,72,2025-10-29 07:55:23.310668
131,pro_size,302,73,2025-10-29 07:55:23.495727
131,pro_size,302,67,2025-10-29 07:55:23.613659
131,pro_size,302,72,2025-10-29 07:55:23.718806
131,pro_size,302,32,2025-10-29 07:55:23.806245
131,pro_size,302,73,2025-10-29 07:55:24.006844
131,pro_size,302,83,2025-10-29 07:55:24.085322
131,pro_size,302,32,2025-10-29 07:55:24.159593
131,pro_size,302,83,2025-10-29 07:55:24.335628
131,pro_size,302,77,2025-10-29 07:55:24.455493
131,pro_size,302,65,2025-10-29 07:55:24.590817
131,pro_size,302,76,2025-10-29 07:55:24.709793
131,pro_size,302,76,2025-10-29 07:55:24.838794
131,pro_size,302,69,2025-10-29 07:55:24.917002
131,pro_size,302,82,2025-10-29 07:55:24.966415
131,pro_size,302,32,2025-10-29 07:55:25.047275
131,pro_size,302,84,2025-10-29 07:55:25.327467
131,pro_size,302,65,2025-10-29 07:55:25.495857
131,pro_size,302,8,2025-10-29 07:55:25.844624
131,pro_size,302,72,2025-10-29 07:55:26.297406
131,pro_size,302,65,2025-10-29 07:55:26.477025
131,pro_size,302,78,2025-10-29 07:55:26.567004
131,pro_size,302,32,2025-10-29 07:55:26.727369
131,pro_size,302,65,2025-10-29 07:55:27.014573
131,pro_size,302,32,2025-10-29 07:55:27.085814
131,pro_size,302,8,2025-10-29 07:55:32.455694
131,pro_size,302,78,2025-10-29 07:55:32.991935
131,pro_size,302,32,2025-10-29 07:55:33.110587
131,pro_size,302,69,2025-10-29 07:55:33.622328
131,pro_size,302,78,2025-10-29 07:55:33.735261
131,pro_size,302,84,2025-10-29 07:55:33.869762
131,pro_size,302,73,2025-10-29 07:55:33.975317
131,pro_size,302,82,2025-10-29 07:55:34.070899
131,pro_size,302,69,2025-10-29 07:55:34.134660
131,pro_size,302,32,2025-10-29 07:55:34.215082
131,pro_size,302,70,2025-10-29 07:55:34.630584
131,pro_size,302,76,2025-10-29 07:55:34.734223
131,pro_size,302,79,2025-10-29 07:55:34.909582
131,pro_size,302,87,2025-10-29 07:55:34.999167
131,pro_size,302,69,2025-10-29 07:55:35.037113
131,pro_size,302,82,2025-10-29 07:55:35.103239
131,pro_size,302,13,2025-10-29 07:55:35.422231
131,pro_size,302,87,2025-10-29 07:55:35.935092
131,pro_size,302,72,2025-10-29 07:55:36.038841
131,pro_size,302,73,2025-10-29 07:55:36.215139
131,pro_size,302,67,2025-10-29 07:55:36.302406
131,pro_size,302,72,2025-10-29 07:55:36.414158
131,pro_size,302,32,2025-10-29 07:55:36.494184
131,pro_size,302,73,2025-10-29 07:55:36.733140
131,pro_size,302,83,2025-10-29 07:55:36.811649
131,pro_size,302,32,2025-10-29 07:55:36.876693
131,pro_size,302,83,2025-10-29 07:55:37.077740
131,pro_size,302,77,2025-10-29 07:55:37.198254
131,pro_size,302,65,2025-10-29 07:55:37.310155
131,pro_size,302,76,2025-10-29 07:55:37.438209
131,pro_size,302,76,2025-10-29 07:55:37.566774
131,pro_size,302,69,2025-10-29 07:55:37.638915
131,pro_size,302,82,2025-10-29 07:55:37.703625
131,pro_size,302,32,2025-10-29 07:55:37.783027
131,pro_size,302,84,2025-10-29 07:55:38.529296
131,pro_size,302,72,2025-10-29 07:55:38.613690
131,pro_size,302,65,2025-10-29 07:55:39.309318
131,pro_size,302,78,2025-10-29 07:55:39.374260
131,pro_size,302,32,2025-10-29 07:55:39.502234
131,pro_size,302,65,2025-10-29 07:55:40.824350
131,pro_size,302,32,2025-10-29 07:55:40.926654
131,pro_size,302,66,2025-10-29 07:55:41.173028
131,pro_size,302,82,2025-10-29 07:55:41.270984
131,pro_size,302,65,2025-10-29 07:55:41.358355
131,pro_size,302,78,2025-10-29 07:55:41.455279
131,pro_size,302,67,2025-10-29 07:55:41.630342
131,pro_size,302,72,2025-10-29 07:55:41.702835
131,pro_size,302,32,2025-10-29 07:55:41.783216
131,pro_size,302,79,2025-10-29 07:55:42.078670
131,pro_size,302,78,2025-10-29 07:55:42.286174
131,pro_size,302,32,2025-10-29 07:55:42.381610
131,pro_size,302,65,2025-10-29 07:55:42.495313
131,pro_size,302,32,2025-10-29 07:55:42.580342
131,pro_size,302,84,2025-10-29 07:55:42.743448
131,pro_size,302,82,2025-10-29 07:55:42.919867
131,pro_size,302,69,2025-10-29 07:55:43.007161
131,pro_size,302,69,2025-10-29 07:55:43.190634
131,pro_size,302,13,2025-10-29 07:55:43.349405
131,pro_size,302,87,2025-10-29 07:55:43.895448
131,pro_size,302,72,2025-10-29 07:55:44.159905
131,pro_size,302,73,2025-10-29 07:55:44.477630
131,pro_size,302,67,2025-10-29 07:55:44.614943
131,pro_size,302,72,2025-10-29 07:55:44.694428
131,pro_size,302,32,2025-10-29 07:55:44.781523
131,pro_size,302,73,2025-10-29 07:55:44.991448
131,pro_size,302,83,2025-10-29 07:55:45.063449
131,pro_size,302,32,2025-10-29 07:55:45.127742
131,pro_size,302,83,2025-10-29 07:55:45.302436
131,pro_size,302,77,2025-10-29 07:55:45.407588
131,pro_size,302,65,2025-10-29 07:55:45.486946
131,pro_size,302,76,2025-10-29 07:55:45.605797
131,pro_size,302,76,2025-10-29 07:55:45.750681
131,pro_size,302,69,2025-10-29 07:55:45.821500
131,pro_size,302,82,2025-10-29 07:55:45.895484
131,pro_size,302,32,2025-10-29 07:55:45.950956
131,pro_size,302,84,2025-10-29 07:55:46.143332
131,pro_size,302,72,2025-10-29 07:55:46.230523
131,pro_size,302,65,2025-10-29 07:55:46.326599
131,pro_size,302,78,2025-10-29 07:55:46.431797
131,pro_size,302,32,2025-10-29 07:55:46.527547
131,pro_size,302,84,2025-10-29 07:55:50.024606
131,pro_size,302,69,2025-10-29 07:55:50.144626
131,pro_size,302,32,2025-10-29 07:55:50.373792
131,pro_size,302,8,2025-10-29 07:55:50.765791
131,pro_size,302,8,2025-10-29 07:55:50.927390
131,pro_size,302,8,2025-10-29 07:55:51.045669
131,pro_size,302,72,2025-10-29 07:55:51.360186
131,pro_size,302,69,2025-10-29 07:55:51.456044
131,pro_size,302,32,2025-10-29 07:55:51.528301
131,pro_size,302,69,2025-10-29 07:55:51.727165
131,pro_size,302,78,2025-10-29 07:55:51.823200
131,pro_size,302,84,2025-10-29 07:55:51.967213
131,pro_size,302,73,2025-10-29 07:55:52.063822
131,pro_size,302,82,2025-10-29 07:55:52.173737
131,pro_size,302,69,2025-10-29 07:55:52.238736
131,pro_size,302,32,2025-10-29 07:55:52.327188
131,pro_size,302,84,2025-10-29 07:55:52.592415
131,pro_size,302,82,2025-10-29 07:55:52.783421
131,pro_size,302,69,2025-10-29 07:55:52.853767
131,pro_size,302,69,2025-10-29 07:55:53.063154
131,pro_size,302,13,2025-10-29 07:55:53.540449
131,pro_size,302,87,2025-10-29 07:55:53.864430
131,pro_size,302,72,2025-10-29 07:55:53.975229
131,pro_size,302,73,2025-10-29 07:55:54.174950
131,pro_size,302,67,2025-10-29 07:55:54.302986
131,pro_size,302,72,2025-10-29 07:55:54.383575
131,pro_size,302,32,2025-10-29 07:55:54.479178
131,pro_size,302,73,2025-10-29 07:55:54.686448
131,pro_size,302,83,2025-10-29 07:55:54.749153
131,pro_size,302,32,2025-10-29 07:55:54.823902
131,pro_size,302,83,2025-10-29 07:55:54.992644
131,pro_size,302,77,2025-10-29 07:55:55.078429
131,pro_size,302,65,2025-10-29 07:55:55.199227
131,pro_size,302,76,2025-10-29 07:55:55.318831
131,pro_size,302,76,2025-10-29 07:55:55.446822
131,pro_size,302,69,2025-10-29 07:55:55.542802
131,pro_size,302,82,2025-10-29 07:55:55.613885
131,pro_size,302,32,2025-10-29 07:55:55.679259
131,pro_size,302,84,2025-10-29 07:55:55.895069
131,pro_size,302,72,2025-10-29 07:55:55.941816
131,pro_size,302,69,2025-10-29 07:55:55.965766
131,pro_size,302,32,2025-10-29 07:55:56.096122
131,pro_size,302,8,2025-10-29 07:55:56.486825
131,pro_size,302,8,2025-10-29 07:55:56.655542
131,pro_size,302,65,2025-10-29 07:55:56.887854
131,pro_size,302,78,2025-10-29 07:55:56.991914
131,pro_size,302,32,2025-10-29 07:55:57.096834
131,pro_size,302,84,2025-10-29 07:55:57.270543
131,pro_size,302,72,2025-10-29 07:55:57.310019
131,pro_size,302,69,2025-10-29 07:55:57.349439
131,pro_size,302,32,2025-10-29 07:55:57.391268
131,pro_size,302,70,2025-10-29 07:55:58.038840
131,pro_size,302,79,2025-10-29 07:55:58.151962
131,pro_size,302,82,2025-10-29 07:55:58.271182
131,pro_size,302,69,2025-10-29 07:55:58.383343
131,pro_size,302,83,2025-10-29 07:55:58.478981
131,pro_size,302,84,2025-10-29 07:55:58.631360
131,pro_size,302,13,2025-10-29 07:55:58.933916
131,pro_size,302,87,2025-10-29 07:55:59.872175
131,pro_size,302,72,2025-10-29 07:55:59.951900
131,pro_size,302,73,2025-10-29 07:56:00.173739
131,pro_size,302,67,2025-10-29 07:56:00.296522
131,pro_size,302,72,2025-10-29 07:56:00.392171
131,pro_size,302,32,2025-10-29 07:56:00.479404
131,pro_size,302,73,2025-10-29 07:56:00.702345
131,pro_size,302,83,2025-10-29 07:56:00.782613
131,pro_size,302,32,2025-10-29 07:56:00.863569
131,pro_size,302,83,2025-10-29 07:56:01.135033
131,pro_size,302,77,2025-10-29 07:56:01.215315
131,pro_size,302,65,2025-10-29 07:56:01.343425
131,pro_size,302,76,2025-10-29 07:56:01.465075
131,pro_size,302,76,2025-10-29 07:56:01.591135
131,pro_size,302,69,2025-10-29 07:56:01.687129
131,pro_size,302,82,2025-10-29 07:56:01.726954
131,pro_size,302,32,2025-10-29 07:56:01.799585
131,pro_size,302,84,2025-10-29 07:56:01.975750
131,pro_size,302,72,2025-10-29 07:56:02.071003
131,pro_size,302,65,2025-10-29 07:56:02.182140
131,pro_size,302,78,2025-10-29 07:56:02.271070
131,pro_size,302,32,2025-10-29 07:56:02.360070
131,pro_size,302,84,2025-10-29 07:56:02.607605
131,pro_size,302,72,2025-10-29 07:56:02.686626
131,pro_size,302,69,2025-10-29 07:56:02.728114
131,pro_size,302,32,2025-10-29 07:56:02.806192
131,pro_size,302,67,2025-10-29 07:56:06.017156
131,pro_size,302,79,2025-10-29 07:56:06.120554
131,pro_size,302,78,2025-10-29 07:56:06.318602
131,pro_size,302,84,2025-10-29 07:56:06.416452
131,pro_size,302,73,2025-10-29 07:56:06.551214
131,pro_size,302,78,2025-10-29 07:56:06.735176
131,pro_size,302,69,2025-10-29 07:56:06.832867
131,pro_size,302,78,2025-10-29 07:56:06.952227
131,pro_size,302,84,2025-10-29 07:56:07.024678
131,pro_size,302,32,2025-10-29 07:56:07.118697
131,pro_size,302,8,2025-10-29 07:56:07.784736
131,pro_size,302,13,2025-10-29 07:56:08.224029
131,pro_size,302,87,2025-10-29 07:56:08.678229
131,pro_size,302,72,2025-10-29 07:56:08.776360
131,pro_size,302,73,2025-10-29 07:56:08.969334
131,pro_size,302,67,2025-10-29 07:56:09.095758
131,pro_size,302,72,2025-10-29 07:56:09.190269
131,pro_size,302,32,2025-10-29 07:56:09.279872
131,pro_size,302,73,2025-10-29 07:56:09.529090
131,pro_size,302,83,2025-10-29 07:56:09.615574
131,pro_size,302,32,2025-10-29 07:56:09.701199
131,pro_size,302,83,2025-10-29 07:56:10.688464
131,pro_size,302,77,2025-10-29 07:56:10.807368
131,pro_size,302,65,2025-10-29 07:56:10.943338
131,pro_size,302,76,2025-10-29 07:56:11.287332
131,pro_size,302,76,2025-10-29 07:56:11.584775
131,pro_size,302,69,2025-10-29 07:56:11.727879
131,pro_size,302,82,2025-10-29 07:56:11.815847
131,pro_size,302,32,2025-10-29 07:56:11.887897
131,pro_size,302,84,2025-10-29 07:56:12.063356
131,pro_size,302,72,2025-10-29 07:56:12.168793
131,pro_size,302,65,2025-10-29 07:56:12.263356
131,pro_size,302,78,2025-10-29 07:56:12.367699
131,pro_size,302,32,2025-10-29 07:56:12.447464
131,pro_size,302,84,2025-10-29 07:56:13.560339
131,pro_size,302,72,2025-10-29 07:56:13.647444
131,pro_size,302,69,2025-10-29 07:56:13.695549
131,pro_size,302,32,2025-10-29 07:56:13.783415
131,pro_size,302,8,2025-10-29 07:56:14.583431
131,pro_size,302,8,2025-10-29 07:56:14.727943
131,pro_size,302,8,2025-10-29 07:56:14.879547
131,pro_size,302,8,2025-10-29 07:56:15.182493
131,pro_size,302,16,2025-10-29 07:56:15.270195
131,pro_size,302,69,2025-10-29 07:56:15.391479
131,pro_size,302,65,2025-10-29 07:56:15.728829
131,pro_size,302,82,2025-10-29 07:56:15.848075
131,pro_size,302,84,2025-10-29 07:56:16.055865
131,pro_size,302,72,2025-10-29 07:56:16.207581
131,pro_size,302,13,2025-10-29 07:56:16.624777
131,pro_size,302,87,2025-10-29 07:56:17.176550
131,pro_size,302,72,2025-10-29 07:56:17.280006
131,pro_size,302,73,2025-10-29 07:56:17.489158
131,pro_size,302,67,2025-10-29 07:56:17.583035
131,pro_size,302,72,2025-10-29 07:56:17.697540
131,pro_size,302,32,2025-10-29 07:56:17.783884
131,pro_size,302,73,2025-10-29 07:56:17.961078
131,pro_size,302,83,2025-10-29 07:56:18.069393
131,pro_size,302,32,2025-10-29 07:56:18.079600
131,pro_size,302,83,2025-10-29 07:56:18.359623
131,pro_size,302,77,2025-10-29 07:56:18.471794
131,pro_size,302,65,2025-10-29 07:56:18.598629
131,pro_size,302,76,2025-10-29 07:56:18.710187
131,pro_size,302,76,2025-10-29 07:56:18.838639
131,pro_size,302,69,2025-10-29 07:56:18.927844
131,pro_size,302,82,2025-10-29 07:56:18.999684
131,pro_size,302,32,2025-10-29 07:56:19.054960
131,pro_size,302,84,2025-10-29 07:56:19.503650
131,pro_size,302,72,2025-10-29 07:56:19.575809
131,pro_size,302,65,2025-10-29 07:56:19.696140
131,pro_size,302,78,2025-10-29 07:56:19.799648
131,pro_size,302,32,2025-10-29 07:56:19.870466
131,pro_size,302,84,2025-10-29 07:56:21.592905
131,pro_size,302,72,2025-10-29 07:56:21.672183
131,pro_size,302,69,2025-10-29 07:56:21.711159
131,pro_size,302,32,2025-10-29 07:56:21.775741
131,pro_size,302,83,2025-10-29 07:56:21.935696
131,pro_size,302,79,2025-10-29 07:56:22.032802
131,pro_size,302,76,2025-10-29 07:56:22.232849
131,pro_size,302,65,2025-10-29 07:56:22.318721
131,pro_size,302,82,2025-10-29 07:56:22.374717
131,pro_size,302,32,2025-10-29 07:56:22.446716
131,pro_size,302,83,2025-10-29 07:56:22.880771
131,pro_size,302,89,2025-10-29 07:56:22.992219
131,pro_size,302,83,2025-10-29 07:56:23.072197
131,pro_size,302,84,2025-10-29 07:56:23.182167
131,pro_size,302,69,2025-10-29 07:56:23.231736
131,pro_size,302,77,2025-10-29 07:56:23.383755
131,pro_size,302,13,2025-10-29 07:56:23.985945
131,pro_size,302,87,2025-10-29 07:56:24.264062
131,pro_size,302,72,2025-10-29 07:56:24.383767
131,pro_size,302,73,2025-10-29 07:56:24.576187
131,pro_size,302,67,2025-10-29 07:56:24.688299
131,pro_size,302,72,2025-10-29 07:56:24.784045
131,pro_size,302,32,2025-10-29 07:56:24.855876
131,pro_size,302,73,2025-10-29 07:56:25.337240
131,pro_size,302,83,2025-10-29 07:56:25.416024
131,pro_size,302,32,2025-10-29 07:56:25.496136
131,pro_size,302,83,2025-10-29 07:56:25.665119
131,pro_size,302,77,2025-10-29 07:56:25.800334
131,pro_size,302,65,2025-10-29 07:56:25.896349
131,pro_size,302,76,2025-10-29 07:56:26.024860
131,pro_size,302,76,2025-10-29 07:56:26.128124
131,pro_size,302,69,2025-10-29 07:56:26.193589
131,pro_size,302,82,2025-10-29 07:56:26.258901
131,pro_size,302,32,2025-10-29 07:56:26.328234
131,pro_size,302,84,2025-10-29 07:56:26.496985
131,pro_size,302,72,2025-10-29 07:56:26.568236
131,pro_size,302,65,2025-10-29 07:56:26.646905
131,pro_size,302,78,2025-10-29 07:56:26.743311
131,pro_size,302,32,2025-10-29 07:56:26.824407
131,pro_size,302,84,2025-10-29 07:56:26.992100
131,pro_size,302,72,2025-10-29 07:56:27.022833
131,pro_size,302,69,2025-10-29 07:56:27.087891
131,pro_size,302,32,2025-10-29 07:56:27.135147
131,pro_size,302,16,2025-10-29 07:56:27.510963
131,pro_size,302,77,2025-10-29 07:56:27.624313
131,pro_size,302,73,2025-10-29 07:56:28.512015
131,pro_size,302,76,2025-10-29 07:56:28.856372
131,pro_size,302,75,2025-10-29 07:56:29.063932
131,pro_size,302,69,2025-10-29 07:56:29.142882
131,pro_size,302,89,2025-10-29 07:56:29.207938
131,pro_size,302,32,2025-10-29 07:56:29.280392
131,pro_size,302,8,2025-10-29 07:56:29.890003
131,pro_size,302,8,2025-10-29 07:56:30.040473
131,pro_size,302,8,2025-10-29 07:56:30.191992
131,pro_size,302,89,2025-10-29 07:56:30.383998
131,pro_size,302,32,2025-10-29 07:56:30.479532
131,pro_size,302,16,2025-10-29 07:56:31.135167
131,pro_size,302,87,2025-10-29 07:56:31.272521
131,pro_size,302,65,2025-10-29 07:56:31.478506
131,pro_size,302,89,2025-10-29 07:56:31.623017
131,pro_size,302,38,2025-10-29 07:56:32.280475
131,pro_size,302,38,2025-10-29 07:56:32.688490
131,pro_size,302,38,2025-10-29 07:56:33.103322
131,pro_size,302,38,2025-10-29 07:56:33.529326
131,pro_size,302,38,2025-10-29 07:56:33.921309
131,pro_size,302,38,2025-10-29 07:56:34.368169
131,pro_size,302,38,2025-10-29 07:56:34.865577
131,pro_size,302,38,2025-10-29 07:56:35.384334
131,pro_size,302,38,2025-10-29 07:56:35.898254
131,pro_size,302,38,2025-10-29 07:56:36.479577
131,pro_size,302,40,2025-10-29 07:56:36.791974
131,pro_size,302,40,2025-10-29 07:56:37.001055
131,pro_size,302,40,2025-10-29 07:56:37.175485
131,pro_size,302,40,2025-10-29 07:56:37.343271
131,pro_size,302,81,2025-10-29 07:56:37.663311
131,pro_size,302,81,2025-10-29 07:56:37.833033
131,pro_size,302,81,2025-10-29 07:56:37.993383
131,pro_size,302,8,2025-10-29 07:56:38.881311
