131,it_fibonacci,201,40,2025-10-29 07:48:53.542132
131,it_fibonacci,201,40,2025-10-29 07:48:53.883788
131,it_fibonacci,201,40,2025-10-29 07:48:54.066759
131,it_fibonacci,201,40,2025-10-29 07:48:54.235680
131,it_fibonacci,201,40,2025-10-29 07:48:54.440679
131,it_fibonacci,201,40,2025-10-29 07:48:54.579881
131,it_fibonacci,201,40,2025-10-29 07:48:54.755874
131,it_fibonacci,201,40,2025-10-29 07:48:54.988078
131,it_fibonacci,201,39,2025-10-29 07:48:55.531262
131,it_fibonacci,201,39,2025-10-29 07:48:55.715586
131,it_fibonacci,201,39,2025-10-29 07:48:55.875849
131,it_fibonacci,201,39,2025-10-29 07:48:56.043527
131,it_fibonacci,201,39,2025-10-29 07:48:56.197149
131,it_fibonacci,201,39,2025-10-29 07:48:56.371581
131,it_fibonacci,201,39,2025-10-29 07:48:56.941777
131,it_fibonacci,201,32,2025-10-29 07:49:01.610363
131,it_fibonacci,201,79,2025-10-29 07:49:01.923925
131,it_fibonacci,201,8,2025-10-29 07:49:03.022516
131,it_fibonacci,201,75,2025-10-29 07:49:04.307191
131,it_fibonacci,201,8,2025-10-29 07:49:05.044756
131,it_fibonacci,201,73,2025-10-29 07:49:05.596077
131,it_fibonacci,201,32,2025-10-29 07:49:06.240019
131,it_fibonacci,201,73,2025-10-29 07:49:06.475713
131,it_fibonacci,201,78,2025-10-29 07:49:07.304329
131,it_fibonacci,201,32,2025-10-29 07:49:07.731922
131,it_fibonacci,201,84,2025-10-29 07:49:07.958233
131,it_fibonacci,201,83,2025-10-29 07:49:08.132071
131,it_fibonacci,201,78,2025-10-29 07:49:08.182343
131,it_fibonacci,201,8,2025-10-29 07:49:09.016113
131,it_fibonacci,201,8,2025-10-29 07:49:09.204060
131,it_fibonacci,201,8,2025-10-29 07:49:09.634648
131,it_fibonacci,201,82,2025-10-29 07:49:09.894564
131,it_fibonacci,201,83,2025-10-29 07:49:10.487120
131,it_fibonacci,201,77,2025-10-29 07:49:11.470637
131,it_fibonacci,201,8,2025-10-29 07:49:12.146336
131,it_fibonacci,201,8,2025-10-29 07:49:12.340733
131,it_fibonacci,201,65,2025-10-29 07:49:12.966719
131,it_fibonacci,201,78,2025-10-29 07:49:13.388960
131,it_fibonacci,201,71,2025-10-29 07:49:13.793545
131,it_fibonacci,201,69,2025-10-29 07:49:13.886511
131,it_fibonacci,201,16,2025-10-29 07:49:15.721609
131,it_fibonacci,201,16,2025-10-29 07:49:16.224799
131,it_fibonacci,201,16,2025-10-29 07:49:16.254396
131,it_fibonacci,201,16,2025-10-29 07:49:16.287423
131,it_fibonacci,201,16,2025-10-29 07:49:16.316264
131,it_fibonacci,201,16,2025-10-29 07:49:16.353120
131,it_fibonacci,201,16,2025-10-29 07:49:16.380710
131,it_fibonacci,201,16,2025-10-29 07:49:17.339393
131,it_fibonacci,201,57,2025-10-29 07:49:17.541708
131,it_fibonacci,201,78,2025-10-29 07:49:18.529701
131,it_fibonacci,201,16,2025-10-29 07:49:19.181061
131,it_fibonacci,201,16,2025-10-29 07:49:19.685276
131,it_fibonacci,201,16,2025-10-29 07:49:20.717529
131,it_fibonacci,201,16,2025-10-29 07:49:21.220923
131,it_fibonacci,201,16,2025-10-29 07:49:21.255489
131,it_fibonacci,201,16,2025-10-29 07:49:21.477762
131,it_fibonacci,201,16,2025-10-29 07:49:21.994868
131,it_fibonacci,201,16,2025-10-29 07:49:22.022139
131,it_fibonacci,201,16,2025-10-29 07:49:22.053801
131,it_fibonacci,201,16,2025-10-29 07:49:22.314571
131,it_fibonacci,201,186,2025-10-29 07:49:22.605403
131,it_fibonacci,201,13,2025-10-29 07:49:23.424096
131,it_fibonacci,201,45,2025-10-29 07:49:26.032646
131,it_fibonacci,201,39,2025-10-29 07:49:31.014042
131,it_fibonacci,201,8,2025-10-29 07:49:32.252536
131,it_fibonacci,201,38,2025-10-29 07:49:39.560089
131,it_fibonacci,201,38,2025-10-29 07:49:39.726458
131,it_fibonacci,201,38,2025-10-29 07:49:39.893307
131,it_fibonacci,201,40,2025-10-29 07:49:40.430518
131,it_fibonacci,201,37,2025-10-29 07:49:40.734245
131,it_fibonacci,201,37,2025-10-29 07:49:40.910304
131,it_fibonacci,201,37,2025-10-29 07:49:41.062309
131,it_fibonacci,201,37,2025-10-29 07:49:41.758675
131,it_fibonacci,201,16,2025-10-29 07:49:42.678283
131,it_fibonacci,201,13,2025-10-29 07:49:43.736311
131,it_fibonacci,201,38,2025-10-29 07:49:44.173296
131,it_fibonacci,201,67,2025-10-29 07:49:47.638471
131,it_fibonacci,201,73,2025-10-29 07:49:48.814448
131,it_fibonacci,201,8,2025-10-29 07:49:49.839530
131,it_fibonacci,201,85,2025-10-29 07:49:50.734601
131,it_fibonacci,201,82,2025-10-29 07:49:51.199561
131,it_fibonacci,201,32,2025-10-29 07:49:51.654448
131,it_fibonacci,201,8,2025-10-29 07:49:57.015943
131,it_fibonacci,201,8,2025-10-29 07:49:57.256552
131,it_fibonacci,201,8,2025-10-29 07:49:57.424018
131,it_fibonacci,201,8,2025-10-29 07:49:57.991576
131,it_fibonacci,201,8,2025-10-29 07:49:58.447723
131,it_fibonacci,201,8,2025-10-29 07:49:58.814769
131,it_fibonacci,201,8,2025-10-29 07:49:59.048030
131,it_fibonacci,201,8,2025-10-29 07:49:59.502736
131,it_fibonacci,201,8,2025-10-29 07:49:59.983628
131,it_fibonacci,201,40,2025-10-29 07:50:00.977786
131,it_fibonacci,201,40,2025-10-29 07:50:01.159808
131,it_fibonacci,201,40,2025-10-29 07:50:01.367604
131,it_fibonacci,201,38,2025-10-29 07:50:01.623657
131,it_fibonacci,201,38,2025-10-29 07:50:01.808062
131,it_fibonacci,201,38,2025-10-29 07:50:01.941181
131,it_fibonacci,201,40,2025-10-29 07:50:02.425884
131,it_fibonacci,201,40,2025-10-29 07:50:02.598904
131,it_fibonacci,201,40,2025-10-29 07:50:02.797988
131,it_fibonacci,201,9,2025-10-29 07:50:03.496443
131,it_fibonacci,201,9,2025-10-29 07:50:03.887031
131,it_fibonacci,201,38,2025-10-29 07:50:27.546733
131,it_fibonacci,201,38,2025-10-29 07:50:27.951738
131,it_fibonacci,201,37,2025-10-29 07:50:28.238710
131,it_fibonacci,201,37,2025-10-29 07:50:28.423688
131,it_fibonacci,201,37,2025-10-29 07:50:28.559327
131,it_fibonacci,201,37,2025-10-29 07:50:28.736323
131,it_fibonacci,201,16,2025-10-29 07:50:29.221802
131,it_fibonacci,201,16,2025-10-29 07:50:30.590776
131,it_fibonacci,201,13,2025-10-29 07:50:31.803557
131,it_fibonacci,201,38,2025-10-29 07:50:32.457263
131,it_fibonacci,201,67,2025-10-29 07:50:33.343565
131,it_fibonacci,201,85,2025-10-29 07:50:33.935969
131,it_fibonacci,201,82,2025-10-29 07:50:34.039124
131,it_fibonacci,201,32,2025-10-29 07:50:34.595765
131,it_fibonacci,201,187,2025-10-29 07:50:35.279380
131,it_fibonacci,201,32,2025-10-29 07:50:37.208082
131,it_fibonacci,201,8,2025-10-29 07:50:38.786114
131,it_fibonacci,201,8,2025-10-29 07:50:38.969331
131,it_fibonacci,201,8,2025-10-29 07:50:39.111994
131,it_fibonacci,201,8,2025-10-29 07:50:39.271643
131,it_fibonacci,201,8,2025-10-29 07:50:39.424821
131,it_fibonacci,201,8,2025-10-29 07:50:39.794556
131,it_fibonacci,201,8,2025-10-29 07:50:44.697861
131,it_fibonacci,201,8,2025-10-29 07:50:44.878034
131,it_fibonacci,201,8,2025-10-29 07:50:45.104320
131,it_fibonacci,201,8,2025-10-29 07:50:45.376101
131,it_fibonacci,201,8,2025-10-29 07:50:45.707524
131,it_fibonacci,201,40,2025-10-29 07:50:47.129557
131,it_fibonacci,201,40,2025-10-29 07:50:47.335809
131,it_fibonacci,201,40,2025-10-29 07:50:47.500278
131,it_fibonacci,201,38,2025-10-29 07:50:47.800045
131,it_fibonacci,201,39,2025-10-29 07:50:47.960763
131,it_fibonacci,201,39,2025-10-29 07:50:48.462943
131,it_fibonacci,201,39,2025-10-29 07:50:48.493690
131,it_fibonacci,201,39,2025-10-29 07:50:48.525074
131,it_fibonacci,201,39,2025-10-29 07:50:48.570329
131,it_fibonacci,201,39,2025-10-29 07:50:48.602849
131,it_fibonacci,201,39,2025-10-29 07:50:48.633682
131,it_fibonacci,201,39,2025-10-29 07:50:48.664732
131,it_fibonacci,201,39,2025-10-29 07:50:48.696453
131,it_fibonacci,201,39,2025-10-29 07:50:48.727863
131,it_fibonacci,201,39,2025-10-29 07:50:48.758933
131,it_fibonacci,201,39,2025-10-29 07:50:48.791938
131,it_fibonacci,201,39,2025-10-29 07:50:48.822495
131,it_fibonacci,201,39,2025-10-29 07:50:48.868890
131,it_fibonacci,201,39,2025-10-29 07:50:48.901277
131,it_fibonacci,201,39,2025-10-29 07:50:48.934752
131,it_fibonacci,201,39,2025-10-29 07:50:48.964805
131,it_fibonacci,201,39,2025-10-29 07:50:48.994436
131,it_fibonacci,201,39,2025-10-29 07:50:49.031087
131,it_fibonacci,201,39,2025-10-29 07:50:49.063918
131,it_fibonacci,201,39,2025-10-29 07:50:49.412411
131,it_fibonacci,201,8,2025-10-29 07:50:50.438393
131,it_fibonacci,201,8,2025-10-29 07:50:50.610532
131,it_fibonacci,201,8,2025-10-29 07:50:50.765745
131,it_fibonacci,201,8,2025-10-29 07:50:50.897369
131,it_fibonacci,201,8,2025-10-29 07:50:51.035967
131,it_fibonacci,201,8,2025-10-29 07:50:51.181496
131,it_fibonacci,201,8,2025-10-29 07:50:51.326441
131,it_fibonacci,201,8,2025-10-29 07:50:51.455492
131,it_fibonacci,201,8,2025-10-29 07:50:51.594009
131,it_fibonacci,201,8,2025-10-29 07:50:51.744560
131,it_fibonacci,201,8,2025-10-29 07:50:51.896695
131,it_fibonacci,201,8,2025-10-29 07:50:52.051120
131,it_fibonacci,201,8,2025-10-29 07:50:52.220539
131,it_fibonacci,201,8,2025-10-29 07:50:52.372037
131,it_fibonacci,201,8,2025-10-29 07:50:52.535670
131,it_fibonacci,201,8,2025-10-29 07:50:52.930681
131,it_fibonacci,201,8,2025-10-29 07:50:53.071057
131,it_fibonacci,201,87,2025-10-29 07:50:53.654727
131,it_fibonacci,201,74,2025-10-29 07:50:53.800004
131,it_fibonacci,201,8,2025-10-29 07:50:54.545962
131,it_fibonacci,201,72,2025-10-29 07:50:54.973639
131,it_fibonacci,201,73,2025-10-29 07:50:55.151654
131,it_fibonacci,201,76,2025-10-29 07:50:55.622660
131,it_fibonacci,201,69,2025-10-29 07:50:55.722314
131,it_fibonacci,201,32,2025-10-29 07:50:55.782179
131,it_fibonacci,201,73,2025-10-29 07:50:56.467391
131,it_fibonacci,201,32,2025-10-29 07:50:56.611185
131,it_fibonacci,201,16,2025-10-29 07:50:57.160155
131,it_fibonacci,201,16,2025-10-29 07:50:57.877324
131,it_fibonacci,201,77,2025-10-29 07:50:58.015255
131,it_fibonacci,201,8,2025-10-29 07:50:58.662763
131,it_fibonacci,201,16,2025-10-29 07:50:59.160974
131,it_fibonacci,201,188,2025-10-29 07:50:59.366859
131,it_fibonacci,201,32,2025-10-29 07:51:00.521340
131,it_fibonacci,201,78,2025-10-29 07:51:01.634053
131,it_fibonacci,201,16,2025-10-29 07:51:02.438912
131,it_fibonacci,201,186,2025-10-29 07:51:02.606924
131,it_fibonacci,201,13,2025-10-29 07:51:03.577932
131,it_fibonacci,201,38,2025-10-29 07:51:08.537230
131,it_fibonacci,201,38,2025-10-29 07:51:08.848160
131,it_fibonacci,201,37,2025-10-29 07:51:09.232335
131,it_fibonacci,201,37,2025-10-29 07:51:09.416429
131,it_fibonacci,201,37,2025-10-29 07:51:09.568643
131,it_fibonacci,201,37,2025-10-29 07:51:09.718361
131,it_fibonacci,201,40,2025-10-29 07:51:14.905333
131,it_fibonacci,201,39,2025-10-29 07:51:15.336472
131,it_fibonacci,201,39,2025-10-29 07:51:15.544554
131,it_fibonacci,201,39,2025-10-29 07:51:15.719714
131,it_fibonacci,201,39,2025-10-29 07:51:15.871226
131,it_fibonacci,201,37,2025-10-29 07:51:16.457725
131,it_fibonacci,201,39,2025-10-29 07:51:17.024019
131,it_fibonacci,201,39,2025-10-29 07:51:17.304462
131,it_fibonacci,201,8,2025-10-29 07:51:18.835538
131,it_fibonacci,201,8,2025-10-29 07:51:18.992476
131,it_fibonacci,201,8,2025-10-29 07:51:19.136262
131,it_fibonacci,201,8,2025-10-29 07:51:19.289479
131,it_fibonacci,201,8,2025-10-29 07:51:19.674731
131,it_fibonacci,201,70,2025-10-29 07:51:20.079761
131,it_fibonacci,201,79,2025-10-29 07:51:20.192996
131,it_fibonacci,201,82,2025-10-29 07:51:20.304527
131,it_fibonacci,201,32,2025-10-29 07:51:20.825789
131,it_fibonacci,201,73,2025-10-29 07:51:21.056079
131,it_fibonacci,201,32,2025-10-29 07:51:21.232570
131,it_fibonacci,201,73,2025-10-29 07:51:21.615102
131,it_fibonacci,201,78,2025-10-29 07:51:21.857541
131,it_fibonacci,201,32,2025-10-29 07:51:21.960696
131,it_fibonacci,201,82,2025-10-29 07:51:22.102718
131,it_fibonacci,201,78,2025-10-29 07:51:22.216904
131,it_fibonacci,201,71,2025-10-29 07:51:22.414968
131,it_fibonacci,201,69,2025-10-29 07:51:22.488236
131,it_fibonacci,201,16,2025-10-29 07:51:23.111623
131,it_fibonacci,201,57,2025-10-29 07:51:23.264625
131,it_fibonacci,201,78,2025-10-29 07:51:23.969043
131,it_fibonacci,201,16,2025-10-29 07:51:24.335633
131,it_fibonacci,201,16,2025-10-29 07:51:24.849816
131,it_fibonacci,201,48,2025-10-29 07:51:24.879437
131,it_fibonacci,201,16,2025-10-29 07:51:26.145717
131,it_fibonacci,201,186,2025-10-29 07:51:26.376830
131,it_fibonacci,201,13,2025-10-29 07:51:27.107211
131,it_fibonacci,201,38,2025-10-29 07:51:28.681807
131,it_fibonacci,201,40,2025-10-29 07:51:29.271931
131,it_fibonacci,201,38,2025-10-29 07:51:32.394196
131,it_fibonacci,201,38,2025-10-29 07:51:32.680916
131,it_fibonacci,201,37,2025-10-29 07:51:32.942955
131,it_fibonacci,201,37,2025-10-29 07:51:33.144963
131,it_fibonacci,201,37,2025-10-29 07:51:33.304217
131,it_fibonacci,201,37,2025-10-29 07:51:33.497327
131,it_fibonacci,201,16,2025-10-29 07:51:34.792237
131,it_fibonacci,201,13,2025-10-29 07:51:35.659095
131,it_fibonacci,201,38,2025-10-29 07:51:36.177080
131,it_fibonacci,201,40,2025-10-29 07:51:38.826550
131,it_fibonacci,201,40,2025-10-29 07:51:39.033683
131,it_fibonacci,201,40,2025-10-29 07:51:39.321341
131,it_fibonacci,201,38,2025-10-29 07:51:39.993272
131,it_fibonacci,201,38,2025-10-29 07:51:40.474605
131,it_fibonacci,201,40,2025-10-29 07:51:41.433214
131,it_fibonacci,201,40,2025-10-29 07:51:41.762085
131,it_fibonacci,201,9,2025-10-29 07:51:43.152272
131,it_fibonacci,201,73,2025-10-29 07:51:46.673200
131,it_fibonacci,201,70,2025-10-29 07:51:46.736368
131,it_fibonacci,201,32,2025-10-29 07:51:46.825348
131,it_fibonacci,201,73,2025-10-29 07:51:47.985446
131,it_fibonacci,201,32,2025-10-29 07:51:48.121497
131,it_fibonacci,201,8,2025-10-29 07:51:50.757111
131,it_fibonacci,201,8,2025-10-29 07:51:50.937704
131,it_fibonacci,201,78,2025-10-29 07:51:51.492019
131,it_fibonacci,201,32,2025-10-29 07:51:51.961591
131,it_fibonacci,201,189,2025-10-29 07:51:52.153292
131,it_fibonacci,201,189,2025-10-29 07:51:52.250509
131,it_fibonacci,201,32,2025-10-29 07:51:52.338235
131,it_fibonacci,201,8,2025-10-29 07:51:53.525161
131,it_fibonacci,201,8,2025-10-29 07:51:53.698421
131,it_fibonacci,201,8,2025-10-29 07:51:54.034592
131,it_fibonacci,201,189,2025-10-29 07:51:54.145663
131,it_fibonacci,201,8,2025-10-29 07:51:54.851797
131,it_fibonacci,201,187,2025-10-29 07:51:55.216760
131,it_fibonacci,201,187,2025-10-29 07:51:55.602697
131,it_fibonacci,201,32,2025-10-29 07:51:55.905617
131,it_fibonacci,201,48,2025-10-29 07:51:56.368816
131,it_fibonacci,201,8,2025-10-29 07:51:57.092321
131,it_fibonacci,201,48,2025-10-29 07:51:57.649304
131,it_fibonacci,201,16,2025-10-29 07:51:59.024920
131,it_fibonacci,201,16,2025-10-29 07:51:59.524807
131,it_fibonacci,201,16,2025-10-29 07:51:59.984829
131,it_fibonacci,201,186,2025-10-29 07:52:00.170624
131,it_fibonacci,201,13,2025-10-29 07:52:00.747316
131,it_fibonacci,201,82,2025-10-29 07:52:01.754625
131,it_fibonacci,201,69,2025-10-29 07:52:01.817081
131,it_fibonacci,201,84,2025-10-29 07:52:02.002592
131,it_fibonacci,201,73,2025-10-29 07:52:02.184105
131,it_fibonacci,201,82,2025-10-29 07:52:02.313911
131,it_fibonacci,201,78,2025-10-29 07:52:02.425374
131,it_fibonacci,201,32,2025-10-29 07:52:02.562023
131,it_fibonacci,201,8,2025-10-29 07:52:02.931176
131,it_fibonacci,201,8,2025-10-29 07:52:03.067926
131,it_fibonacci,201,8,2025-10-29 07:52:03.209824
131,it_fibonacci,201,8,2025-10-29 07:52:03.651893
131,it_fibonacci,201,73,2025-10-29 07:52:04.419222
131,it_fibonacci,201,82,2025-10-29 07:52:04.489996
131,it_fibonacci,201,8,2025-10-29 07:52:05.138070
131,it_fibonacci,201,8,2025-10-29 07:52:05.274018
131,it_fibonacci,201,85,2025-10-29 07:52:05.755972
131,it_fibonacci,201,82,2025-10-29 07:52:06.292609
131,it_fibonacci,201,78,2025-10-29 07:52:06.409051
131,it_fibonacci,201,32,2025-10-29 07:52:06.481039
131,it_fibonacci,201,48,2025-10-29 07:52:07.482443
131,it_fibonacci,201,13,2025-10-29 07:52:08.316148
131,it_fibonacci,201,73,2025-10-29 07:52:09.259293
131,it_fibonacci,201,70,2025-10-29 07:52:09.305202
131,it_fibonacci,201,32,2025-10-29 07:52:09.402783
131,it_fibonacci,201,78,2025-10-29 07:52:09.890688
131,it_fibonacci,201,32,2025-10-29 07:52:10.184180
131,it_fibonacci,201,189,2025-10-29 07:52:10.746562
131,it_fibonacci,201,189,2025-10-29 07:52:10.873230
131,it_fibonacci,201,8,2025-10-29 07:52:11.700730
131,it_fibonacci,201,8,2025-10-29 07:52:11.834728
131,it_fibonacci,201,187,2025-10-29 07:52:12.466243
131,it_fibonacci,201,187,2025-10-29 07:52:12.610992
131,it_fibonacci,201,38,2025-10-29 07:52:16.745531
131,it_fibonacci,201,38,2025-10-29 07:52:16.944952
131,it_fibonacci,201,39,2025-10-29 07:52:17.619078
131,it_fibonacci,201,39,2025-10-29 07:52:17.834029
131,it_fibonacci,201,40,2025-10-29 07:52:18.283014
131,it_fibonacci,201,40,2025-10-29 07:52:18.490467
131,it_fibonacci,201,32,2025-10-29 07:52:19.171118
131,it_fibonacci,201,49,2025-10-29 07:52:19.938516
131,it_fibonacci,201,16,2025-10-29 07:52:21.314056
131,it_fibonacci,201,186,2025-10-29 07:52:21.649650
131,it_fibonacci,201,13,2025-10-29 07:52:22.301515
131,it_fibonacci,201,82,2025-10-29 07:52:22.795678
131,it_fibonacci,201,69,2025-10-29 07:52:22.881988
131,it_fibonacci,201,84,2025-10-29 07:52:23.058851
131,it_fibonacci,201,73,2025-10-29 07:52:23.210093
131,it_fibonacci,201,82,2025-10-29 07:52:23.386066
131,it_fibonacci,201,77,2025-10-29 07:52:23.554829
131,it_fibonacci,201,8,2025-10-29 07:52:23.947926
131,it_fibonacci,201,8,2025-10-29 07:52:24.074303
131,it_fibonacci,201,8,2025-10-29 07:52:24.627540
131,it_fibonacci,201,85,2025-10-29 07:52:25.002511
131,it_fibonacci,201,82,2025-10-29 07:52:25.473964
131,it_fibonacci,201,78,2025-10-29 07:52:25.594931
131,it_fibonacci,201,32,2025-10-29 07:52:25.690748
131,it_fibonacci,201,49,2025-10-29 07:52:25.931190
131,it_fibonacci,201,13,2025-10-29 07:52:26.813160
131,it_fibonacci,201,80,2025-10-29 07:52:34.610462
131,it_fibonacci,201,82,2025-10-29 07:52:34.666624
131,it_fibonacci,201,69,2025-10-29 07:52:34.738438
131,it_fibonacci,201,8,2025-10-29 07:52:35.069039
131,it_fibonacci,201,8,2025-10-29 07:52:35.235583
131,it_fibonacci,201,8,2025-10-29 07:52:35.378216
131,it_fibonacci,201,67,2025-10-29 07:52:36.978173
131,it_fibonacci,201,85,2025-10-29 07:52:37.116194
131,it_fibonacci,201,123,2025-10-29 07:52:37.128890
131,it_fibonacci,201,82,2025-10-29 07:52:37.249539
131,it_fibonacci,201,38,2025-10-29 07:52:45.340138
131,it_fibonacci,201,38,2025-10-29 07:52:45.786452
131,it_fibonacci,201,38,2025-10-29 07:52:45.969570
131,it_fibonacci,201,38,2025-10-29 07:52:46.113364
131,it_fibonacci,201,38,2025-10-29 07:52:46.258661
131,it_fibonacci,201,38,2025-10-29 07:52:46.403842
131,it_fibonacci,201,38,2025-10-29 07:52:46.546209
131,it_fibonacci,201,80,2025-10-29 07:52:49.242736
131,it_fibonacci,201,82,2025-10-29 07:52:49.289472
131,it_fibonacci,201,69,2025-10-29 07:52:49.386046
131,it_fibonacci,201,8,2025-10-29 07:52:50.133376
131,it_fibonacci,201,8,2025-10-29 07:52:50.291711
131,it_fibonacci,201,8,2025-10-29 07:52:50.441453
131,it_fibonacci,201,70,2025-10-29 07:52:51.931715
131,it_fibonacci,201,80,2025-10-29 07:52:52.875027
131,it_fibonacci,201,82,2025-10-29 07:52:52.922531
131,it_fibonacci,201,69,2025-10-29 07:52:52.994945
131,it_fibonacci,201,86,2025-10-29 07:52:53.571283
131,it_fibonacci,201,32,2025-10-29 07:52:54.027108
131,it_fibonacci,201,187,2025-10-29 07:52:54.641391
131,it_fibonacci,201,32,2025-10-29 07:52:55.435927
131,it_fibonacci,201,48,2025-10-29 07:52:55.738926
131,it_fibonacci,201,8,2025-10-29 07:52:56.229553
131,it_fibonacci,201,8,2025-10-29 07:52:56.364271
131,it_fibonacci,201,8,2025-10-29 07:52:56.492308
131,it_fibonacci,201,8,2025-10-29 07:52:56.626996
131,it_fibonacci,201,8,2025-10-29 07:52:56.763002
131,it_fibonacci,201,8,2025-10-29 07:52:56.915908
131,it_fibonacci,201,8,2025-10-29 07:52:57.059903
131,it_fibonacci,201,8,2025-10-29 07:52:57.225737
131,it_fibonacci,201,8,2025-10-29 07:52:57.506962
131,it_fibonacci,201,80,2025-10-29 07:52:57.955895
131,it_fibonacci,201,80,2025-10-29 07:52:58.107161
131,it_fibonacci,201,82,2025-10-29 07:52:58.219188
131,it_fibonacci,201,69,2025-10-29 07:52:58.315153
131,it_fibonacci,201,86,2025-10-29 07:52:58.617838
131,it_fibonacci,201,32,2025-10-29 07:52:58.849796
131,it_fibonacci,201,187,2025-10-29 07:52:58.993847
131,it_fibonacci,201,32,2025-10-29 07:52:59.113846
131,it_fibonacci,201,48,2025-10-29 07:52:59.396805
131,it_fibonacci,201,13,2025-10-29 07:52:59.972684
131,it_fibonacci,201,80,2025-10-29 07:53:00.564078
131,it_fibonacci,201,82,2025-10-29 07:53:00.635049
131,it_fibonacci,201,69,2025-10-29 07:53:00.698877
131,it_fibonacci,201,86,2025-10-29 07:53:01.266984
131,it_fibonacci,201,32,2025-10-29 07:53:01.489924
131,it_fibonacci,201,187,2025-10-29 07:53:01.643005
131,it_fibonacci,201,32,2025-10-29 07:53:01.737998
131,it_fibonacci,201,49,2025-10-29 07:53:02.554929
131,it_fibonacci,201,40,2025-10-29 07:53:03.348100
131,it_fibonacci,201,40,2025-10-29 07:53:03.530878
131,it_fibonacci,201,40,2025-10-29 07:53:03.706030
131,it_fibonacci,201,40,2025-10-29 07:53:03.843003
131,it_fibonacci,201,40,2025-10-29 07:53:04.011204
131,it_fibonacci,201,40,2025-10-29 07:53:04.138065
131,it_fibonacci,201,40,2025-10-29 07:53:04.306152
131,it_fibonacci,201,38,2025-10-29 07:53:04.971482
131,it_fibonacci,201,38,2025-10-29 07:53:05.131053
131,it_fibonacci,201,38,2025-10-29 07:53:05.275055
131,it_fibonacci,201,38,2025-10-29 07:53:05.434222
131,it_fibonacci,201,38,2025-10-29 07:53:05.579491
131,it_fibonacci,201,38,2025-10-29 07:53:05.762154
131,it_fibonacci,201,38,2025-10-29 07:53:05.930096
131,it_fibonacci,201,37,2025-10-29 07:53:09.203867
131,it_fibonacci,201,38,2025-10-29 07:53:09.440653
131,it_fibonacci,201,37,2025-10-29 07:53:09.731544
131,it_fibonacci,201,8,2025-10-29 07:53:11.678305
131,it_fibonacci,201,8,2025-10-29 07:53:11.827319
131,it_fibonacci,201,8,2025-10-29 07:53:11.971507
131,it_fibonacci,201,8,2025-10-29 07:53:12.113637
131,it_fibonacci,201,8,2025-10-29 07:53:12.266596
131,it_fibonacci,201,8,2025-10-29 07:53:12.581351
131,it_fibonacci,201,67,2025-10-29 07:53:12.756331
131,it_fibonacci,201,73,2025-10-29 07:53:13.596355
131,it_fibonacci,201,82,2025-10-29 07:53:13.683344
131,it_fibonacci,201,8,2025-10-29 07:53:14.172365
131,it_fibonacci,201,8,2025-10-29 07:53:14.315535
131,it_fibonacci,201,73,2025-10-29 07:53:14.772964
131,it_fibonacci,201,82,2025-10-29 07:53:14.875468
131,it_fibonacci,201,8,2025-10-29 07:53:15.340387
131,it_fibonacci,201,8,2025-10-29 07:53:15.492123
131,it_fibonacci,201,85,2025-10-29 07:53:15.955770
131,it_fibonacci,201,82,2025-10-29 07:53:16.050581
131,it_fibonacci,201,32,2025-10-29 07:53:16.770425
131,it_fibonacci,201,187,2025-10-29 07:53:17.019480
131,it_fibonacci,201,32,2025-10-29 07:53:17.131448
131,it_fibonacci,201,48,2025-10-29 07:53:18.099608
131,it_fibonacci,201,8,2025-10-29 07:53:18.676201
131,it_fibonacci,201,49,2025-10-29 07:53:18.780205
131,it_fibonacci,201,40,2025-10-29 07:53:19.494451
131,it_fibonacci,201,39,2025-10-29 07:53:20.203890
131,it_fibonacci,201,8,2025-10-29 07:53:20.724911
131,it_fibonacci,201,48,2025-10-29 07:53:21.348127
131,it_fibonacci,201,40,2025-10-29 07:53:22.372735
131,it_fibonacci,201,40,2025-10-29 07:53:22.548051
131,it_fibonacci,201,40,2025-10-29 07:53:22.706320
131,it_fibonacci,201,40,2025-10-29 07:53:22.859630
131,it_fibonacci,201,40,2025-10-29 07:53:23.010641
131,it_fibonacci,201,40,2025-10-29 07:53:23.155953
131,it_fibonacci,201,40,2025-10-29 07:53:23.332214
131,it_fibonacci,201,32,2025-10-29 07:53:23.795757
131,it_fibonacci,201,187,2025-10-29 07:53:24.195679
131,it_fibonacci,201,32,2025-10-29 07:53:24.300668
131,it_fibonacci,201,67,2025-10-29 07:53:24.906735
131,it_fibonacci,201,73,2025-10-29 07:53:25.081312
131,it_fibonacci,201,82,2025-10-29 07:53:25.187739
131,it_fibonacci,201,32,2025-10-29 07:53:25.435729
131,it_fibonacci,201,8,2025-10-29 07:53:25.723841
131,it_fibonacci,201,8,2025-10-29 07:53:25.862715
131,it_fibonacci,201,8,2025-10-29 07:53:25.998032
131,it_fibonacci,201,73,2025-10-29 07:53:26.724789
131,it_fibonacci,201,82,2025-10-29 07:53:26.867829
131,it_fibonacci,201,8,2025-10-29 07:53:27.284461
131,it_fibonacci,201,8,2025-10-29 07:53:27.427616
131,it_fibonacci,201,85,2025-10-29 07:53:27.803206
131,it_fibonacci,201,82,2025-10-29 07:53:27.916314
131,it_fibonacci,201,32,2025-10-29 07:53:28.259752
131,it_fibonacci,201,16,2025-10-29 07:53:28.763971
131,it_fibonacci,201,187,2025-10-29 07:53:28.898327
131,it_fibonacci,201,32,2025-10-29 07:53:29.027894
131,it_fibonacci,201,80,2025-10-29 07:53:29.467874
131,it_fibonacci,201,82,2025-10-29 07:53:29.539670
131,it_fibonacci,201,69,2025-10-29 07:53:29.595868
131,it_fibonacci,201,86,2025-10-29 07:53:29.923041
131,it_fibonacci,201,40,2025-10-29 07:53:32.636415
131,it_fibonacci,201,40,2025-10-29 07:53:32.947007
131,it_fibonacci,201,40,2025-10-29 07:53:33.179993
131,it_fibonacci,201,40,2025-10-29 07:53:33.868227
131,it_fibonacci,201,8,2025-10-29 07:53:34.539812
131,it_fibonacci,201,8,2025-10-29 07:53:34.715715
131,it_fibonacci,201,8,2025-10-29 07:53:34.861068
131,it_fibonacci,201,8,2025-10-29 07:53:35.011038
131,it_fibonacci,201,8,2025-10-29 07:53:35.155076
131,it_fibonacci,201,8,2025-10-29 07:53:35.290061
131,it_fibonacci,201,8,2025-10-29 07:53:35.443079
131,it_fibonacci,201,8,2025-10-29 07:53:35.602094
131,it_fibonacci,201,8,2025-10-29 07:53:35.965594
131,it_fibonacci,201,40,2025-10-29 07:53:36.980509
131,it_fibonacci,201,8,2025-10-29 07:53:37.501101
131,it_fibonacci,201,8,2025-10-29 07:53:37.667949
131,it_fibonacci,201,8,2025-10-29 07:53:37.812020
131,it_fibonacci,201,8,2025-10-29 07:53:37.956656
131,it_fibonacci,201,8,2025-10-29 07:53:38.261163
131,it_fibonacci,201,40,2025-10-29 07:53:39.165651
131,it_fibonacci,201,40,2025-10-29 07:53:39.381201
131,it_fibonacci,201,40,2025-10-29 07:53:39.556298
131,it_fibonacci,201,40,2025-10-29 07:53:39.723262
131,it_fibonacci,201,38,2025-10-29 07:53:40.267644
131,it_fibonacci,201,9,2025-10-29 07:53:40.774238
131,it_fibonacci,201,82,2025-10-29 07:53:41.509121
131,it_fibonacci,201,69,2025-10-29 07:53:41.603940
131,it_fibonacci,201,84,2025-10-29 07:53:41.915745
131,it_fibonacci,201,73,2025-10-29 07:53:42.011371
131,it_fibonacci,201,82,2025-10-29 07:53:42.154462
131,it_fibonacci,201,8,2025-10-29 07:53:42.669244
131,it_fibonacci,201,8,2025-10-29 07:53:42.804055
131,it_fibonacci,201,85,2025-10-29 07:53:43.404037
131,it_fibonacci,201,82,2025-10-29 07:53:43.908626
131,it_fibonacci,201,78,2025-10-29 07:53:44.075359
131,it_fibonacci,201,32,2025-10-29 07:53:44.740141
131,it_fibonacci,201,67,2025-10-29 07:53:44.947466
131,it_fibonacci,201,85,2025-10-29 07:53:45.107402
131,it_fibonacci,201,82,2025-10-29 07:53:45.252100
131,it_fibonacci,201,38,2025-10-29 07:53:46.515972
131,it_fibonacci,201,38,2025-10-29 07:53:46.693456
131,it_fibonacci,201,38,2025-10-29 07:53:46.835425
131,it_fibonacci,201,38,2025-10-29 07:53:46.978589
131,it_fibonacci,201,38,2025-10-29 07:53:47.155354
131,it_fibonacci,201,8,2025-10-29 07:53:48.262502
131,it_fibonacci,201,8,2025-10-29 07:53:48.516071
131,it_fibonacci,201,8,2025-10-29 07:53:48.683584
131,it_fibonacci,201,8,2025-10-29 07:53:48.811704
131,it_fibonacci,201,8,2025-10-29 07:53:48.956555
131,it_fibonacci,201,8,2025-10-29 07:53:49.108642
131,it_fibonacci,201,8,2025-10-29 07:53:49.261641
131,it_fibonacci,201,8,2025-10-29 07:53:49.660914
131,it_fibonacci,201,8,2025-10-29 07:53:50.277570
131,it_fibonacci,201,40,2025-10-29 07:53:52.661677
131,it_fibonacci,201,38,2025-10-29 07:53:53.019724
131,it_fibonacci,201,38,2025-10-29 07:53:53.218728
131,it_fibonacci,201,38,2025-10-29 07:53:53.371197
131,it_fibonacci,201,38,2025-10-29 07:53:53.573694
131,it_fibonacci,201,38,2025-10-29 07:53:53.740704
131,it_fibonacci,201,38,2025-10-29 07:53:54.116440
131,it_fibonacci,201,37,2025-10-29 07:53:54.467701
131,it_fibonacci,201,37,2025-10-29 07:53:54.674718
131,it_fibonacci,201,189,2025-10-29 07:53:55.821243
131,it_fibonacci,201,50,2025-10-29 07:53:55.939818
131,it_fibonacci,201,8,2025-10-29 07:53:56.717820
131,it_fibonacci,201,8,2025-10-29 07:53:56.901792
131,it_fibonacci,201,48,2025-10-29 07:53:57.308012
131,it_fibonacci,201,8,2025-10-29 07:53:57.799989
131,it_fibonacci,201,189,2025-10-29 07:53:58.539186
131,it_fibonacci,201,48,2025-10-29 07:54:00.372753
131,it_fibonacci,201,8,2025-10-29 07:54:02.845647
131,it_fibonacci,201,8,2025-10-29 07:54:03.269319
131,it_fibonacci,201,48,2025-10-29 07:54:05.245079
131,it_fibonacci,201,8,2025-10-29 07:54:05.949547
131,it_fibonacci,201,189,2025-10-29 07:54:06.501250
131,it_fibonacci,201,8,2025-10-29 07:54:07.966355
131,it_fibonacci,201,16,2025-10-29 07:54:08.227167
131,it_fibonacci,201,189,2025-10-29 07:54:08.436477
131,it_fibonacci,201,8,2025-10-29 07:54:09.055540
131,it_fibonacci,201,16,2025-10-29 07:54:12.340377
131,it_fibonacci,201,189,2025-10-29 07:54:12.842901
131,it_fibonacci,201,8,2025-10-29 07:54:13.374568
131,it_fibonacci,201,16,2025-10-29 07:54:13.602415
131,it_fibonacci,201,48,2025-10-29 07:54:13.997853
131,it_fibonacci,201,16,2025-10-29 07:54:15.139915
131,it_fibonacci,201,186,2025-10-29 07:54:15.363907
131,it_fibonacci,201,37,2025-10-29 07:54:16.629581
131,it_fibonacci,201,37,2025-10-29 07:54:16.892481
131,it_fibonacci,201,40,2025-10-29 07:54:22.709670
131,it_fibonacci,201,40,2025-10-29 07:54:22.931133
131,it_fibonacci,201,40,2025-10-29 07:54:23.043714
131,it_fibonacci,201,40,2025-10-29 07:54:23.228141
131,it_fibonacci,201,40,2025-10-29 07:54:23.435773
131,it_fibonacci,201,40,2025-10-29 07:54:23.645363
131,it_fibonacci,201,40,2025-10-29 07:54:23.835712
131,it_fibonacci,201,38,2025-10-29 07:54:24.140671
131,it_fibonacci,201,38,2025-10-29 07:54:24.308745
131,it_fibonacci,201,38,2025-10-29 07:54:24.452329
131,it_fibonacci,201,38,2025-10-29 07:54:24.604084
131,it_fibonacci,201,38,2025-10-29 07:54:24.749448
131,it_fibonacci,201,38,2025-10-29 07:54:24.925030
131,it_fibonacci,201,38,2025-10-29 07:54:25.106817
131,it_fibonacci,201,37,2025-10-29 07:54:25.419887
131,it_fibonacci,201,37,2025-10-29 07:54:25.571725
131,it_fibonacci,201,37,2025-10-29 07:54:25.731824
131,it_fibonacci,201,37,2025-10-29 07:54:25.879723
131,it_fibonacci,201,37,2025-10-29 07:54:26.032743
131,it_fibonacci,201,37,2025-10-29 07:54:26.179784
131,it_fibonacci,201,37,2025-10-29 07:54:26.349285
131,it_fibonacci,201,40,2025-10-29 07:54:27.109888
131,it_fibonacci,201,38,2025-10-29 07:54:27.540868
131,it_fibonacci,201,39,2025-10-29 07:54:27.853233
131,it_fibonacci,201,39,2025-10-29 07:54:28.069404
131,it_fibonacci,201,39,2025-10-29 07:54:28.221360
131,it_fibonacci,201,39,2025-10-29 07:54:28.365171
131,it_fibonacci,201,39,2025-10-29 07:54:28.517320
131,it_fibonacci,201,39,2025-10-29 07:54:28.668099
131,it_fibonacci,201,39,2025-10-29 07:54:28.861150
131,it_fibonacci,201,37,2025-10-29 07:54:29.735097
131,it_fibonacci,201,39,2025-10-29 07:54:30.236208
131,it_fibonacci,201,37,2025-10-29 07:54:30.525541
131,it_fibonacci,201,37,2025-10-29 07:54:30.685063
131,it_fibonacci,201,37,2025-10-29 07:54:30.844940
131,it_fibonacci,201,37,2025-10-29 07:54:30.997273
131,it_fibonacci,201,37,2025-10-29 07:54:31.171987
131,it_fibonacci,201,37,2025-10-29 07:54:31.324217
131,it_fibonacci,201,37,2025-10-29 07:54:31.484986
131,it_fibonacci,201,37,2025-10-29 07:54:31.651974
131,it_fibonacci,201,37,2025-10-29 07:54:31.822352
131,it_fibonacci,201,37,2025-10-29 07:54:31.956460
131,it_fibonacci,201,37,2025-10-29 07:54:32.108055
131,it_fibonacci,201,16,2025-10-29 07:54:32.852173
131,it_fibonacci,201,16,2025-10-29 07:54:33.603991
131,it_fibonacci,201,187,2025-10-29 07:54:33.837233
131,it_fibonacci,201,50,2025-10-29 07:54:34.613060
131,it_fibonacci,201,73,2025-10-29 07:54:36.222712
131,it_fibonacci,201,8,2025-10-29 07:54:37.085666
131,it_fibonacci,201,32,2025-10-29 07:54:37.326461
131,it_fibonacci,201,73,2025-10-29 07:54:37.572164
131,it_fibonacci,201,78,2025-10-29 07:54:38.261726
131,it_fibonacci,201,32,2025-10-29 07:54:38.413638
131,it_fibonacci,201,82,2025-10-29 07:54:38.812353
131,it_fibonacci,201,65,2025-10-29 07:54:38.916232
131,it_fibonacci,201,78,2025-10-29 07:54:39.004383
131,it_fibonacci,201,71,2025-10-29 07:54:39.148743
131,it_fibonacci,201,69,2025-10-29 07:54:39.196669
131,it_fibonacci,201,32,2025-10-29 07:54:39.316265
131,it_fibonacci,201,8,2025-10-29 07:54:39.735999
131,it_fibonacci,201,16,2025-10-29 07:54:40.051339
131,it_fibonacci,201,57,2025-10-29 07:54:40.517259
131,it_fibonacci,201,78,2025-10-29 07:54:41.589423
131,it_fibonacci,201,16,2025-10-29 07:54:42.099904
131,it_fibonacci,201,16,2025-10-29 07:54:42.606843
131,it_fibonacci,201,189,2025-10-29 07:54:42.620349
131,it_fibonacci,201,8,2025-10-29 07:54:43.223248
131,it_fibonacci,201,16,2025-10-29 07:54:43.434724
131,it_fibonacci,201,48,2025-10-29 07:54:43.572432
131,it_fibonacci,201,16,2025-10-29 07:54:44.492391
131,it_fibonacci,201,186,2025-10-29 07:54:44.748473
131,it_fibonacci,201,40,2025-10-29 07:54:46.302546
131,it_fibonacci,201,40,2025-10-29 07:54:46.468459
131,it_fibonacci,201,40,2025-10-29 07:54:46.603714
131,it_fibonacci,201,40,2025-10-29 07:54:46.747467
131,it_fibonacci,201,40,2025-10-29 07:54:46.900609
131,it_fibonacci,201,40,2025-10-29 07:54:47.044007
131,it_fibonacci,201,40,2025-10-29 07:54:47.205579
131,it_fibonacci,201,38,2025-10-29 07:54:47.591019
131,it_fibonacci,201,38,2025-10-29 07:54:47.756012
131,it_fibonacci,201,38,2025-10-29 07:54:47.900974
131,it_fibonacci,201,38,2025-10-29 07:54:48.045014
131,it_fibonacci,201,38,2025-10-29 07:54:48.211232
131,it_fibonacci,201,40,2025-10-29 07:54:50.739528
