131,it_intPalindrome,206,40,2025-10-29 08:07:55.768607
131,it_intPalindrome,206,40,2025-10-29 08:07:56.031117
131,it_intPalindrome,206,40,2025-10-29 08:07:56.207082
131,it_intPalindrome,206,40,2025-10-29 08:07:56.381106
131,it_intPalindrome,206,40,2025-10-29 08:07:56.560108
131,it_intPalindrome,206,40,2025-10-29 08:07:56.761623
131,it_intPalindrome,206,40,2025-10-29 08:07:56.950115
131,it_intPalindrome,206,40,2025-10-29 08:07:57.247874
131,it_intPalindrome,206,40,2025-10-29 08:07:57.568635
131,it_intPalindrome,206,39,2025-10-29 08:07:58.160620
131,it_intPalindrome,206,39,2025-10-29 08:07:58.335397
131,it_intPalindrome,206,39,2025-10-29 08:07:58.519313
131,it_intPalindrome,206,39,2025-10-29 08:07:58.696284
131,it_intPalindrome,206,39,2025-10-29 08:07:58.864262
131,it_intPalindrome,206,39,2025-10-29 08:07:59.039256
131,it_intPalindrome,206,39,2025-10-29 08:07:59.710992
131,it_intPalindrome,206,32,2025-10-29 08:08:02.424793
131,it_intPalindrome,206,73,2025-10-29 08:08:07.081313
131,it_intPalindrome,206,32,2025-10-29 08:08:07.822841
131,it_intPalindrome,206,8,2025-10-29 08:08:11.202110
131,it_intPalindrome,206,32,2025-10-29 08:08:11.936969
131,it_intPalindrome,206,73,2025-10-29 08:08:12.136720
131,it_intPalindrome,206,78,2025-10-29 08:08:12.418152
131,it_intPalindrome,206,32,2025-10-29 08:08:12.529678
131,it_intPalindrome,206,82,2025-10-29 08:08:12.794235
131,it_intPalindrome,206,65,2025-10-29 08:08:12.912694
131,it_intPalindrome,206,78,2025-10-29 08:08:12.934955
131,it_intPalindrome,206,71,2025-10-29 08:08:13.642347
131,it_intPalindrome,206,69,2025-10-29 08:08:13.704975
131,it_intPalindrome,206,16,2025-10-29 08:08:14.182686
131,it_intPalindrome,206,57,2025-10-29 08:08:14.393966
131,it_intPalindrome,206,16,2025-10-29 08:08:15.264971
131,it_intPalindrome,206,48,2025-10-29 08:08:15.486704
131,it_intPalindrome,206,37,2025-10-29 08:08:16.561761
131,it_intPalindrome,206,39,2025-10-29 08:08:19.074288
131,it_intPalindrome,206,37,2025-10-29 08:08:19.433358
131,it_intPalindrome,206,38,2025-10-29 08:08:20.481514
131,it_intPalindrome,206,38,2025-10-29 08:08:20.889483
131,it_intPalindrome,206,13,2025-10-29 08:08:21.396224
131,it_intPalindrome,206,88,2025-10-29 08:08:23.473013
131,it_intPalindrome,206,32,2025-10-29 08:08:23.680450
131,it_intPalindrome,206,187,2025-10-29 08:08:23.857017
131,it_intPalindrome,206,32,2025-10-29 08:08:23.974958
131,it_intPalindrome,206,83,2025-10-29 08:08:24.441330
131,it_intPalindrome,206,84,2025-10-29 08:08:24.537486
131,it_intPalindrome,206,82,2025-10-29 08:08:24.712564
131,it_intPalindrome,206,16,2025-10-29 08:08:25.103186
131,it_intPalindrome,206,57,2025-10-29 08:08:25.377209
131,it_intPalindrome,206,88,2025-10-29 08:08:25.770100
131,it_intPalindrome,206,16,2025-10-29 08:08:25.943662
131,it_intPalindrome,206,48,2025-10-29 08:08:26.041345
131,it_intPalindrome,206,40,2025-10-29 08:08:26.748156
131,it_intPalindrome,206,40,2025-10-29 08:08:27.035240
131,it_intPalindrome,206,39,2025-10-29 08:08:27.281482
131,it_intPalindrome,206,39,2025-10-29 08:08:27.448131
131,it_intPalindrome,206,39,2025-10-29 08:08:27.794265
131,it_intPalindrome,206,39,2025-10-29 08:08:27.984267
131,it_intPalindrome,206,39,2025-10-29 08:08:28.160300
131,it_intPalindrome,206,39,2025-10-29 08:08:28.481702
131,it_intPalindrome,206,37,2025-10-29 08:08:28.801677
131,it_intPalindrome,206,76,2025-10-29 08:08:29.818488
131,it_intPalindrome,206,69,2025-10-29 08:08:30.384956
131,it_intPalindrome,206,78,2025-10-29 08:08:30.473243
131,it_intPalindrome,206,16,2025-10-29 08:08:30.792935
131,it_intPalindrome,206,57,2025-10-29 08:08:30.954231
131,it_intPalindrome,206,88,2025-10-29 08:08:31.305262
131,it_intPalindrome,206,16,2025-10-29 08:08:31.495694
131,it_intPalindrome,206,48,2025-10-29 08:08:31.625473
131,it_intPalindrome,206,39,2025-10-29 08:08:32.474342
131,it_intPalindrome,206,16,2025-10-29 08:08:33.080301
131,it_intPalindrome,206,186,2025-10-29 08:08:33.434233
131,it_intPalindrome,206,13,2025-10-29 08:08:34.274842
131,it_intPalindrome,206,8,2025-10-29 08:08:35.386690
131,it_intPalindrome,206,8,2025-10-29 08:08:35.554002
131,it_intPalindrome,206,8,2025-10-29 08:08:35.698490
131,it_intPalindrome,206,8,2025-10-29 08:08:35.874752
131,it_intPalindrome,206,8,2025-10-29 08:08:36.032500
131,it_intPalindrome,206,8,2025-10-29 08:08:36.193948
131,it_intPalindrome,206,8,2025-10-29 08:08:36.354627
131,it_intPalindrome,206,8,2025-10-29 08:08:36.650710
131,it_intPalindrome,206,8,2025-10-29 08:08:36.964844
131,it_intPalindrome,206,8,2025-10-29 08:08:37.682319
131,it_intPalindrome,206,40,2025-10-29 08:08:38.377693
131,it_intPalindrome,206,38,2025-10-29 08:08:38.690926
131,it_intPalindrome,206,39,2025-10-29 08:08:39.002246
131,it_intPalindrome,206,13,2025-10-29 08:08:39.492125
131,it_intPalindrome,206,73,2025-10-29 08:08:40.450825
131,it_intPalindrome,206,70,2025-10-29 08:08:40.512552
131,it_intPalindrome,206,32,2025-10-29 08:08:40.602424
131,it_intPalindrome,206,8,2025-10-29 08:08:40.938577
131,it_intPalindrome,206,8,2025-10-29 08:08:41.095021
131,it_intPalindrome,206,8,2025-10-29 08:08:41.215819
131,it_intPalindrome,206,38,2025-10-29 08:08:43.219615
131,it_intPalindrome,206,39,2025-10-29 08:08:43.458726
131,it_intPalindrome,206,39,2025-10-29 08:08:43.624642
131,it_intPalindrome,206,39,2025-10-29 08:08:43.777699
131,it_intPalindrome,206,39,2025-10-29 08:08:44.284828
131,it_intPalindrome,206,39,2025-10-29 08:08:44.313092
131,it_intPalindrome,206,39,2025-10-29 08:08:44.343800
131,it_intPalindrome,206,39,2025-10-29 08:08:44.376880
131,it_intPalindrome,206,39,2025-10-29 08:08:44.425295
131,it_intPalindrome,206,39,2025-10-29 08:08:44.456696
131,it_intPalindrome,206,39,2025-10-29 08:08:44.485964
131,it_intPalindrome,206,39,2025-10-29 08:08:44.516505
131,it_intPalindrome,206,39,2025-10-29 08:08:44.549096
131,it_intPalindrome,206,39,2025-10-29 08:08:44.579800
131,it_intPalindrome,206,39,2025-10-29 08:08:44.610777
131,it_intPalindrome,206,39,2025-10-29 08:08:44.643613
131,it_intPalindrome,206,39,2025-10-29 08:08:44.867264
131,it_intPalindrome,206,39,2025-10-29 08:08:45.077648
131,it_intPalindrome,206,40,2025-10-29 08:08:51.786285
131,it_intPalindrome,206,38,2025-10-29 08:08:52.362636
131,it_intPalindrome,206,191,2025-10-29 08:08:54.874553
131,it_intPalindrome,206,50,2025-10-29 08:08:55.443045
131,it_intPalindrome,206,37,2025-10-29 08:08:56.421504
131,it_intPalindrome,206,191,2025-10-29 08:08:57.163603
131,it_intPalindrome,206,40,2025-10-29 08:08:58.123327
131,it_intPalindrome,206,73,2025-10-29 08:08:59.892042
131,it_intPalindrome,206,70,2025-10-29 08:08:59.945845
131,it_intPalindrome,206,32,2025-10-29 08:09:00.787112
131,it_intPalindrome,206,16,2025-10-29 08:09:01.330693
131,it_intPalindrome,206,16,2025-10-29 08:09:01.830216
131,it_intPalindrome,206,16,2025-10-29 08:09:01.860534
131,it_intPalindrome,206,16,2025-10-29 08:09:02.900687
131,it_intPalindrome,206,16,2025-10-29 08:09:03.881407
131,it_intPalindrome,206,57,2025-10-29 08:09:04.186169
131,it_intPalindrome,206,8,2025-10-29 08:09:04.875421
131,it_intPalindrome,206,88,2025-10-29 08:09:06.516127
131,it_intPalindrome,206,219,2025-10-29 08:09:07.003897
131,it_intPalindrome,206,79,2025-10-29 08:09:07.770811
131,it_intPalindrome,206,8,2025-10-29 08:09:08.285518
131,it_intPalindrome,206,73,2025-10-29 08:09:08.667952
131,it_intPalindrome,206,221,2025-10-29 08:09:09.507590
131,it_intPalindrome,206,32,2025-10-29 08:09:10.322173
131,it_intPalindrome,206,16,2025-10-29 08:09:10.906371
131,it_intPalindrome,206,49,2025-10-29 08:09:11.171634
131,it_intPalindrome,206,187,2025-10-29 08:09:11.474886
131,it_intPalindrome,206,32,2025-10-29 08:09:11.788122
131,it_intPalindrome,206,88,2025-10-29 08:09:13.163658
131,it_intPalindrome,206,219,2025-10-29 08:09:13.702182
131,it_intPalindrome,206,76,2025-10-29 08:09:14.707297
131,it_intPalindrome,206,69,2025-10-29 08:09:14.787462
131,it_intPalindrome,206,78,2025-10-29 08:09:14.954334
131,it_intPalindrome,206,16,2025-10-29 08:09:15.322561
131,it_intPalindrome,206,48,2025-10-29 08:09:15.611296
131,it_intPalindrome,206,88,2025-10-29 08:09:15.955732
131,it_intPalindrome,206,8,2025-10-29 08:09:16.286262
131,it_intPalindrome,206,8,2025-10-29 08:09:16.429163
131,it_intPalindrome,206,16,2025-10-29 08:09:16.667039
131,it_intPalindrome,206,57,2025-10-29 08:09:16.835692
131,it_intPalindrome,206,88,2025-10-29 08:09:17.250845
131,it_intPalindrome,206,16,2025-10-29 08:09:17.458416
131,it_intPalindrome,206,48,2025-10-29 08:09:17.578026
131,it_intPalindrome,206,189,2025-10-29 08:09:18.292504
131,it_intPalindrome,206,73,2025-10-29 08:09:18.963562
131,it_intPalindrome,206,16,2025-10-29 08:09:19.418567
131,it_intPalindrome,206,48,2025-10-29 08:09:19.674789
131,it_intPalindrome,206,8,2025-10-29 08:09:20.173401
131,it_intPalindrome,206,221,2025-10-29 08:09:20.876582
131,it_intPalindrome,206,16,2025-10-29 08:09:21.394402
131,it_intPalindrome,206,16,2025-10-29 08:09:22.778420
131,it_intPalindrome,206,186,2025-10-29 08:09:23.034376
131,it_intPalindrome,206,13,2025-10-29 08:09:23.630053
131,it_intPalindrome,206,82,2025-10-29 08:09:24.234915
131,it_intPalindrome,206,69,2025-10-29 08:09:24.324230
131,it_intPalindrome,206,84,2025-10-29 08:09:24.532060
131,it_intPalindrome,206,73,2025-10-29 08:09:24.707966
131,it_intPalindrome,206,82,2025-10-29 08:09:24.851066
131,it_intPalindrome,206,77,2025-10-29 08:09:24.988488
131,it_intPalindrome,206,32,2025-10-29 08:09:25.059013
131,it_intPalindrome,206,8,2025-10-29 08:09:25.429735
131,it_intPalindrome,206,8,2025-10-29 08:09:25.571924
131,it_intPalindrome,206,8,2025-10-29 08:09:25.716694
131,it_intPalindrome,206,8,2025-10-29 08:09:25.844036
131,it_intPalindrome,206,8,2025-10-29 08:09:25.987956
131,it_intPalindrome,206,73,2025-10-29 08:09:26.477652
131,it_intPalindrome,206,8,2025-10-29 08:09:27.117412
131,it_intPalindrome,206,85,2025-10-29 08:09:27.532166
131,it_intPalindrome,206,82,2025-10-29 08:09:27.996234
131,it_intPalindrome,206,78,2025-10-29 08:09:28.092766
131,it_intPalindrome,206,32,2025-10-29 08:09:28.196870
131,it_intPalindrome,206,70,2025-10-29 08:09:28.530755
131,it_intPalindrome,206,65,2025-10-29 08:09:28.642729
131,it_intPalindrome,206,76,2025-10-29 08:09:28.738137
131,it_intPalindrome,206,83,2025-10-29 08:09:28.827131
131,it_intPalindrome,206,69,2025-10-29 08:09:28.897529
131,it_intPalindrome,206,13,2025-10-29 08:09:29.349886
131,it_intPalindrome,206,8,2025-10-29 08:09:29.758212
131,it_intPalindrome,206,8,2025-10-29 08:09:29.917222
131,it_intPalindrome,206,8,2025-10-29 08:09:30.068579
131,it_intPalindrome,206,8,2025-10-29 08:09:30.211179
131,it_intPalindrome,206,8,2025-10-29 08:09:30.372248
131,it_intPalindrome,206,8,2025-10-29 08:09:30.554655
131,it_intPalindrome,206,8,2025-10-29 08:09:30.734015
131,it_intPalindrome,206,8,2025-10-29 08:09:31.781277
131,it_intPalindrome,206,8,2025-10-29 08:09:32.308857
131,it_intPalindrome,206,40,2025-10-29 08:09:33.172751
131,it_intPalindrome,206,40,2025-10-29 08:09:33.363383
131,it_intPalindrome,206,40,2025-10-29 08:09:33.521337
131,it_intPalindrome,206,40,2025-10-29 08:09:33.693526
131,it_intPalindrome,206,40,2025-10-29 08:09:33.868246
131,it_intPalindrome,206,38,2025-10-29 08:09:34.204571
131,it_intPalindrome,206,13,2025-10-29 08:09:34.654405
131,it_intPalindrome,206,82,2025-10-29 08:09:35.037586
131,it_intPalindrome,206,69,2025-10-29 08:09:35.140062
131,it_intPalindrome,206,84,2025-10-29 08:09:35.442450
131,it_intPalindrome,206,85,2025-10-29 08:09:35.867455
131,it_intPalindrome,206,82,2025-10-29 08:09:36.235607
131,it_intPalindrome,206,78,2025-10-29 08:09:36.346952
131,it_intPalindrome,206,32,2025-10-29 08:09:36.474972
131,it_intPalindrome,206,84,2025-10-29 08:09:36.779370
131,it_intPalindrome,206,82,2025-10-29 08:09:36.988263
131,it_intPalindrome,206,85,2025-10-29 08:09:37.074510
131,it_intPalindrome,206,69,2025-10-29 08:09:37.164569
131,it_intPalindrome,206,8,2025-10-29 08:09:37.654016
131,it_intPalindrome,206,8,2025-10-29 08:09:37.779864
131,it_intPalindrome,206,8,2025-10-29 08:09:37.940572
131,it_intPalindrome,206,8,2025-10-29 08:09:38.084460
131,it_intPalindrome,206,16,2025-10-29 08:09:38.570493
131,it_intPalindrome,206,84,2025-10-29 08:09:38.668237
131,it_intPalindrome,206,82,2025-10-29 08:09:38.921574
131,it_intPalindrome,206,85,2025-10-29 08:09:39.028800
131,it_intPalindrome,206,69,2025-10-29 08:09:39.101074
131,it_intPalindrome,206,38,2025-10-29 08:09:39.604835
131,it_intPalindrome,206,38,2025-10-29 08:09:39.756904
131,it_intPalindrome,206,38,2025-10-29 08:09:39.932543
131,it_intPalindrome,206,38,2025-10-29 08:09:40.093537
131,it_intPalindrome,206,38,2025-10-29 08:09:40.317062
131,it_intPalindrome,206,39,2025-10-29 08:09:40.644894
131,it_intPalindrome,206,39,2025-10-29 08:09:40.804881
131,it_intPalindrome,206,39,2025-10-29 08:09:40.980089
131,it_intPalindrome,206,39,2025-10-29 08:09:41.148076
131,it_intPalindrome,206,39,2025-10-29 08:09:41.324555
131,it_intPalindrome,206,8,2025-10-29 08:09:42.486440
131,it_intPalindrome,206,16,2025-10-29 08:09:42.563057
131,it_intPalindrome,206,70,2025-10-29 08:09:42.652071
131,it_intPalindrome,206,38,2025-10-29 08:09:43.124651
131,it_intPalindrome,206,38,2025-10-29 08:09:43.268609
131,it_intPalindrome,206,38,2025-10-29 08:09:43.429209
131,it_intPalindrome,206,38,2025-10-29 08:09:43.566062
131,it_intPalindrome,206,38,2025-10-29 08:09:43.733642
131,it_intPalindrome,206,38,2025-10-29 08:09:43.908180
131,it_intPalindrome,206,40,2025-10-29 08:09:44.471127
131,it_intPalindrome,206,81,2025-10-29 08:09:44.721108
131,it_intPalindrome,206,81,2025-10-29 08:09:44.893455
131,it_intPalindrome,206,81,2025-10-29 08:09:45.926618
