106,lis_fruits,404,65,2025-09-03 17:45:37.826135
106,lis_fruits,404,80,2025-09-03 17:45:38.002485
106,lis_fruits,404,80,2025-09-03 17:45:38.114601
106,lis_fruits,404,76,2025-09-03 17:45:38.310803
106,lis_fruits,404,69,2025-09-03 17:45:38.562013
106,lis_fruits,404,188,2025-09-03 17:45:38.667124
106,lis_fruits,404,32,2025-09-03 17:45:38.760539
106,lis_fruits,404,79,2025-09-03 17:45:38.981914
106,lis_fruits,404,82,2025-09-03 17:45:39.097335
106,lis_fruits,404,65,2025-09-03 17:45:39.585325
106,lis_fruits,404,78,2025-09-03 17:45:39.957923
106,lis_fruits,404,71,2025-09-03 17:45:40.105745
106,lis_fruits,404,69,2025-09-03 17:45:40.416061
106,lis_fruits,404,188,2025-09-03 17:45:40.572818
106,lis_fruits,404,32,2025-09-03 17:45:40.647042
106,lis_fruits,404,80,2025-09-03 17:45:41.003594
106,lis_fruits,404,73,2025-09-03 17:45:41.133606
106,lis_fruits,404,78,2025-09-03 17:45:41.262567
106,lis_fruits,404,69,2025-09-03 17:45:41.829611
106,lis_fruits,404,65,2025-09-03 17:45:42.052867
106,lis_fruits,404,80,2025-09-03 17:45:42.188056
106,lis_fruits,404,80,2025-09-03 17:45:42.302039
106,lis_fruits,404,76,2025-09-03 17:45:42.462443
106,lis_fruits,404,69,2025-09-03 17:45:42.590130
106,lis_fruits,404,188,2025-09-03 17:45:42.707959
106,lis_fruits,404,32,2025-09-03 17:45:42.781298
106,lis_fruits,404,71,2025-09-03 17:45:44.098577
106,lis_fruits,404,82,2025-09-03 17:45:44.439248
106,lis_fruits,404,8,2025-09-03 17:45:44.704060
106,lis_fruits,404,8,2025-09-03 17:45:44.829283
106,lis_fruits,404,68,2025-09-03 17:45:44.933927
106,lis_fruits,404,82,2025-09-03 17:45:45.061663
106,lis_fruits,404,65,2025-09-03 17:45:45.181437
106,lis_fruits,404,71,2025-09-03 17:45:45.447349
106,lis_fruits,404,79,2025-09-03 17:45:45.542382
106,lis_fruits,404,78,2025-09-03 17:45:45.757553
106,lis_fruits,404,32,2025-09-03 17:45:46.321033
106,lis_fruits,404,70,2025-09-03 17:45:46.523815
106,lis_fruits,404,85,2025-09-03 17:45:46.676686
106,lis_fruits,404,73,2025-09-03 17:45:46.772842
106,lis_fruits,404,84,2025-09-03 17:45:46.902984
106,lis_fruits,404,8,2025-09-03 17:45:47.230560
106,lis_fruits,404,8,2025-09-03 17:45:47.367223
106,lis_fruits,404,8,2025-09-03 17:45:47.504677
106,lis_fruits,404,82,2025-09-03 17:45:47.660940
106,lis_fruits,404,85,2025-09-03 17:45:47.770253
106,lis_fruits,404,73,2025-09-03 17:45:47.855802
106,lis_fruits,404,84,2025-09-03 17:45:48.047854
106,lis_fruits,404,188,2025-09-03 17:45:48.268775
106,lis_fruits,404,32,2025-09-03 17:45:48.349146
106,lis_fruits,404,79,2025-09-03 17:45:51.972709
106,lis_fruits,404,8,2025-09-03 17:45:52.549336
106,lis_fruits,404,72,2025-09-03 17:45:53.441947
106,lis_fruits,404,82,2025-09-03 17:45:53.701644
106,lis_fruits,404,65,2025-09-03 17:45:53.798078
106,lis_fruits,404,8,2025-09-03 17:45:54.021383
106,lis_fruits,404,8,2025-09-03 17:45:54.165944
106,lis_fruits,404,8,2025-09-03 17:45:54.301673
106,lis_fruits,404,70,2025-09-03 17:45:54.919573
106,lis_fruits,404,8,2025-09-03 17:45:55.351038
106,lis_fruits,404,71,2025-09-03 17:45:55.494453
106,lis_fruits,404,82,2025-09-03 17:45:55.826561
106,lis_fruits,404,65,2025-09-03 17:45:55.933860
106,lis_fruits,404,80,2025-09-03 17:45:56.881161
106,lis_fruits,404,69,2025-09-03 17:45:57.031321
106,lis_fruits,404,70,2025-09-03 17:45:57.301159
106,lis_fruits,404,82,2025-09-03 17:45:57.630756
106,lis_fruits,404,85,2025-09-03 17:45:57.756962
106,lis_fruits,404,73,2025-09-03 17:45:57.829991
106,lis_fruits,404,84,2025-09-03 17:45:57.966715
106,lis_fruits,404,188,2025-09-03 17:45:58.134370
106,lis_fruits,404,32,2025-09-03 17:45:58.199516
106,lis_fruits,404,80,2025-09-03 17:46:01.340669
106,lis_fruits,404,69,2025-09-03 17:46:01.478715
106,lis_fruits,404,65,2025-09-03 17:46:01.639288
106,lis_fruits,404,82,2025-09-03 17:46:01.738769
106,lis_fruits,404,188,2025-09-03 17:46:01.866852
106,lis_fruits,404,32,2025-09-03 17:46:01.947467
106,lis_fruits,404,76,2025-09-03 17:46:03.340491
106,lis_fruits,404,89,2025-09-03 17:46:03.534888
106,lis_fruits,404,67,2025-09-03 17:46:03.811020
106,lis_fruits,404,72,2025-09-03 17:46:03.964192
106,lis_fruits,404,69,2025-09-03 17:46:04.080251
106,lis_fruits,404,69,2025-09-03 17:46:04.240322
106,lis_fruits,404,188,2025-09-03 17:46:04.361548
106,lis_fruits,404,32,2025-09-03 17:46:04.450397
106,lis_fruits,404,87,2025-09-03 17:46:08.447029
106,lis_fruits,404,73,2025-09-03 17:46:08.643828
106,lis_fruits,404,78,2025-09-03 17:46:08.739324
106,lis_fruits,404,84,2025-09-03 17:46:08.834372
106,lis_fruits,404,69,2025-09-03 17:46:09.044897
106,lis_fruits,404,82,2025-09-03 17:46:09.168475
106,lis_fruits,404,32,2025-09-03 17:46:09.282710
106,lis_fruits,404,77,2025-09-03 17:46:09.499139
106,lis_fruits,404,69,2025-09-03 17:46:09.978845
106,lis_fruits,404,76,2025-09-03 17:46:10.095962
106,lis_fruits,404,79,2025-09-03 17:46:10.192895
106,lis_fruits,404,78,2025-09-03 17:46:10.256458
106,lis_fruits,404,188,2025-09-03 17:46:10.494276
106,lis_fruits,404,32,2025-09-03 17:46:10.545352
106,lis_fruits,404,84,2025-09-03 17:46:13.311191
106,lis_fruits,404,79,2025-09-03 17:46:13.509936
106,lis_fruits,404,77,2025-09-03 17:46:13.577335
106,lis_fruits,404,65,2025-09-03 17:46:13.882109
106,lis_fruits,404,84,2025-09-03 17:46:14.009550
106,lis_fruits,404,79,2025-09-03 17:46:14.145527
106,lis_fruits,404,188,2025-09-03 17:46:14.364322
106,lis_fruits,404,32,2025-09-03 17:46:14.449060
106,lis_fruits,404,80,2025-09-03 17:46:22.903870
106,lis_fruits,404,69,2025-09-03 17:46:23.016329
106,lis_fruits,404,65,2025-09-03 17:46:23.145596
106,lis_fruits,404,67,2025-09-03 17:46:23.241427
106,lis_fruits,404,72,2025-09-03 17:46:23.811241
106,lis_fruits,404,188,2025-09-03 17:46:24.196358
106,lis_fruits,404,32,2025-09-03 17:46:24.274863
106,lis_fruits,404,67,2025-09-03 17:46:34.064492
106,lis_fruits,404,65,2025-09-03 17:46:34.148661
106,lis_fruits,404,77,2025-09-03 17:46:34.377953
106,lis_fruits,404,78,2025-09-03 17:46:34.579796
106,lis_fruits,404,8,2025-09-03 17:46:34.855690
106,lis_fruits,404,8,2025-09-03 17:46:34.984115
106,lis_fruits,404,78,2025-09-03 17:46:35.100891
106,lis_fruits,404,84,2025-09-03 17:46:35.541506
106,lis_fruits,404,69,2025-09-03 17:46:35.639527
106,lis_fruits,404,76,2025-09-03 17:46:36.302117
106,lis_fruits,404,186,2025-09-03 17:46:36.302117
106,lis_fruits,404,8,2025-09-03 17:46:37.017260
106,lis_fruits,404,79,2025-09-03 17:46:37.322527
106,lis_fruits,404,85,2025-09-03 17:46:37.799514
106,lis_fruits,404,80,2025-09-03 17:46:38.166655
106,lis_fruits,404,69,2025-09-03 17:46:38.366845
106,lis_fruits,404,188,2025-09-03 17:46:38.572496
106,lis_fruits,404,32,2025-09-03 17:46:38.667273
106,lis_fruits,404,87,2025-09-03 17:46:40.205158
106,lis_fruits,404,65,2025-09-03 17:46:40.297740
106,lis_fruits,404,84,2025-09-03 17:46:40.443197
106,lis_fruits,404,69,2025-09-03 17:46:40.554943
106,lis_fruits,404,82,2025-09-03 17:46:40.675866
106,lis_fruits,404,77,2025-09-03 17:46:40.953640
106,lis_fruits,404,69,2025-09-03 17:46:41.214900
106,lis_fruits,404,76,2025-09-03 17:46:41.394401
106,lis_fruits,404,79,2025-09-03 17:46:41.520805
106,lis_fruits,404,78,2025-09-03 17:46:41.584666
106,lis_fruits,404,188,2025-09-03 17:46:41.988309
106,lis_fruits,404,32,2025-09-03 17:46:42.082937
106,lis_fruits,404,82,2025-09-03 17:46:50.572989
106,lis_fruits,404,65,2025-09-03 17:46:50.666509
106,lis_fruits,404,77,2025-09-03 17:46:50.800614
106,lis_fruits,404,66,2025-09-03 17:46:51.073563
106,lis_fruits,404,85,2025-09-03 17:46:51.208881
106,lis_fruits,404,84,2025-09-03 17:46:51.406545
106,lis_fruits,404,79,2025-09-03 17:46:51.527461
106,lis_fruits,404,78,2025-09-03 17:46:51.608911
106,lis_fruits,404,8,2025-09-03 17:46:51.900275
106,lis_fruits,404,8,2025-09-03 17:46:52.030455
106,lis_fruits,404,65,2025-09-03 17:46:52.195496
106,lis_fruits,404,78,2025-09-03 17:46:52.259533
106,lis_fruits,404,81,2025-09-03 17:46:53.505358
106,lis_fruits,404,81,2025-09-03 17:46:53.673888
106,lis_fruits,404,81,2025-09-03 17:46:53.833168
