115,rec_intPalindrome,105,40,2025-10-08 18:48:19.497654
115,rec_intPalindrome,105,40,2025-10-08 18:48:20.129644
115,rec_intPalindrome,105,40,2025-10-08 18:48:21.401117
115,rec_intPalindrome,105,40,2025-10-08 18:48:22.272277
115,rec_intPalindrome,105,40,2025-10-08 18:48:23.825971
115,rec_intPalindrome,105,40,2025-10-08 18:48:24.393808
115,rec_intPalindrome,105,40,2025-10-08 18:48:24.803031
115,rec_intPalindrome,105,40,2025-10-08 18:48:25.328599
115,rec_intPalindrome,105,40,2025-10-08 18:48:25.664651
115,rec_intPalindrome,105,40,2025-10-08 18:48:26.049755
115,rec_intPalindrome,105,65,2025-10-08 18:48:33.305842
115,rec_intPalindrome,105,36,2025-10-08 18:48:35.081196
115,rec_intPalindrome,105,39,2025-10-08 18:48:36.402787
115,rec_intPalindrome,105,35,2025-10-08 18:48:37.537536
115,rec_intPalindrome,105,8,2025-10-08 18:48:40.699594
115,rec_intPalindrome,105,220,2025-10-08 18:48:41.738232
115,rec_intPalindrome,105,220,2025-10-08 18:48:42.152692
115,rec_intPalindrome,105,220,2025-10-08 18:48:42.311963
115,rec_intPalindrome,105,40,2025-10-08 18:48:42.706835
115,rec_intPalindrome,105,8,2025-10-08 18:48:43.212037
115,rec_intPalindrome,105,8,2025-10-08 18:48:43.523092
115,rec_intPalindrome,105,8,2025-10-08 18:48:43.771030
115,rec_intPalindrome,105,8,2025-10-08 18:48:43.962776
115,rec_intPalindrome,105,8,2025-10-08 18:48:44.187128
115,rec_intPalindrome,105,8,2025-10-08 18:48:44.404257
115,rec_intPalindrome,105,8,2025-10-08 18:48:44.610928
115,rec_intPalindrome,105,8,2025-10-08 18:48:44.828038
115,rec_intPalindrome,105,8,2025-10-08 18:48:45.035172
115,rec_intPalindrome,105,8,2025-10-08 18:48:45.242975
115,rec_intPalindrome,105,8,2025-10-08 18:48:45.461135
115,rec_intPalindrome,105,8,2025-10-08 18:48:45.875873
115,rec_intPalindrome,105,81,2025-10-08 18:48:46.370473
115,rec_intPalindrome,105,8,2025-10-08 18:48:46.828217
115,rec_intPalindrome,105,20,2025-10-08 18:48:47.553958
115,rec_intPalindrome,105,9,2025-10-08 18:48:50.035830
115,rec_intPalindrome,105,71,2025-10-08 18:49:00.309194
115,rec_intPalindrome,105,8,2025-10-08 18:49:01.563622
115,rec_intPalindrome,105,71,2025-10-08 18:49:02.635326
115,rec_intPalindrome,105,8,2025-10-08 18:49:03.372010
115,rec_intPalindrome,105,72,2025-10-08 18:49:03.700005
115,rec_intPalindrome,105,8,2025-10-08 18:49:04.339080
115,rec_intPalindrome,105,71,2025-10-08 18:49:04.626780
115,rec_intPalindrome,105,8,2025-10-08 18:49:05.252281
115,rec_intPalindrome,105,71,2025-10-08 18:49:05.785241
115,rec_intPalindrome,105,8,2025-10-08 18:49:06.332654
115,rec_intPalindrome,105,70,2025-10-08 18:49:06.563094
115,rec_intPalindrome,105,8,2025-10-08 18:49:08.508927
115,rec_intPalindrome,105,70,2025-10-08 18:49:32.869169
115,rec_intPalindrome,105,8,2025-10-08 18:49:33.325497
115,rec_intPalindrome,105,68,2025-10-08 18:49:33.707192
115,rec_intPalindrome,105,8,2025-10-08 18:49:34.261203
115,rec_intPalindrome,105,68,2025-10-08 18:49:35.724277
115,rec_intPalindrome,105,8,2025-10-08 18:49:36.220448
115,rec_intPalindrome,105,83,2025-10-08 18:49:36.596822
115,rec_intPalindrome,105,89,2025-10-08 18:49:43.187970
115,rec_intPalindrome,105,8,2025-10-08 18:49:43.676679
115,rec_intPalindrome,105,84,2025-10-08 18:49:43.932109
115,rec_intPalindrome,105,89,2025-10-08 18:49:44.772380
115,rec_intPalindrome,105,8,2025-10-08 18:49:45.341366
115,rec_intPalindrome,105,84,2025-10-08 18:49:45.517049
115,rec_intPalindrome,105,8,2025-10-08 18:49:46.045862
115,rec_intPalindrome,105,82,2025-10-08 18:49:46.204440
115,rec_intPalindrome,105,32,2025-10-08 18:49:46.836304
115,rec_intPalindrome,105,187,2025-10-08 18:49:47.243834
115,rec_intPalindrome,105,32,2025-10-08 18:49:47.804520
115,rec_intPalindrome,105,77,2025-10-08 18:49:49.402800
115,rec_intPalindrome,105,8,2025-10-08 18:49:50.046376
115,rec_intPalindrome,105,8,2025-10-08 18:49:50.364875
115,rec_intPalindrome,105,8,2025-10-08 18:49:50.572014
115,rec_intPalindrome,105,8,2025-10-08 18:49:50.804212
115,rec_intPalindrome,105,8,2025-10-08 18:49:51.012364
115,rec_intPalindrome,105,8,2025-10-08 18:49:51.230378
115,rec_intPalindrome,105,8,2025-10-08 18:49:51.701131
115,rec_intPalindrome,105,70,2025-10-08 18:50:12.574819
115,rec_intPalindrome,105,8,2025-10-08 18:50:13.007055
115,rec_intPalindrome,105,70,2025-10-08 18:50:31.022196
115,rec_intPalindrome,105,8,2025-10-08 18:50:31.430568
115,rec_intPalindrome,105,70,2025-10-08 18:50:32.421332
115,rec_intPalindrome,105,80,2025-10-08 18:50:33.244695
115,rec_intPalindrome,105,8,2025-10-08 18:50:33.759345
115,rec_intPalindrome,105,79,2025-10-08 18:50:34.068978
115,rec_intPalindrome,105,84,2025-10-08 18:50:34.588555
115,rec_intPalindrome,105,8,2025-10-08 18:50:35.150510
115,rec_intPalindrome,105,82,2025-10-08 18:50:35.316713
115,rec_intPalindrome,105,32,2025-10-08 18:50:36.045673
115,rec_intPalindrome,105,67,2025-10-08 18:50:36.909578
115,rec_intPalindrome,105,32,2025-10-08 18:50:37.381750
115,rec_intPalindrome,105,8,2025-10-08 18:50:37.966771
115,rec_intPalindrome,105,32,2025-10-08 18:50:38.621560
115,rec_intPalindrome,105,187,2025-10-08 18:50:38.941522
115,rec_intPalindrome,105,32,2025-10-08 18:50:39.525506
115,rec_intPalindrome,105,50,2025-10-08 18:50:39.981965
115,rec_intPalindrome,105,8,2025-10-08 18:50:40.646848
115,rec_intPalindrome,105,49,2025-10-08 18:50:40.893530
115,rec_intPalindrome,105,32,2025-10-08 18:50:42.198505
115,rec_intPalindrome,105,86,2025-10-08 18:50:42.524381
115,rec_intPalindrome,105,8,2025-10-08 18:50:43.103719
115,rec_intPalindrome,105,67,2025-10-08 18:50:43.358449
115,rec_intPalindrome,105,80,2025-10-08 18:50:43.740362
115,rec_intPalindrome,105,186,2025-10-08 18:50:43.966684
115,rec_intPalindrome,105,8,2025-10-08 18:50:44.384125
115,rec_intPalindrome,105,8,2025-10-08 18:50:44.606726
115,rec_intPalindrome,105,16,2025-10-08 18:50:45.364389
115,rec_intPalindrome,105,13,2025-10-08 18:50:45.557567
115,rec_intPalindrome,105,8,2025-10-08 18:50:46.157916
115,rec_intPalindrome,105,8,2025-10-08 18:50:46.358261
115,rec_intPalindrome,105,16,2025-10-08 18:50:46.941713
115,rec_intPalindrome,105,186,2025-10-08 18:50:47.094061
115,rec_intPalindrome,105,32,2025-10-08 18:50:48.013570
115,rec_intPalindrome,105,186,2025-10-08 18:50:49.062679
115,rec_intPalindrome,105,8,2025-10-08 18:50:49.535125
115,rec_intPalindrome,105,75,2025-10-08 18:50:49.902512
115,rec_intPalindrome,105,8,2025-10-08 18:50:50.375088
115,rec_intPalindrome,105,8,2025-10-08 18:50:50.574095
115,rec_intPalindrome,105,75,2025-10-08 18:50:50.813819
115,rec_intPalindrome,105,8,2025-10-08 18:50:51.416342
115,rec_intPalindrome,105,76,2025-10-08 18:50:51.691540
115,rec_intPalindrome,105,82,2025-10-08 18:50:52.284581
115,rec_intPalindrome,105,8,2025-10-08 18:50:52.871836
115,rec_intPalindrome,105,69,2025-10-08 18:50:53.045499
115,rec_intPalindrome,105,77,2025-10-08 18:50:53.438208
115,rec_intPalindrome,105,8,2025-10-08 18:50:54.171279
115,rec_intPalindrome,105,78,2025-10-08 18:50:54.516723
115,rec_intPalindrome,105,71,2025-10-08 18:50:55.158034
115,rec_intPalindrome,105,89,2025-10-08 18:50:55.669829
115,rec_intPalindrome,105,74,2025-10-08 18:50:55.749260
115,rec_intPalindrome,105,32,2025-10-08 18:50:55.998021
115,rec_intPalindrome,105,8,2025-10-08 18:50:56.272302
115,rec_intPalindrome,105,8,2025-10-08 18:50:56.462739
115,rec_intPalindrome,105,8,2025-10-08 18:50:56.672321
115,rec_intPalindrome,105,84,2025-10-08 18:50:56.910758
115,rec_intPalindrome,105,74,2025-10-08 18:50:57.550271
115,rec_intPalindrome,105,8,2025-10-08 18:50:58.141874
115,rec_intPalindrome,105,75,2025-10-08 18:50:58.445658
115,rec_intPalindrome,105,8,2025-10-08 18:50:58.920882
115,rec_intPalindrome,105,8,2025-10-08 18:50:59.143708
115,rec_intPalindrome,105,74,2025-10-08 18:50:59.405343
115,rec_intPalindrome,105,8,2025-10-08 18:50:59.903968
115,rec_intPalindrome,105,74,2025-10-08 18:51:00.190980
115,rec_intPalindrome,105,8,2025-10-08 18:51:00.727878
115,rec_intPalindrome,105,75,2025-10-08 18:51:01.030425
115,rec_intPalindrome,105,8,2025-10-08 18:51:01.512899
115,rec_intPalindrome,105,72,2025-10-08 18:51:01.726107
115,rec_intPalindrome,105,16,2025-10-08 18:51:02.966149
115,rec_intPalindrome,105,16,2025-10-08 18:51:03.474251
115,rec_intPalindrome,105,16,2025-10-08 18:51:03.504528
115,rec_intPalindrome,105,16,2025-10-08 18:51:03.534493
115,rec_intPalindrome,105,16,2025-10-08 18:51:03.565593
115,rec_intPalindrome,105,16,2025-10-08 18:51:03.598729
115,rec_intPalindrome,105,16,2025-10-08 18:51:03.629499
115,rec_intPalindrome,105,16,2025-10-08 18:51:03.952622
115,rec_intPalindrome,105,48,2025-10-08 18:51:04.053677
115,rec_intPalindrome,105,8,2025-10-08 18:51:04.486526
115,rec_intPalindrome,105,16,2025-10-08 18:51:04.725589
115,rec_intPalindrome,105,189,2025-10-08 18:51:04.805349
115,rec_intPalindrome,105,8,2025-10-08 18:51:05.240397
115,rec_intPalindrome,105,16,2025-10-08 18:51:05.412606
115,rec_intPalindrome,105,48,2025-10-08 18:51:05.477990
115,rec_intPalindrome,105,8,2025-10-08 18:51:05.928070
115,rec_intPalindrome,105,16,2025-10-08 18:51:06.093040
115,rec_intPalindrome,105,189,2025-10-08 18:51:06.238562
115,rec_intPalindrome,105,8,2025-10-08 18:51:06.591559
115,rec_intPalindrome,105,48,2025-10-08 18:51:06.910287
115,rec_intPalindrome,105,8,2025-10-08 18:51:07.401183
115,rec_intPalindrome,105,57,2025-10-08 18:51:08.062137
115,rec_intPalindrome,105,67,2025-10-08 18:51:09.094766
115,rec_intPalindrome,105,8,2025-10-08 18:51:09.670685
115,rec_intPalindrome,105,86,2025-10-08 18:51:09.823386
115,rec_intPalindrome,105,8,2025-10-08 18:51:10.497673
115,rec_intPalindrome,105,67,2025-10-08 18:51:10.669722
115,rec_intPalindrome,105,8,2025-10-08 18:51:11.144337
115,rec_intPalindrome,105,67,2025-10-08 18:51:11.711336
115,rec_intPalindrome,105,8,2025-10-08 18:51:12.536627
115,rec_intPalindrome,105,88,2025-10-08 18:51:13.311437
115,rec_intPalindrome,105,16,2025-10-08 18:51:13.901292
115,rec_intPalindrome,105,189,2025-10-08 18:51:14.328155
115,rec_intPalindrome,105,189,2025-10-08 18:51:14.605605
115,rec_intPalindrome,105,8,2025-10-08 18:51:14.992585
115,rec_intPalindrome,105,8,2025-10-08 18:51:15.256259
115,rec_intPalindrome,105,16,2025-10-08 18:51:15.283874
115,rec_intPalindrome,105,48,2025-10-08 18:51:15.486325
115,rec_intPalindrome,105,13,2025-10-08 18:51:16.705909
115,rec_intPalindrome,105,20,2025-10-08 18:51:18.062725
115,rec_intPalindrome,105,13,2025-10-08 18:51:19.497583
115,rec_intPalindrome,105,34,2025-10-08 18:51:25.928260
115,rec_intPalindrome,105,35,2025-10-08 18:51:27.311250
115,rec_intPalindrome,105,35,2025-10-08 18:51:27.789184
115,rec_intPalindrome,105,35,2025-10-08 18:51:28.174734
115,rec_intPalindrome,105,38,2025-10-08 18:51:29.736291
115,rec_intPalindrome,105,38,2025-10-08 18:51:30.242541
115,rec_intPalindrome,105,38,2025-10-08 18:51:30.270784
115,rec_intPalindrome,105,38,2025-10-08 18:51:30.301982
115,rec_intPalindrome,105,38,2025-10-08 18:51:30.335793
115,rec_intPalindrome,105,38,2025-10-08 18:51:30.367835
115,rec_intPalindrome,105,38,2025-10-08 18:51:30.583168
115,rec_intPalindrome,105,40,2025-10-08 18:51:31.040377
115,rec_intPalindrome,105,40,2025-10-08 18:51:31.342276
115,rec_intPalindrome,105,39,2025-10-08 18:51:31.824867
115,rec_intPalindrome,105,39,2025-10-08 18:51:32.335358
115,rec_intPalindrome,105,39,2025-10-08 18:51:32.364253
115,rec_intPalindrome,105,39,2025-10-08 18:51:32.394243
115,rec_intPalindrome,105,39,2025-10-08 18:51:32.426296
115,rec_intPalindrome,105,39,2025-10-08 18:51:32.457827
115,rec_intPalindrome,105,39,2025-10-08 18:51:32.486883
115,rec_intPalindrome,105,39,2025-10-08 18:51:32.520238
115,rec_intPalindrome,105,39,2025-10-08 18:51:32.718733
115,rec_intPalindrome,105,39,2025-10-08 18:51:32.943576
115,rec_intPalindrome,105,39,2025-10-08 18:51:33.174794
115,rec_intPalindrome,105,39,2025-10-08 18:51:33.624395
115,rec_intPalindrome,105,39,2025-10-08 18:51:33.839129
115,rec_intPalindrome,105,36,2025-10-08 18:51:34.640448
115,rec_intPalindrome,105,39,2025-10-08 18:51:36.225242
115,rec_intPalindrome,105,39,2025-10-08 18:51:36.731213
115,rec_intPalindrome,105,39,2025-10-08 18:51:36.761059
115,rec_intPalindrome,105,39,2025-10-08 18:51:36.790649
115,rec_intPalindrome,105,39,2025-10-08 18:51:36.824269
115,rec_intPalindrome,105,39,2025-10-08 18:51:36.854686
115,rec_intPalindrome,105,39,2025-10-08 18:51:36.902886
115,rec_intPalindrome,105,39,2025-10-08 18:51:36.933130
115,rec_intPalindrome,105,39,2025-10-08 18:51:36.962350
115,rec_intPalindrome,105,39,2025-10-08 18:51:36.994233
115,rec_intPalindrome,105,39,2025-10-08 18:51:37.025935
115,rec_intPalindrome,105,39,2025-10-08 18:51:37.056908
115,rec_intPalindrome,105,39,2025-10-08 18:51:37.304610
115,rec_intPalindrome,105,37,2025-10-08 18:51:38.056449
115,rec_intPalindrome,105,8,2025-10-08 18:51:39.201501
115,rec_intPalindrome,105,8,2025-10-08 18:51:39.585573
115,rec_intPalindrome,105,8,2025-10-08 18:51:39.792524
115,rec_intPalindrome,105,8,2025-10-08 18:51:40.017170
115,rec_intPalindrome,105,39,2025-10-08 18:51:41.928604
115,rec_intPalindrome,105,39,2025-10-08 18:51:42.437089
115,rec_intPalindrome,105,39,2025-10-08 18:51:42.467032
115,rec_intPalindrome,105,39,2025-10-08 18:51:42.497962
115,rec_intPalindrome,105,39,2025-10-08 18:51:42.529106
115,rec_intPalindrome,105,39,2025-10-08 18:51:42.559993
115,rec_intPalindrome,105,39,2025-10-08 18:51:42.590301
115,rec_intPalindrome,105,39,2025-10-08 18:51:42.807631
115,rec_intPalindrome,105,39,2025-10-08 18:51:43.104279
115,rec_intPalindrome,105,16,2025-10-08 18:51:43.581767
115,rec_intPalindrome,105,16,2025-10-08 18:51:44.422656
115,rec_intPalindrome,105,219,2025-10-08 18:51:44.918824
115,rec_intPalindrome,105,8,2025-10-08 18:51:46.042200
115,rec_intPalindrome,105,222,2025-10-08 18:51:47.489067
115,rec_intPalindrome,105,8,2025-10-08 18:51:48.089813
115,rec_intPalindrome,105,76,2025-10-08 18:51:48.472659
115,rec_intPalindrome,105,40,2025-10-08 18:51:48.992446
115,rec_intPalindrome,105,8,2025-10-08 18:51:49.023883
115,rec_intPalindrome,105,38,2025-10-08 18:51:51.448004
115,rec_intPalindrome,105,39,2025-10-08 18:51:51.911641
115,rec_intPalindrome,105,39,2025-10-08 18:51:52.417448
115,rec_intPalindrome,105,39,2025-10-08 18:51:52.447429
115,rec_intPalindrome,105,39,2025-10-08 18:51:52.477777
115,rec_intPalindrome,105,39,2025-10-08 18:51:52.511484
115,rec_intPalindrome,105,39,2025-10-08 18:51:52.558610
115,rec_intPalindrome,105,39,2025-10-08 18:51:52.588529
115,rec_intPalindrome,105,39,2025-10-08 18:51:52.620600
115,rec_intPalindrome,105,39,2025-10-08 18:51:52.790927
115,rec_intPalindrome,105,39,2025-10-08 18:51:53.026047
115,rec_intPalindrome,105,39,2025-10-08 18:51:53.231721
115,rec_intPalindrome,105,39,2025-10-08 18:51:53.431029
115,rec_intPalindrome,105,39,2025-10-08 18:51:53.642631
115,rec_intPalindrome,105,39,2025-10-08 18:51:53.848033
115,rec_intPalindrome,105,39,2025-10-08 18:51:54.303794
115,rec_intPalindrome,105,39,2025-10-08 18:51:54.495639
115,rec_intPalindrome,105,39,2025-10-08 18:51:54.720826
115,rec_intPalindrome,105,39,2025-10-08 18:51:54.935978
115,rec_intPalindrome,105,8,2025-10-08 18:51:55.953929
115,rec_intPalindrome,105,16,2025-10-08 18:51:56.518100
115,rec_intPalindrome,105,16,2025-10-08 18:51:57.023668
115,rec_intPalindrome,105,16,2025-10-08 18:51:57.054107
115,rec_intPalindrome,105,16,2025-10-08 18:51:57.084863
115,rec_intPalindrome,105,16,2025-10-08 18:51:57.133663
115,rec_intPalindrome,105,16,2025-10-08 18:51:57.163397
115,rec_intPalindrome,105,16,2025-10-08 18:51:57.192625
115,rec_intPalindrome,105,16,2025-10-08 18:51:57.224955
115,rec_intPalindrome,105,16,2025-10-08 18:51:57.256768
115,rec_intPalindrome,105,16,2025-10-08 18:51:57.287179
115,rec_intPalindrome,105,16,2025-10-08 18:51:57.317488
115,rec_intPalindrome,105,16,2025-10-08 18:51:57.348981
115,rec_intPalindrome,105,16,2025-10-08 18:51:57.397048
115,rec_intPalindrome,105,16,2025-10-08 18:51:57.427140
115,rec_intPalindrome,105,16,2025-10-08 18:51:57.457739
115,rec_intPalindrome,105,16,2025-10-08 18:51:57.488382
115,rec_intPalindrome,105,16,2025-10-08 18:51:57.518975
115,rec_intPalindrome,105,16,2025-10-08 18:51:57.549742
115,rec_intPalindrome,105,16,2025-10-08 18:51:57.580828
115,rec_intPalindrome,105,16,2025-10-08 18:51:57.612654
115,rec_intPalindrome,105,16,2025-10-08 18:51:57.643216
115,rec_intPalindrome,105,16,2025-10-08 18:51:57.693926
115,rec_intPalindrome,105,222,2025-10-08 18:51:57.710095
115,rec_intPalindrome,105,8,2025-10-08 18:51:58.363185
115,rec_intPalindrome,105,16,2025-10-08 18:51:58.942177
115,rec_intPalindrome,105,186,2025-10-08 18:51:59.150767
115,rec_intPalindrome,105,50,2025-10-08 18:52:00.648546
115,rec_intPalindrome,105,8,2025-10-08 18:52:01.418192
115,rec_intPalindrome,105,49,2025-10-08 18:52:01.815281
115,rec_intPalindrome,105,13,2025-10-08 18:52:03.170586
115,rec_intPalindrome,105,81,2025-10-08 18:52:04.007740
115,rec_intPalindrome,105,8,2025-10-08 18:52:04.641186
115,rec_intPalindrome,105,77,2025-10-08 18:52:06.840430
115,rec_intPalindrome,105,8,2025-10-08 18:52:07.344995
115,rec_intPalindrome,105,78,2025-10-08 18:52:07.720612
115,rec_intPalindrome,105,82,2025-10-08 18:52:08.281072
115,rec_intPalindrome,105,8,2025-10-08 18:52:08.952319
115,rec_intPalindrome,105,69,2025-10-08 18:52:09.344461
115,rec_intPalindrome,105,87,2025-10-08 18:52:09.808106
115,rec_intPalindrome,105,32,2025-10-08 18:52:10.343160
115,rec_intPalindrome,105,8,2025-10-08 18:52:10.930243
115,rec_intPalindrome,105,32,2025-10-08 18:52:11.703999
115,rec_intPalindrome,105,187,2025-10-08 18:52:12.448555
115,rec_intPalindrome,105,32,2025-10-08 18:52:13.177560
115,rec_intPalindrome,105,219,2025-10-08 18:52:14.465384
115,rec_intPalindrome,105,77,2025-10-08 18:52:15.416587
115,rec_intPalindrome,105,82,2025-10-08 18:52:15.792537
115,rec_intPalindrome,105,8,2025-10-08 18:52:16.217616
115,rec_intPalindrome,105,8,2025-10-08 18:52:16.418184
115,rec_intPalindrome,105,78,2025-10-08 18:52:16.752290
115,rec_intPalindrome,105,82,2025-10-08 18:52:17.176161
115,rec_intPalindrome,105,8,2025-10-08 18:52:17.903822
115,rec_intPalindrome,105,8,2025-10-08 18:52:18.201372
115,rec_intPalindrome,105,78,2025-10-08 18:52:18.848161
115,rec_intPalindrome,105,82,2025-10-08 18:52:19.304572
115,rec_intPalindrome,105,8,2025-10-08 18:52:19.856431
115,rec_intPalindrome,105,69,2025-10-08 18:52:20.496504
115,rec_intPalindrome,105,87,2025-10-08 18:52:20.929016
115,rec_intPalindrome,105,32,2025-10-08 18:52:21.648889
115,rec_intPalindrome,105,67,2025-10-08 18:52:22.216233
115,rec_intPalindrome,105,8,2025-10-08 18:52:23.739432
115,rec_intPalindrome,105,67,2025-10-08 18:52:27.507234
115,rec_intPalindrome,105,8,2025-10-08 18:52:28.017617
115,rec_intPalindrome,105,88,2025-10-08 18:52:28.128393
115,rec_intPalindrome,105,20,2025-10-08 18:52:28.321692
115,rec_intPalindrome,105,16,2025-10-08 18:52:28.975294
115,rec_intPalindrome,105,16,2025-10-08 18:52:29.475913
115,rec_intPalindrome,105,16,2025-10-08 18:52:29.507455
115,rec_intPalindrome,105,16,2025-10-08 18:52:29.555142
115,rec_intPalindrome,105,16,2025-10-08 18:52:29.583152
115,rec_intPalindrome,105,16,2025-10-08 18:52:29.615415
115,rec_intPalindrome,105,16,2025-10-08 18:52:29.647145
115,rec_intPalindrome,105,16,2025-10-08 18:52:31.536688
115,rec_intPalindrome,105,48,2025-10-08 18:52:31.832597
115,rec_intPalindrome,105,8,2025-10-08 18:52:32.458836
115,rec_intPalindrome,105,16,2025-10-08 18:52:32.807245
115,rec_intPalindrome,105,189,2025-10-08 18:52:33.034038
115,rec_intPalindrome,105,8,2025-10-08 18:52:33.450306
115,rec_intPalindrome,105,16,2025-10-08 18:52:33.630644
115,rec_intPalindrome,105,48,2025-10-08 18:52:33.912768
115,rec_intPalindrome,105,8,2025-10-08 18:52:34.379253
115,rec_intPalindrome,105,16,2025-10-08 18:52:34.600189
115,rec_intPalindrome,105,57,2025-10-08 18:52:34.856516
115,rec_intPalindrome,105,67,2025-10-08 18:52:35.665244
115,rec_intPalindrome,105,16,2025-10-08 18:52:36.383611
115,rec_intPalindrome,105,189,2025-10-08 18:52:36.698385
115,rec_intPalindrome,105,8,2025-10-08 18:52:37.385458
115,rec_intPalindrome,105,16,2025-10-08 18:52:37.624059
115,rec_intPalindrome,105,189,2025-10-08 18:52:37.803075
115,rec_intPalindrome,105,8,2025-10-08 18:52:38.289781
115,rec_intPalindrome,105,16,2025-10-08 18:52:38.496333
115,rec_intPalindrome,105,48,2025-10-08 18:52:38.655288
115,rec_intPalindrome,105,192,2025-10-08 18:52:38.849661
115,rec_intPalindrome,105,8,2025-10-08 18:52:39.691272
115,rec_intPalindrome,105,222,2025-10-08 18:52:40.417270
115,rec_intPalindrome,105,8,2025-10-08 18:52:41.050167
115,rec_intPalindrome,105,222,2025-10-08 18:52:41.817313
115,rec_intPalindrome,105,8,2025-10-08 18:52:42.524103
115,rec_intPalindrome,105,186,2025-10-08 18:52:42.881129
115,rec_intPalindrome,105,8,2025-10-08 18:52:43.353283
115,rec_intPalindrome,105,76,2025-10-08 18:52:43.681126
115,rec_intPalindrome,105,8,2025-10-08 18:52:44.409611

115,rec_intPalindrome,105,39,2025-10-08 18:52:46.337752
115,rec_intPalindrome,105,221,2025-10-08 18:52:47.258178
115,rec_intPalindrome,105,13,2025-10-08 18:52:48.250129
115,rec_intPalindrome,105,82,2025-10-08 18:52:52.121293
115,rec_intPalindrome,105,8,2025-10-08 18:52:52.746448
115,rec_intPalindrome,105,13,2025-10-08 18:52:53.363285
115,rec_intPalindrome,105,79,2025-10-08 18:52:54.107284
115,rec_intPalindrome,105,8,2025-10-08 18:52:54.635654
115,rec_intPalindrome,105,79,2025-10-08 18:52:54.937625
115,rec_intPalindrome,105,70,2025-10-08 18:52:55.072942
115,rec_intPalindrome,105,8,2025-10-08 18:52:55.418567
115,rec_intPalindrome,105,8,2025-10-08 18:52:55.643506
115,rec_intPalindrome,105,8,2025-10-08 18:52:56.994995
115,rec_intPalindrome,105,79,2025-10-08 18:52:57.129488
115,rec_intPalindrome,105,8,2025-10-08 18:52:57.721135
115,rec_intPalindrome,105,81,2025-10-08 18:52:58.209844
115,rec_intPalindrome,105,8,2025-10-08 18:52:58.777995
115,rec_intPalindrome,105,73,2025-10-08 18:52:59.177615
115,rec_intPalindrome,105,71,2025-10-08 18:52:59.680125
115,rec_intPalindrome,105,8,2025-10-08 18:53:00.195094
115,rec_intPalindrome,105,70,2025-10-08 18:53:00.383592
115,rec_intPalindrome,105,32,2025-10-08 18:53:01.105247
115,rec_intPalindrome,105,77,2025-10-08 18:53:01.962207
115,rec_intPalindrome,105,8,2025-10-08 18:53:02.561316
115,rec_intPalindrome,105,77,2025-10-08 18:53:03.171301
115,rec_intPalindrome,105,8,2025-10-08 18:53:03.721201
115,rec_intPalindrome,105,82,2025-10-08 18:53:03.984422
115,rec_intPalindrome,105,8,2025-10-08 18:53:04.483230
115,rec_intPalindrome,105,69,2025-10-08 18:53:04.729824
115,rec_intPalindrome,105,87,2025-10-08 18:53:05.161315
115,rec_intPalindrome,105,32,2025-10-08 18:53:05.802706
115,rec_intPalindrome,105,187,2025-10-08 18:53:06.121399
115,rec_intPalindrome,105,187,2025-10-08 18:53:06.457295
115,rec_intPalindrome,105,32,2025-10-08 18:53:06.891103
115,rec_intPalindrome,105,67,2025-10-08 18:53:08.113523
115,rec_intPalindrome,105,67,2025-10-08 18:53:08.633589
115,rec_intPalindrome,105,8,2025-10-08 18:53:08.906413
115,rec_intPalindrome,105,8,2025-10-08 18:53:09.185421
115,rec_intPalindrome,105,86,2025-10-08 18:53:09.297495
115,rec_intPalindrome,105,8,2025-10-08 18:53:10.075204
115,rec_intPalindrome,105,67,2025-10-08 18:53:10.218209
115,rec_intPalindrome,105,8,2025-10-08 18:53:11.067388
115,rec_intPalindrome,105,67,2025-10-08 18:53:11.434495
115,rec_intPalindrome,105,32,2025-10-08 18:53:11.666543
115,rec_intPalindrome,105,8,2025-10-08 18:53:12.091961
115,rec_intPalindrome,105,8,2025-10-08 18:53:12.330494
115,rec_intPalindrome,105,32,2025-10-08 18:53:12.673105
115,rec_intPalindrome,105,8,2025-10-08 18:53:13.171740
115,rec_intPalindrome,105,67,2025-10-08 18:53:13.977652
115,rec_intPalindrome,105,8,2025-10-08 18:53:14.506654
115,rec_intPalindrome,105,32,2025-10-08 18:53:15.226236
115,rec_intPalindrome,105,8,2025-10-08 18:53:15.723961
115,rec_intPalindrome,105,67,2025-10-08 18:53:16.002495
115,rec_intPalindrome,105,88,2025-10-08 18:53:16.002495
115,rec_intPalindrome,105,8,2025-10-08 18:53:16.531499
115,rec_intPalindrome,105,8,2025-10-08 18:53:16.770564
115,rec_intPalindrome,105,88,2025-10-08 18:53:16.912107
115,rec_intPalindrome,105,13,2025-10-08 18:53:17.604651
115,rec_intPalindrome,105,81,2025-10-08 18:53:18.322742
115,rec_intPalindrome,105,8,2025-10-08 18:53:18.914266
115,rec_intPalindrome,105,81,2025-10-08 18:53:19.402728
115,rec_intPalindrome,105,8,2025-10-08 18:53:19.754873
115,rec_intPalindrome,105,9,2025-10-08 18:53:20.242225
115,rec_intPalindrome,105,84,2025-10-08 18:53:21.114913
115,rec_intPalindrome,105,8,2025-10-08 18:53:21.690188
115,rec_intPalindrome,105,82,2025-10-08 18:53:21.921777
115,rec_intPalindrome,105,69,2025-10-08 18:53:22.330914
115,rec_intPalindrome,105,84,2025-10-08 18:53:22.698469
115,rec_intPalindrome,105,73,2025-10-08 18:53:23.265845
115,rec_intPalindrome,105,8,2025-10-08 18:53:23.818401
115,rec_intPalindrome,105,85,2025-10-08 18:53:24.112846
115,rec_intPalindrome,105,84,2025-10-08 18:53:24.521542
115,rec_intPalindrome,105,77,2025-10-08 18:53:24.898865
115,rec_intPalindrome,105,8,2025-10-08 18:53:25.275193
115,rec_intPalindrome,105,8,2025-10-08 18:53:25.459500
115,rec_intPalindrome,105,82,2025-10-08 18:53:25.657603
115,rec_intPalindrome,105,8,2025-10-08 18:53:26.260754
115,rec_intPalindrome,105,8,2025-10-08 18:53:26.450913
115,rec_intPalindrome,105,82,2025-10-08 18:53:26.689982
115,rec_intPalindrome,105,77,2025-10-08 18:53:26.898183
115,rec_intPalindrome,105,32,2025-10-08 18:53:27.234515
115,rec_intPalindrome,105,16,2025-10-08 18:53:27.377533
115,rec_intPalindrome,105,84,2025-10-08 18:53:27.690343
115,rec_intPalindrome,105,82,2025-10-08 18:53:28.538755
115,rec_intPalindrome,105,69,2025-10-08 18:53:28.801670
115,rec_intPalindrome,105,8,2025-10-08 18:53:29.322950
115,rec_intPalindrome,105,69,2025-10-08 18:53:29.794799
115,rec_intPalindrome,105,8,2025-10-08 18:53:30.195652
115,rec_intPalindrome,105,73,2025-10-08 18:53:30.457360
115,rec_intPalindrome,105,8,2025-10-08 18:53:30.964159
115,rec_intPalindrome,105,85,2025-10-08 18:53:31.273647
115,rec_intPalindrome,105,69,2025-10-08 18:53:31.817078
115,rec_intPalindrome,105,13,2025-10-08 18:53:32.275828
115,rec_intPalindrome,105,69,2025-10-08 18:53:33.312265
115,rec_intPalindrome,105,186,2025-10-08 18:53:33.809649
115,rec_intPalindrome,105,8,2025-10-08 18:53:34.452191
115,rec_intPalindrome,105,76,2025-10-08 18:53:34.737997
115,rec_intPalindrome,105,68,2025-10-08 18:53:35.121907
115,rec_intPalindrome,105,82,2025-10-08 18:53:35.394080
115,rec_intPalindrome,105,8,2025-10-08 18:53:35.779204
115,rec_intPalindrome,105,8,2025-10-08 18:53:35.987497
115,rec_intPalindrome,105,83,2025-10-08 18:53:36.097755
115,rec_intPalindrome,105,69,2025-10-08 18:53:36.483221
115,rec_intPalindrome,105,13,2025-10-08 18:53:36.813429
115,rec_intPalindrome,105,82,2025-10-08 18:53:37.347010
115,rec_intPalindrome,105,69,2025-10-08 18:53:37.972783
115,rec_intPalindrome,105,84,2025-10-08 18:53:38.427093
115,rec_intPalindrome,105,85,2025-10-08 18:53:38.771410
115,rec_intPalindrome,105,82,2025-10-08 18:53:39.107939
115,rec_intPalindrome,105,78,2025-10-08 18:53:39.481769
115,rec_intPalindrome,105,13,2025-10-08 18:53:40.157846
115,rec_intPalindrome,105,81,2025-10-08 18:53:40.634503
115,rec_intPalindrome,105,81,2025-10-08 18:53:40.945828
115,rec_intPalindrome,105,8,2025-10-08 18:53:41.379943
115,rec_intPalindrome,105,8,2025-10-08 18:53:41.578261
115,rec_intPalindrome,105,9,2025-10-08 18:53:41.922358
115,rec_intPalindrome,105,70,2025-10-08 18:53:43.299436
115,rec_intPalindrome,105,83,2025-10-08 18:53:43.937977
115,rec_intPalindrome,105,8,2025-10-08 18:53:44.707939
115,rec_intPalindrome,105,65,2025-10-08 18:53:44.977572
115,rec_intPalindrome,105,186,2025-10-08 18:53:45.353592
115,rec_intPalindrome,105,8,2025-10-08 18:53:45.980463
115,rec_intPalindrome,105,76,2025-10-08 18:53:46.363088
115,rec_intPalindrome,105,83,2025-10-08 18:53:46.930414
115,rec_intPalindrome,105,69,2025-10-08 18:53:47.362522
115,rec_intPalindrome,105,13,2025-10-08 18:53:47.899583
115,rec_intPalindrome,105,13,2025-10-08 18:53:48.316156
115,rec_intPalindrome,105,49,2025-10-08 18:53:48.610234
115,rec_intPalindrome,105,49,2025-10-08 18:53:49.017446
115,rec_intPalindrome,105,37,2025-10-08 18:53:49.331269
115,rec_intPalindrome,105,8,2025-10-08 18:53:49.353497
115,rec_intPalindrome,105,37,2025-10-08 18:53:49.546639
115,rec_intPalindrome,105,8,2025-10-08 18:53:49.570334
115,rec_intPalindrome,105,8,2025-10-08 18:53:50.114177
115,rec_intPalindrome,105,192,2025-10-08 18:53:50.931077
115,rec_intPalindrome,105,8,2025-10-08 18:53:51.513638
115,rec_intPalindrome,105,83,2025-10-08 18:53:51.698288
115,rec_intPalindrome,105,8,2025-10-08 18:53:52.282423
115,rec_intPalindrome,105,38,2025-10-08 18:53:53.483271
115,rec_intPalindrome,105,40,2025-10-08 18:53:55.125115
115,rec_intPalindrome,105,39,2025-10-08 18:53:55.596840
115,rec_intPalindrome,105,39,2025-10-08 18:53:55.906904
115,rec_intPalindrome,105,220,2025-10-08 18:53:56.834319
115,rec_intPalindrome,105,8,2025-10-08 18:53:56.848769
115,rec_intPalindrome,105,8,2025-10-08 18:53:57.323500
115,rec_intPalindrome,105,81,2025-10-08 18:53:58.235387
115,rec_intPalindrome,105,81,2025-10-08 18:53:58.753517
115,rec_intPalindrome,105,81,2025-10-08 18:54:00.443446
