vol_num,block,stim_id,stim_name,keystrokes
0,4,,,[]
1,4,,,[]
2,4,,,[]
3,4,,,[]
4,4,,,[]
5,4,,,[]
6,4,,,[]
7,4,,,[]
8,4,,,[]
9,4,,,[]
10,4,,,[]
11,4,,,[]
12,4,,,[]
13,4,,,[]
14,4,,,[]
15,4,,,[]
16,4,,,[]
17,4,,,[]
18,4,,,[]
19,4,,,[]
20,4,101,rec_palindrome,[]
21,4,101,rec_palindrome,[]
22,4,101,rec_palindrome,[]
23,4,101,rec_palindrome,[]
24,4,101,rec_palindrome,['<K:D x=3>']
25,4,101,rec_palindrome,['<K:D x=5>']
26,4,101,rec_palindrome,"['<K:D>', '<K:R>', '<K:D>']"
27,4,101,rec_palindrome,"['\t', '\t']"
28,4,101,rec_palindrome,['<K:U>']
29,4,101,rec_palindrome,['<K:D>']
30,4,101,rec_palindrome,[]
31,4,101,rec_palindrome,[]
32,4,101,rec_palindrome,[]
33,4,101,rec_palindrome,['<K:BS>']
34,4,101,rec_palindrome,[]
35,4,101,rec_palindrome,[]
36,4,101,rec_palindrome,[]
37,4,101,rec_palindrome,[]
38,4,101,rec_palindrome,[]
39,4,101,rec_palindrome,[]
40,4,101,rec_palindrome,[]
41,4,101,rec_palindrome,[]
42,4,101,rec_palindrome,[]
43,4,101,rec_palindrome,[]
44,4,101,rec_palindrome,[]
45,4,101,rec_palindrome,[]
46,4,101,rec_palindrome,[]
47,4,101,rec_palindrome,[]
48,4,101,rec_palindrome,[]
49,4,101,rec_palindrome,[]
50,4,101,rec_palindrome,[]
51,4,101,rec_palindrome,[]
52,4,101,rec_palindrome,[]
53,4,101,rec_palindrome,[]
54,4,101,rec_palindrome,[]
55,4,101,rec_palindrome,[]
56,4,101,rec_palindrome,[]
57,4,101,rec_palindrome,['<K:D x=2>']
58,4,101,rec_palindrome,"['<K:D>', '<K:U>']"
59,4,101,rec_palindrome,['<K:U x=2>']
60,4,101,rec_palindrome,[]
61,4,101,rec_palindrome,"['i', 'f', '<K:S>', '9']"
62,4,101,rec_palindrome,"['<K:S>', '0']"
63,4,101,rec_palindrome,"[' ', '<K:S>', 'p', '<K:BS>']"
64,4,101,rec_palindrome,['[']
65,4,101,rec_palindrome,"['\r', '<K:S>', ']']"
66,4,101,rec_palindrome,[]
67,4,101,rec_palindrome,['<K:D x=3>']
68,4,101,rec_palindrome,[]
69,4,101,rec_palindrome,[]
70,4,101,rec_palindrome,[]
71,4,101,rec_palindrome,['<K:U x=2>']
72,4,101,rec_palindrome,"['<K:U>', '<K:R>', '<K:U x=2>']"
73,4,101,rec_palindrome,['<K:R x=5>']
74,4,101,rec_palindrome,['<K:L>']
75,4,101,rec_palindrome,[]
76,4,101,rec_palindrome,[]
77,4,101,rec_palindrome,[]
78,4,101,rec_palindrome,[]
79,4,101,rec_palindrome,[]
80,4,101,rec_palindrome,[]
81,4,101,rec_palindrome,[]
82,4,101,rec_palindrome,[]
83,4,101,rec_palindrome,[]
84,4,101,rec_palindrome,[]
85,4,101,rec_palindrome,[]
86,4,101,rec_palindrome,['s']
87,4,101,rec_palindrome,"['t', 'a', 'r', 't', ' ', '=']"
88,4,101,rec_palindrome,"['=', ' ', 'e', 'n', 'd']"
89,4,101,rec_palindrome,['<K:D>']
90,4,101,rec_palindrome,['<K:L>']
91,4,101,rec_palindrome,"['<K:U>', '<K:D>']"
92,4,101,rec_palindrome,"['<K:S>', '\r']"
93,4,101,rec_palindrome,"['<K:U>', '\t']"
94,4,101,rec_palindrome,"['r', 'e', 't', 'i', 'r', 'm']"
95,4,101,rec_palindrome,"['<K:BS x=3>', 'i', 'r']"
96,4,101,rec_palindrome,"['m', '<K:BS x=3>']"
97,4,101,rec_palindrome,"['u', 'r', 'n']"
98,4,101,rec_palindrome,[';']
99,4,101,rec_palindrome,['<K:D x=2>']
100,4,101,rec_palindrome,['<K:U x=2>']
101,4,101,rec_palindrome,['<K:D>']
102,4,101,rec_palindrome,['<K:D x=2>']
103,4,101,rec_palindrome,"['<K:D>', '\t']"
104,4,101,rec_palindrome,[]
105,4,101,rec_palindrome,[]
106,4,101,rec_palindrome,[]
107,4,101,rec_palindrome,[]
108,4,101,rec_palindrome,[]
109,4,101,rec_palindrome,[]
110,4,101,rec_palindrome,[]
111,4,101,rec_palindrome,[]
112,4,101,rec_palindrome,[]
113,4,101,rec_palindrome,[]
114,4,101,rec_palindrome,[]
115,4,101,rec_palindrome,"['<K:S x=13>', '9']"
116,4,101,rec_palindrome,['0']
117,4,101,rec_palindrome,['<K:L>']
118,4,101,rec_palindrome,"['s', 't', 'r', 'i', 'n', 'g']"
119,4,101,rec_palindrome,[]
120,4,101,rec_palindrome,"[' ', '<K:BS>']"
121,4,101,rec_palindrome,['<K:BS x=5>']
122,4,101,rec_palindrome,['<K:BS>']
123,4,101,rec_palindrome,[]
124,4,101,rec_palindrome,[]
125,4,101,rec_palindrome,['<K:BS>']
126,4,101,rec_palindrome,['<K:R>']
127,4,101,rec_palindrome,['<K:BS>']
128,4,101,rec_palindrome,['\r']
129,4,101,rec_palindrome,['<K:U>']
130,4,101,rec_palindrome,['s']
131,4,101,rec_palindrome,"['t', 'r', 'i', 'n', 'g', ' ']"
132,4,101,rec_palindrome,[]
133,4,101,rec_palindrome,[]
134,4,101,rec_palindrome,['<K:BS x=2>']
135,4,101,rec_palindrome,"['g', '2', ' ']"
136,4,101,rec_palindrome,"['=', ' ', 's', 't', 'r', 'i']"
137,4,101,rec_palindrome,"['n', 'g', '<K:S>']"
138,4,101,rec_palindrome,['<K:S x=2>']
139,4,101,rec_palindrome,[]
140,4,101,rec_palindrome,[]
141,4,101,rec_palindrome,[]
142,4,101,rec_palindrome,['[']
143,4,101,rec_palindrome,[]
144,4,101,rec_palindrome,"['s', 't', 'a', 'r']"
145,4,101,rec_palindrome,"['t', '<K:S x=2>', '=']"
146,4,101,rec_palindrome,['1']
147,4,101,rec_palindrome,"['<K:S x=2>', '-']"
148,4,101,rec_palindrome,['<K:BS x=2>']
149,4,101,rec_palindrome,['<K:BS x=18>']
150,4,101,rec_palindrome,['<K:BS x=5>']
151,4,101,rec_palindrome,"['\r', '<K:U>']"
152,4,101,rec_palindrome,[]
153,4,101,rec_palindrome,['s']
154,4,101,rec_palindrome,"['t', 'a', 'r', 't']"
155,4,101,rec_palindrome,"[' ', '=', ' ']"
156,4,101,rec_palindrome,"['s', 't', 'a', 'r', 't', ' ']"
157,4,101,rec_palindrome,"['<K:S>', '=', ' ']"
158,4,101,rec_palindrome,"['1', ';', '\r']"
159,4,101,rec_palindrome,"['e', 'n', 'd']"
160,4,101,rec_palindrome,"[' ', '=', ' ']"
161,4,101,rec_palindrome,"['e', 'n', 'd']"
162,4,101,rec_palindrome,"[' ', '-', ' ']"
163,4,101,rec_palindrome,['2']
164,4,101,rec_palindrome,"['<K:BS>', '1', ';']"
165,4,101,rec_palindrome,[]
166,4,101,rec_palindrome,[]
167,4,101,rec_palindrome,['<K:D>']
168,4,101,rec_palindrome,[]
169,4,101,rec_palindrome,[]
170,4,101,rec_palindrome,"['i', 's', '<K:S>', 'p', 'a']"
171,4,101,rec_palindrome,"['l', 'i', 'd']"
172,4,101,rec_palindrome,"['<K:BS>', 'n', 'd', 'r', 'o']"
173,4,101,rec_palindrome,"['m', 'e']"
174,4,101,rec_palindrome,"['<K:S>', '9', 's', 't', 'r']"
175,4,101,rec_palindrome,"['i', 'n', 'g']"
176,4,101,rec_palindrome,"[',', ' ', 's', 't']"
177,4,101,rec_palindrome,"['a', 'r', 't', ',', ' ']"
178,4,101,rec_palindrome,"['e', 'n', 'd']"
179,4,101,rec_palindrome,[]
180,4,101,rec_palindrome,[]
181,4,101,rec_palindrome,"['<K:S>', '9']"
182,4,101,rec_palindrome,"['<K:BS>', '0', ';']"
183,4,101,rec_palindrome,['<K:BS>']
184,4,101,rec_palindrome,[]
185,4,101,rec_palindrome,[]
186,4,101,rec_palindrome,[]
187,4,101,rec_palindrome,[]
188,4,101,rec_palindrome,['<K:U>']
189,4,101,rec_palindrome,['<K:U x=4>']
190,4,101,rec_palindrome,['<K:U x=2>']
191,4,101,rec_palindrome,['<K:L x=3>']
192,4,101,rec_palindrome,['<K:L>']
193,4,101,rec_palindrome,"['<K:D>', '<K:L>']"
194,4,101,rec_palindrome,"[' ', 't', 'r']"
195,4,101,rec_palindrome,"['i', 'e', '<K:BS x=2>']"
196,4,101,rec_palindrome,"['<K:BS>', 'r', 'u']"
197,4,101,rec_palindrome,['e']
198,4,101,rec_palindrome,['<K:D x=4>']
199,4,101,rec_palindrome,"['<K:D>', '<K:L>', '<K:D x=2>', '<K:L>']"
200,4,101,rec_palindrome,['<K:U>']
201,4,101,rec_palindrome,['<K:R>']
202,4,101,rec_palindrome,[]
203,4,101,rec_palindrome,[]
204,4,101,rec_palindrome,[]
205,4,101,rec_palindrome,[]
206,4,101,rec_palindrome,[]
207,4,101,rec_palindrome,[]
208,4,101,rec_palindrome,[]
209,4,101,rec_palindrome,[]
210,4,101,rec_palindrome,[]
211,4,101,rec_palindrome,[]
212,4,101,rec_palindrome,[]
213,4,101,rec_palindrome,[]
214,4,101,rec_palindrome,[]
215,4,101,rec_palindrome,['<K:U>']
216,4,101,rec_palindrome,"['<K:U x=4>', '<K:R>', '<K:U>']"
217,4,101,rec_palindrome,"['<K:R x=2>', '<K:U>', '<K:R>']"
218,4,101,rec_palindrome,['<K:R x=4>']
219,4,101,rec_palindrome,['<K:R x=2>']
220,4,101,rec_palindrome,['<K:D>']
221,4,101,rec_palindrome,['<K:U>']
222,4,101,rec_palindrome,"['<K:U x=2>', '<K:R x=2>']"
223,4,101,rec_palindrome,"['<K:U x=3>', '<K:R>']"
224,4,101,rec_palindrome,"['<K:R x=11>', '<K:D>', '<K:R>']"
225,4,101,rec_palindrome,['<K:R x=5>']
226,4,101,rec_palindrome,['<K:R x=4>']
227,4,101,rec_palindrome,[]
228,4,101,rec_palindrome,[]
229,4,101,rec_palindrome,['<K:D>']
230,4,101,rec_palindrome,['<K:D x=3>']
231,4,101,rec_palindrome,"['<K:L>', '<K:U>']"
232,4,101,rec_palindrome,[]
233,4,101,rec_palindrome,[]
234,4,101,rec_palindrome,[]
235,4,101,rec_palindrome,[]
236,4,101,rec_palindrome,[]
237,4,101,rec_palindrome,[]
238,4,101,rec_palindrome,[]
239,4,101,rec_palindrome,[]
240,4,101,rec_palindrome,[]
241,4,101,rec_palindrome,[]
242,4,101,rec_palindrome,[]
243,4,101,rec_palindrome,[]
244,4,101,rec_palindrome,[]
245,4,101,rec_palindrome,[]
246,4,101,rec_palindrome,[]
247,4,101,rec_palindrome,[]
248,4,101,rec_palindrome,[]
249,4,101,rec_palindrome,['<K:D x=2>']
250,4,101,rec_palindrome,['<K:D x=3>']
251,4,101,rec_palindrome,"['<K:D x=2>', '<K:L>']"
252,4,101,rec_palindrome,['<K:L x=13>']
253,4,101,rec_palindrome,['<K:L>']
254,4,101,rec_palindrome,[]
255,4,101,rec_palindrome,[]
256,4,101,rec_palindrome,"['i', 'f', ' ', '<K:S>']"
257,4,101,rec_palindrome,"['9', '0']"
258,4,101,rec_palindrome,['\r']
259,4,101,rec_palindrome,[]
260,4,101,rec_palindrome,[]
261,4,101,rec_palindrome,['<K:BS x=3>']
262,4,101,rec_palindrome,"['<K:BS x=2>', ' ']"
263,4,101,rec_palindrome,['<K:D>']
264,4,101,rec_palindrome,"['e', 'l', 's', 'e', ' ']"
265,4,101,rec_palindrome,['<K:S>']
266,4,101,rec_palindrome,"['r', 'e', 't', 'i', 'r', 'm']"
267,4,101,rec_palindrome,"['<K:BS x=3>', 'i']"
268,4,101,rec_palindrome,"['<K:BS>', 'r', 'n']"
269,4,101,rec_palindrome,"['f', 'a', 'l', '<K:BS>']"
270,4,101,rec_palindrome,"['<K:BS x=2>', ' ', 'f', 'a', 'l', 's']"
271,4,101,rec_palindrome,"['e', ""'""]"
272,4,101,rec_palindrome,"['<K:BS>', 'l']"
273,4,101,rec_palindrome,"['<K:BS>', 'l']"
274,4,101,rec_palindrome,"['<K:BS>', 'k', '<K:BS>']"
275,4,101,rec_palindrome,[';']
276,4,101,rec_palindrome,"['<K:U>', '<K:L x=4>']"
277,4,101,rec_palindrome,['<K:L x=10>']
278,4,101,rec_palindrome,[]
279,4,101,rec_palindrome,['s']
280,4,101,rec_palindrome,"['t', 'r', 'i', 'n', 'g', 'p']"
281,4,101,rec_palindrome,"['<K:BS>', '[']"
282,4,101,rec_palindrome,['s']
283,4,101,rec_palindrome,"['t', 'a', 'r', 't']"
284,4,101,rec_palindrome,"[']', '<K:BS>']"
285,4,101,rec_palindrome,[']']
286,4,101,rec_palindrome,"[' ', '=']"
287,4,101,rec_palindrome,"['=', ' ']"
288,4,101,rec_palindrome,"['s', 't', 'r', 'o', 'm', 'g']"
289,4,101,rec_palindrome,"['<K:BS x=3>', 'i', 'n', 'g']"
290,4,101,rec_palindrome,['[']
291,4,101,rec_palindrome,"['s', '<K:BS>', 'e']"
292,4,101,rec_palindrome,"['m', 'd', '<K:BS x=2>']"
293,4,101,rec_palindrome,"['n', 'd', ']']"
294,4,101,rec_palindrome,[]
295,4,101,rec_palindrome,[]
296,4,101,rec_palindrome,[]
297,4,101,rec_palindrome,['<K:R x=2>']
298,4,101,rec_palindrome,[]
299,4,101,rec_palindrome,[]
300,4,101,rec_palindrome,[]
301,4,101,rec_palindrome,['<K:R>']
302,4,101,rec_palindrome,['<K:R x=18>']
303,4,101,rec_palindrome,"['<K:R x=7>', ' ']"
304,4,101,rec_palindrome,"['-', '2']"
305,4,101,rec_palindrome,"['<K:BS>', ' ', '1', '<K:R>']"
306,4,101,rec_palindrome,['<K:R x=4>']
307,4,101,rec_palindrome,[' ']
308,4,101,rec_palindrome,"['=', '<K:BS>']"
309,4,101,rec_palindrome,"['0', '<K:BS>', '-']"
310,4,101,rec_palindrome,"['<K:BS>', ' ', '1']"
311,4,101,rec_palindrome,['<K:L x=5>']
312,4,101,rec_palindrome,['<K:L x=6>']
313,4,101,rec_palindrome,['<K:BS>']
314,4,101,rec_palindrome,"['<K:S>', '-', '<K:BS>', '[']"
315,4,101,rec_palindrome,"['<K:BS>', '=']"
316,4,101,rec_palindrome,['<K:L x=2>']
317,4,101,rec_palindrome,"['<K:L x=21>', '<K:U>']"
318,4,101,rec_palindrome,['<K:BS>']
319,4,101,rec_palindrome,['<K:BS x=15>']
320,4,101,rec_palindrome,['<K:BS x=14>']
321,4,101,rec_palindrome,['<K:BS x=6>']
322,4,101,rec_palindrome,['<K:BS x=3>']
323,4,101,rec_palindrome,[]
324,4,101,rec_palindrome,['<K:D>']
325,4,101,rec_palindrome,['<K:D x=2>']
326,4,101,rec_palindrome,"['q', 'q']"
327,4,101,rec_palindrome,['q']
328,4,,,[]
329,4,,,[]
330,4,,,[]
331,4,409,lis_tools,[]
332,4,409,lis_tools,[]
333,4,409,lis_tools,"['h', 'a', 'm', 'm', 'e', 'r']"
334,4,409,lis_tools,"[',', ' ']"
335,4,409,lis_tools,[]
336,4,409,lis_tools,"['d', 'r', 'i', 'l', 'l', ',']"
337,4,409,lis_tools,"[' ', 's', 'c', 'r', 'e', 'w']"
338,4,409,lis_tools,"['w', '<K:BS>', 'd', 'r']"
339,4,409,lis_tools,"['i', 'v', 'e', 'r', ',', ' ']"
340,4,409,lis_tools,[]
341,4,409,lis_tools,"['m', 'a', 'l', 'l', 'e']"
342,4,409,lis_tools,"['t', ',', ' ']"
343,4,409,lis_tools,"['s', 'a', 'w', ',', ' ']"
344,4,409,lis_tools,"['w', 'r', 'e', 'n']"
345,4,409,lis_tools,"['c', 'h', ',', ' ']"
346,4,409,lis_tools,[]
347,4,409,lis_tools,[]
348,4,409,lis_tools,[]
349,4,409,lis_tools,"['p', 'l']"
350,4,409,lis_tools,"['i', 'e', 'r', 's', ',', ' ']"
351,4,409,lis_tools,[]
352,4,409,lis_tools,[]
353,4,409,lis_tools,[]
354,4,409,lis_tools,[]
355,4,409,lis_tools,"['s', 'c', 'i']"
356,4,409,lis_tools,"['e', '<K:BS>', 's', 's', 'o', 'r']"
357,4,409,lis_tools,"['s', ',', ' ']"
358,4,409,lis_tools,[]
359,4,409,lis_tools,"['c', 'l', 'a', 'm', 'p']"
360,4,409,lis_tools,"[',', ' ']"
361,4,409,lis_tools,"['<K:BS x=2>', 's', ',']"
362,4,409,lis_tools,[' ']
363,4,409,lis_tools,[]
364,4,409,lis_tools,[]
365,4,409,lis_tools,[]
366,4,409,lis_tools,[]
367,4,409,lis_tools,[]
368,4,409,lis_tools,[]
369,4,409,lis_tools,[]
370,4,409,lis_tools,[]
371,4,409,lis_tools,[]
372,4,409,lis_tools,['x']
373,4,409,lis_tools,"['a', 'c']"
374,4,409,lis_tools,"['t', 'o', ' ']"
375,4,409,lis_tools,[]
376,4,409,lis_tools,"['b', '<K:BS>', ',']"
377,4,409,lis_tools,"['k', '<K:BS x=2>', 'k', 'n', 'i']"
378,4,409,lis_tools,"['f', 'e']"
379,4,409,lis_tools,"['q', 'q']"
380,4,,,['q']
381,4,,,[]
382,4,,,[]
383,4,402,lis_vehicles,[]
384,4,402,lis_vehicles,[]
385,4,402,lis_vehicles,[]
386,4,402,lis_vehicles,[]
387,4,402,lis_vehicles,"['c', 'a', 'r', ',', ' ']"
388,4,402,lis_vehicles,"['t', 'r', 'u', 'c', 'k', ',']"
389,4,402,lis_vehicles,"[' ', 'p', 'l', 'a', 'n', 'e', ',']"
390,4,402,lis_vehicles,[' ']
391,4,402,lis_vehicles,[]
392,4,402,lis_vehicles,[]
393,4,402,lis_vehicles,"['b', 'o', 't', ',']"
394,4,402,lis_vehicles,"[' ', '<K:BS x=3>']"
395,4,402,lis_vehicles,"['<K:BS x=2>', 'o', 'a', 't', ',', ' ']"
396,4,402,lis_vehicles,[]
397,4,402,lis_vehicles,[]
398,4,402,lis_vehicles,"['s', 'c']"
399,4,402,lis_vehicles,"['o', 'o', 't', ',', '<K:BS>']"
400,4,402,lis_vehicles,"['e', 'r', ',', ' ', 'b', 'i']"
401,4,402,lis_vehicles,"['k', 'e', ',']"
402,4,402,lis_vehicles,[' ']
403,4,402,lis_vehicles,"['t', 'r']"
404,4,402,lis_vehicles,"['a', 'c', 't', 'o', 'r', ',']"
405,4,402,lis_vehicles,[' ']
406,4,402,lis_vehicles,"['j', 'e']"
407,4,402,lis_vehicles,"['t', 's', 'k', 'i']"
408,4,402,lis_vehicles,"[',', ' ', 'b']"
409,4,402,lis_vehicles,"['u', 's', ',', ' ']"
410,4,402,lis_vehicles,[]
411,4,402,lis_vehicles,"['t', 'r', 'a', 'i', 'n', ',']"
412,4,402,lis_vehicles,[' ']
413,4,402,lis_vehicles,"['t', 'r', 'a', 'm', ',', ' ']"
414,4,402,lis_vehicles,[]
415,4,402,lis_vehicles,"['g', 'o', 'n', 'd']"
416,4,402,lis_vehicles,"['o', 'l', 'a', ',']"
417,4,402,lis_vehicles,['<K:BS>']
418,4,402,lis_vehicles,"[',', ' ']"
419,4,402,lis_vehicles,"['t', 'r', 'a']"
420,4,402,lis_vehicles,"['<K:BS x=3>', 's']"
421,4,402,lis_vehicles,"['t', 'r', 'e', 'e', 't', 'c']"
422,4,402,lis_vehicles,"['a', 'r', 'w']"
423,4,402,lis_vehicles,"['<K:BS>', 'q', 'q']"
424,4,402,lis_vehicles,['q']
425,4,,,[]
426,4,,,[]
427,4,,,[]
428,4,105,rec_intPalindrome,[]
429,4,105,rec_intPalindrome,[]
430,4,105,rec_intPalindrome,['<K:D x=3>']
431,4,105,rec_intPalindrome,['<K:D x=2>']
432,4,105,rec_intPalindrome,[]
433,4,105,rec_intPalindrome,['<K:D x=2>']
434,4,105,rec_intPalindrome,"['<K:D x=2>', '<K:R>']"
435,4,105,rec_intPalindrome,"['<K:D>', '<K:R x=3>']"
436,4,105,rec_intPalindrome,[]
437,4,105,rec_intPalindrome,"['i', 'f', '<K:S>', '9', '<K:S>', '0']"
438,4,105,rec_intPalindrome,"[' ', '<K:S>', 'p']"
439,4,105,rec_intPalindrome,"['<K:S>', '<K:BS>', '[']"
440,4,105,rec_intPalindrome,"['\r', '<K:S>', '\r']"
441,4,105,rec_intPalindrome,"['<K:S>', ']']"
442,4,105,rec_intPalindrome,[]
443,4,105,rec_intPalindrome,['<K:D x=3>']
444,4,105,rec_intPalindrome,[]
445,4,105,rec_intPalindrome,[]
446,4,105,rec_intPalindrome,[]
447,4,105,rec_intPalindrome,[]
448,4,105,rec_intPalindrome,[]
449,4,105,rec_intPalindrome,[]
450,4,105,rec_intPalindrome,[]
451,4,105,rec_intPalindrome,[]
452,4,105,rec_intPalindrome,[]
453,4,105,rec_intPalindrome,['<K:U>']
454,4,105,rec_intPalindrome,['<K:U x=3>']
455,4,105,rec_intPalindrome,"['<K:U x=2>', '<K:R>', '<K:D>']"
456,4,105,rec_intPalindrome,"['<K:D>', '<K:R>', '<K:U>']"
457,4,105,rec_intPalindrome,[]
458,4,105,rec_intPalindrome,[]
459,4,105,rec_intPalindrome,[]
460,4,105,rec_intPalindrome,[]
461,4,105,rec_intPalindrome,[]
462,4,105,rec_intPalindrome,[]
463,4,105,rec_intPalindrome,[]
464,4,105,rec_intPalindrome,[]
465,4,105,rec_intPalindrome,[]
466,4,105,rec_intPalindrome,[]
467,4,105,rec_intPalindrome,[]
468,4,105,rec_intPalindrome,[]
469,4,105,rec_intPalindrome,[]
470,4,105,rec_intPalindrome,[]
471,4,105,rec_intPalindrome,['<K:D x=2>']
472,4,105,rec_intPalindrome,[]
473,4,105,rec_intPalindrome,['<K:U x=2>']
474,4,105,rec_intPalindrome,[]
475,4,105,rec_intPalindrome,[]
476,4,105,rec_intPalindrome,['m']
477,4,105,rec_intPalindrome,['<K:BS>']
478,4,105,rec_intPalindrome,"['n', 'u']"
479,4,105,rec_intPalindrome,"['<K:BS x=2>', 'x', ' ']"
480,4,105,rec_intPalindrome,"['=', ' ']"
481,4,105,rec_intPalindrome,"['<K:BS>', '=']"
482,4,105,rec_intPalindrome,"[' ', '-', '<K:BS>']"
483,4,105,rec_intPalindrome,['0']
484,4,105,rec_intPalindrome,['<K:D>']
485,4,105,rec_intPalindrome,"['r', 'e']"
486,4,105,rec_intPalindrome,"['t', 'u', 'r', 'n']"
487,4,105,rec_intPalindrome,[';']
488,4,105,rec_intPalindrome,[]
489,4,105,rec_intPalindrome,[]
490,4,105,rec_intPalindrome,['<K:D x=2>']
491,4,105,rec_intPalindrome,['<K:D x=2>']
492,4,105,rec_intPalindrome,[]
493,4,105,rec_intPalindrome,[]
494,4,105,rec_intPalindrome,[]
495,4,105,rec_intPalindrome,[]
496,4,105,rec_intPalindrome,['<K:U x=4>']
497,4,105,rec_intPalindrome,"['<K:L>', ' ']"
498,4,105,rec_intPalindrome,"['t', 'r', 'y', '<K:BS>']"
499,4,105,rec_intPalindrome,"['y', '<K:BS>', 'i']"
500,4,105,rec_intPalindrome,"['e', '<K:BS x=2>', 'u']"
501,4,105,rec_intPalindrome,['e']
502,4,105,rec_intPalindrome,"['<K:U x=2>', '<K:L x=2>', '<K:D>']"
503,4,105,rec_intPalindrome,['<K:BS x=3>']
504,4,105,rec_intPalindrome,"['<K:BS>', '/']"
505,4,105,rec_intPalindrome,[' ']
506,4,105,rec_intPalindrome,[]
507,4,105,rec_intPalindrome,[]
508,4,105,rec_intPalindrome,[]
509,4,105,rec_intPalindrome,[]
510,4,105,rec_intPalindrome,[]
511,4,105,rec_intPalindrome,[]
512,4,105,rec_intPalindrome,[]
513,4,105,rec_intPalindrome,[]
514,4,105,rec_intPalindrome,[]
515,4,105,rec_intPalindrome,[]
516,4,105,rec_intPalindrome,['<K:BS x=2>']
517,4,105,rec_intPalindrome,"['-', '<K:BS>']"
518,4,105,rec_intPalindrome,"['=', '=', ' ']"
519,4,105,rec_intPalindrome,[]
520,4,105,rec_intPalindrome,['2']
521,4,105,rec_intPalindrome,['<K:BS>']
522,4,105,rec_intPalindrome,"['1', '<K:D x=2>']"
523,4,105,rec_intPalindrome,['<K:D x=3>']
524,4,105,rec_intPalindrome,[]
525,4,105,rec_intPalindrome,[]
526,4,105,rec_intPalindrome,['t']
527,4,105,rec_intPalindrome,"['<K:BS>', 'w']"
528,4,105,rec_intPalindrome,['<K:BS>']
529,4,105,rec_intPalindrome,[]
530,4,105,rec_intPalindrome,[]
531,4,105,rec_intPalindrome,[]
532,4,105,rec_intPalindrome,[]
533,4,105,rec_intPalindrome,[]
534,4,105,rec_intPalindrome,"['t', 'r', 'u']"
535,4,105,rec_intPalindrome,"['<K:BS x=3>', 'r', 'e', 't']"
536,4,105,rec_intPalindrome,"['u', 'r']"
537,4,105,rec_intPalindrome,['<K:BS x=3>']
538,4,105,rec_intPalindrome,['<K:BS x=2>']
539,4,105,rec_intPalindrome,"['i', 's']"
540,4,105,rec_intPalindrome,"['<K:S>', '-', 'n']"
541,4,105,rec_intPalindrome,"['u', 'm', '<K:S>', '-']"
542,4,105,rec_intPalindrome,"['p', 'a', 'l', 'i', 'n']"
543,4,105,rec_intPalindrome,"['d', 'r', 'o', 'm']"
544,4,105,rec_intPalindrome,"['e', '<K:S>', '9', 'x', '<K:S>']"
545,4,105,rec_intPalindrome,"['0', ' ']"
546,4,105,rec_intPalindrome,['<K:BS>']
547,4,105,rec_intPalindrome,['<K:BS>']
548,4,105,rec_intPalindrome,['<K:S>']
549,4,105,rec_intPalindrome,[' ']
550,4,105,rec_intPalindrome,['/']
551,4,105,rec_intPalindrome,[' ']
552,4,105,rec_intPalindrome,"['2', '<K:BS>']"
553,4,105,rec_intPalindrome,[]
554,4,105,rec_intPalindrome,[]
555,4,105,rec_intPalindrome,[]
556,4,105,rec_intPalindrome,[]
557,4,105,rec_intPalindrome,[]
558,4,105,rec_intPalindrome,[]
559,4,105,rec_intPalindrome,[]
560,4,105,rec_intPalindrome,[]
561,4,105,rec_intPalindrome,[]
562,4,105,rec_intPalindrome,[]
563,4,105,rec_intPalindrome,[]
564,4,105,rec_intPalindrome,[]
565,4,105,rec_intPalindrome,[]
566,4,105,rec_intPalindrome,[]
567,4,105,rec_intPalindrome,[]
568,4,105,rec_intPalindrome,[]
569,4,105,rec_intPalindrome,[]
570,4,105,rec_intPalindrome,[]
571,4,105,rec_intPalindrome,[]
572,4,105,rec_intPalindrome,[]
573,4,105,rec_intPalindrome,[]
574,4,105,rec_intPalindrome,[]
575,4,105,rec_intPalindrome,[]
576,4,105,rec_intPalindrome,[]
577,4,105,rec_intPalindrome,[]
578,4,105,rec_intPalindrome,[]
579,4,105,rec_intPalindrome,[]
580,4,105,rec_intPalindrome,[]
581,4,105,rec_intPalindrome,"['1', '0']"
582,4,105,rec_intPalindrome,[]
583,4,105,rec_intPalindrome,['<K:BS>']
584,4,105,rec_intPalindrome,['<K:S>']
585,4,105,rec_intPalindrome,['<K:BS>']
586,4,105,rec_intPalindrome,['<K:S>']
587,4,105,rec_intPalindrome,"['2', '2', '<K:BS x=2>', '1']"
588,4,105,rec_intPalindrome,"['0', '0', '<K:S>', '0']"
589,4,105,rec_intPalindrome,[]
590,4,105,rec_intPalindrome,[]
591,4,105,rec_intPalindrome,['<K:BS x=4>']
592,4,105,rec_intPalindrome,[]
593,4,105,rec_intPalindrome,[]
594,4,105,rec_intPalindrome,['<K:BS>']
595,4,105,rec_intPalindrome,['<K:BS x=3>']
596,4,105,rec_intPalindrome,['<K:L>']
597,4,105,rec_intPalindrome,['<K:L x=12>']
598,4,105,rec_intPalindrome,['<K:L x=5>']
599,4,105,rec_intPalindrome,[]
600,4,105,rec_intPalindrome,['i']
601,4,105,rec_intPalindrome,"['f', '<K:S>', '9', '0']"
602,4,105,rec_intPalindrome,[' ']
603,4,105,rec_intPalindrome,[]
604,4,105,rec_intPalindrome,[]
605,4,105,rec_intPalindrome,['<K:D>']
606,4,105,rec_intPalindrome,[]
607,4,105,rec_intPalindrome,['\t']
608,4,105,rec_intPalindrome,"['<K:U>', '<K:R>']"
609,4,105,rec_intPalindrome,"['<K:R x=3>', '<K:BS>']"
610,4,105,rec_intPalindrome,['<K:R>']
611,4,105,rec_intPalindrome,"['<K:BS>', '<K:R>']"
612,4,105,rec_intPalindrome,['<K:R x=17>']
613,4,105,rec_intPalindrome,['<K:S>']
614,4,105,rec_intPalindrome,"['0', '0', ' ']"
615,4,105,rec_intPalindrome,"['r', 'e', 't', 'u']"
616,4,105,rec_intPalindrome,"['r', 'n', ' ']"
617,4,105,rec_intPalindrome,[]
618,4,105,rec_intPalindrome,[]
619,4,105,rec_intPalindrome,['<K:BS x=6>']
620,4,105,rec_intPalindrome,['<K:BS>']
621,4,105,rec_intPalindrome,"['\r', 'e']"
622,4,105,rec_intPalindrome,"['l', 's', 'e', ' ', '<K:S>']"
623,4,105,rec_intPalindrome,"['r', 'e', 't', 'u']"
624,4,105,rec_intPalindrome,"['r', 'n', ' ', 'f', 'a', 'l', 's', 'e']"
625,4,105,rec_intPalindrome,[]
626,4,105,rec_intPalindrome,"['<K:U>', '<K:R x=2>']"
627,4,105,rec_intPalindrome,['<K:R x=2>']
628,4,105,rec_intPalindrome,[]
629,4,105,rec_intPalindrome,[]
630,4,105,rec_intPalindrome,[]
631,4,105,rec_intPalindrome,[]
632,4,105,rec_intPalindrome,[]
633,4,105,rec_intPalindrome,[]
634,4,105,rec_intPalindrome,[]
635,4,105,rec_intPalindrome,[]
636,4,105,rec_intPalindrome,[]
637,4,105,rec_intPalindrome,"['x', ' ']"
638,4,105,rec_intPalindrome,[]
639,4,105,rec_intPalindrome,[]
640,4,105,rec_intPalindrome,['/']
641,4,105,rec_intPalindrome,['<K:BS>']
642,4,105,rec_intPalindrome,[]
643,4,105,rec_intPalindrome,[]
644,4,105,rec_intPalindrome,[]
645,4,105,rec_intPalindrome,['<K:BS>']
646,4,105,rec_intPalindrome,['<K:BS>']
647,4,105,rec_intPalindrome,[]
648,4,105,rec_intPalindrome,['<K:R>']
649,4,105,rec_intPalindrome,['<K:BS x=10>']
650,4,105,rec_intPalindrome,"['<K:BS x=9>', 'x']"
651,4,105,rec_intPalindrome,"[' ', '<K:S>']"
652,4,105,rec_intPalindrome,"['<K:S x=2>', '<K:BS>']"
653,4,105,rec_intPalindrome,"['5', '<K:BS>']"
654,4,105,rec_intPalindrome,"['5', ' ']"
655,4,105,rec_intPalindrome,[]
656,4,105,rec_intPalindrome,[]
657,4,105,rec_intPalindrome,[]
658,4,105,rec_intPalindrome,[]
659,4,105,rec_intPalindrome,"['1', '0']"
660,4,105,rec_intPalindrome,"[' ', '=', '=', ' ']"
661,4,105,rec_intPalindrome,"['x', ' ', '<K:S>']"
662,4,105,rec_intPalindrome,"['/', ' ', '1']"
663,4,105,rec_intPalindrome,['0']
664,4,105,rec_intPalindrome,[]
665,4,105,rec_intPalindrome,[]
666,4,105,rec_intPalindrome,[]
667,4,105,rec_intPalindrome,[]
668,4,105,rec_intPalindrome,[]
669,4,105,rec_intPalindrome,['<K:R>']
670,4,105,rec_intPalindrome,[]
671,4,105,rec_intPalindrome,[]
672,4,105,rec_intPalindrome,[]
673,4,105,rec_intPalindrome,[]
674,4,105,rec_intPalindrome,[]
675,4,105,rec_intPalindrome,"[' ', 'i']"
676,4,105,rec_intPalindrome,"['s', '<K:S>', 'n', '=', '<K:BS>']"
677,4,105,rec_intPalindrome,"['<K:S>', '<K:BS x=2>', '-']"
678,4,105,rec_intPalindrome,"['n', 'u', 'm']"
679,4,105,rec_intPalindrome,"['e', '<K:BS>', '-']"
680,4,105,rec_intPalindrome,"['p', 'a', 'l']"
681,4,105,rec_intPalindrome,"['i', 'd', 'n', 'r', 'o', '<K:BS>']"
682,4,105,rec_intPalindrome,"['<K:BS x=3>', 'n', 'd', 'r']"
683,4,105,rec_intPalindrome,"['o', 'm', 'e', '<K:S>', '9']"
684,4,105,rec_intPalindrome,"['x', ' ']"
685,4,105,rec_intPalindrome,[]
686,4,105,rec_intPalindrome,[]
687,4,105,rec_intPalindrome,[]
688,4,105,rec_intPalindrome,[]
689,4,105,rec_intPalindrome,[]
690,4,105,rec_intPalindrome,[]
691,4,105,rec_intPalindrome,[]
692,4,105,rec_intPalindrome,[]
693,4,105,rec_intPalindrome,[]
694,4,105,rec_intPalindrome,[]
695,4,105,rec_intPalindrome,[]
696,4,105,rec_intPalindrome,[]
697,4,105,rec_intPalindrome,[]
698,4,105,rec_intPalindrome,['-']
699,4,105,rec_intPalindrome,[]
700,4,105,rec_intPalindrome,[]
701,4,105,rec_intPalindrome,[]
702,4,105,rec_intPalindrome,"['<K:S>', ' ']"
703,4,105,rec_intPalindrome,[]
704,4,105,rec_intPalindrome,"['<K:S>', '9', '1']"
705,4,105,rec_intPalindrome,"['<K:BS>', 'x', '/']"
706,4,105,rec_intPalindrome,"['1', '0', '<K:S>', '0']"
707,4,105,rec_intPalindrome,[' ']
708,4,105,rec_intPalindrome,"['-', ' ']"
709,4,105,rec_intPalindrome,"['<K:S>', '9']"
710,4,105,rec_intPalindrome,"['x', '<K:S>', '<K:BS>', '9']"
711,4,105,rec_intPalindrome,['x']
712,4,105,rec_intPalindrome,"[' ', '<K:S>', '7']"
713,4,105,rec_intPalindrome,"['<K:S>', '<K:BS>']"
714,4,105,rec_intPalindrome,"['5', ' ', '2']"
715,4,105,rec_intPalindrome,"['0', '<K:S>', '<K:BS x=2>', '1']"
716,4,105,rec_intPalindrome,"['0', '<K:S>', '0']"
717,4,105,rec_intPalindrome,[]
718,4,105,rec_intPalindrome,[]
719,4,105,rec_intPalindrome,[]
720,4,105,rec_intPalindrome,"[' ', 'x']"
721,4,105,rec_intPalindrome,['<K:BS>']
722,4,105,rec_intPalindrome,"['<K:S>', '8', ' ']"
723,4,105,rec_intPalindrome,"['1', '0', '<K:S>', '0']"
724,4,105,rec_intPalindrome,['0']
725,4,105,rec_intPalindrome,['<K:S x=4>']
726,4,105,rec_intPalindrome,['<K:S x=31>']
727,4,105,rec_intPalindrome,['<K:S x=30>']
728,4,105,rec_intPalindrome,['<K:S x=30>']
729,4,105,rec_intPalindrome,['0']
730,4,105,rec_intPalindrome,[]
731,4,105,rec_intPalindrome,['l']
732,4,105,rec_intPalindrome,"['<K:BS>', ';']"
733,4,105,rec_intPalindrome,['<K:D x=2>']
734,4,105,rec_intPalindrome,"['q', 'q']"
735,4,105,rec_intPalindrome,['q']
736,4,,,[]
737,4,,,[]
738,4,,,[]
739,4,,,[]
740,4,403,lis_vegetables,[]
741,4,403,lis_vegetables,[]
742,4,403,lis_vegetables,['c']
743,4,403,lis_vegetables,"['a', 'r']"
744,4,403,lis_vegetables,"['r', 'o', 't', 't']"
745,4,403,lis_vegetables,"['<K:BS>', ',', ' ']"
746,4,403,lis_vegetables,[]
747,4,403,lis_vegetables,"['p', 'a', '<K:BS>', 'o', 't']"
748,4,403,lis_vegetables,"['a', 't', 'o', ',', ' ']"
749,4,403,lis_vegetables,[]
750,4,403,lis_vegetables,"['v', 'o', 'r', '<K:BS x=3>', 'c', '`']"
751,4,403,lis_vegetables,"['o', 'r', '<K:BS x=3>']"
752,4,403,lis_vegetables,"['o', 'r', 'n', ',', ' ']"
753,4,403,lis_vegetables,[]
754,4,403,lis_vegetables,"['z', 'u', 'c', 'c', 'h']"
755,4,403,lis_vegetables,"['i', 'n', 'i', ',', ' ', 'c', 'u']"
756,4,403,lis_vegetables,"['c', 'u', 'm']"
757,4,403,lis_vegetables,"['b', 'e', 'r', ',', ' ']"
758,4,403,lis_vegetables,"['r', 'a']"
759,4,403,lis_vegetables,"['d', 'i', 's', 'h', ',']"
760,4,403,lis_vegetables,"[' ', 'b', 'e', 'e']"
761,4,403,lis_vegetables,"['t', ',', ' ']"
762,4,403,lis_vegetables,[]
763,4,403,lis_vegetables,[]
764,4,403,lis_vegetables,"['c', 'h', 'a', 'r', 'd', ',', ' ', 'k']"
765,4,403,lis_vegetables,"['a', 'l', 'e', ',', ' ']"
766,4,403,lis_vegetables,"['s', 'p', 'i', 'n', 'a', 'c', 'h', ',']"
767,4,403,lis_vegetables,[' ']
768,4,403,lis_vegetables,[]
769,4,403,lis_vegetables,"['b', 'e', 'a', 'n', 's']"
770,4,403,lis_vegetables,"[',', ' ']"
771,4,403,lis_vegetables,[]
772,4,403,lis_vegetables,"['c', 'h', 'i']"
773,4,403,lis_vegetables,"['c', 'k', 'p', 'e', 'a', 's']"
774,4,403,lis_vegetables,"[',', ' ']"
775,4,403,lis_vegetables,[]
776,4,403,lis_vegetables,[]
777,4,403,lis_vegetables,[]
778,4,403,lis_vegetables,"['c', 'a', 'u', 'l', 'i']"
779,4,403,lis_vegetables,"['f', 'o', '<K:BS>']"
780,4,403,lis_vegetables,"['l', 'o', 'w', 'e', 'r', ',', ' ', 'b']"
781,4,403,lis_vegetables,"['r', 'o', 'c', 'o', '<K:BS>']"
782,4,403,lis_vegetables,"['<K:BS>', 'o', 'l']"
783,4,403,lis_vegetables,"['<K:BS x=2>', 'c']"
784,4,403,lis_vegetables,"['o', 'l', 'i', '\r']"
785,4,403,lis_vegetables,"['q', 'q']"
786,4,403,lis_vegetables,['q']
787,4,,,[]
788,4,,,[]
789,4,,,[]
790,4,,,[]
791,4,,,[]
