participant_id,block_num,stim_name,stim_id,task,participant_output,end_time,next_jitter
participant_id,block_num,stim_name,stim_id,task,participant_output,end_time,next_jitter
participant_id,block_num,stim_name,stim_id,task,participant_output,end_time,next_jitter
118,1,pro_weight,300,pro,. wh is heavier than a car. which is j,2025-10-05 09:37:39.538095,3.074
118,1,pro_bright,304,pro,which is brighter than the moon. which is righier than a l,2025-10-05 09:40:13.734001,1.596
118,1,it_sum,205,it,"### ITERATION ###

# Please complete the function to iteratively calculate 
# the sum of the first n natural numbers
# Parameters: n - quantity of natural numbers to consider
def sumOfNaturalNumbers(n) -> int:

    # loop header (can do for or while loop)
    imt sum = 0
    f0; i < n[
           sum += i# loop body


    # return statement


",2025-10-05 09:46:17.130959,2.845
participant_id,block_num,stim_name,stim_id,task,participant_output,end_time,next_jitter
118,3,pro_length,308,pro,"a birthdau card. which is shorter than a laptop. which is shorter than a desktop computer, which is shorter than a typical fridge, which is shorter than a typical celling height, which is shorter than two storeys, which is shorter than a coconut tree, which is shorter than a ",2025-10-05 09:57:35.277054,3.576
118,3,it_reverse,203,it,"### ITERATION ### 

# Please complete the function to iteratively reverse 
# a given string. 
# Parameters: string - string to be reversed
def reverseString(string s) -> str:
    
    # loop header (can do for or while loop)
    for i in len(s) - 1 :
        # loop body
        s(i) = s(len(s) - i)

    

    # return statement
    return s
",2025-10-05 10:03:40.458944,3.642
118,3,it_intPalindrome,206,it,"### ITERATION ###

# Please complete the function to iteratively calculate 
# whether a given integer is a palindrome (i.e., 12321, 2442)
# --- Without converting it into a string --- 
# Parameters: x - integer to test
def is_num_palindrome(x) -> bool:
    ispal = TRUE
    # loop header (can do for or while loop)
    for  i in  len(x) :
        if x % 1 != x % 10^len(x)
           ispal = FALSE # loop body


    # return statement
    return ",2025-10-05 10:09:45.714704,1.321
participant_id,block_num,stim_name,stim_id,task,participant_output,end_time,next_jitter
118,2,pro_hot,306,pro,"which is hotter than room temperature water,
which is hotter than air conditioned room witu temperature set slightlt lower 
which is hotter than cooled water
which is hot",2025-10-05 10:14:11.896680,2.954
118,2,it_binSearch,200,it,"### ITERATION ###                      

# Please complete the function to iteratively perform binary search. 
# Parameters: array - list to be searched, 
#                 x - integer to find
def binarySearch(array, x) -> bool:
	isx = FALSE
    # loop header (can do for or while loop)
    for  i in len(arra)   : 
        # loop body
        arr1 = arra7(0, len/2)
  		arr2 = array(len/2 + 1. len - 1) 

    # return statement

",2025-10-05 10:20:16.462844,2.111
118,2,rec_reverse,103,rec,"### RECURSION ### 

# Please complete the function to recursively reverse 
# a given string.
# Parameters: string - string to be reversed
#           start - index for beginning of subsequence
#             end - index for end of subsequence
def reverseString(string, start, end) -> str:

     # Base case
	if len(string) <= 1 ret9rm

    # Active flo2\
    temp = string(start)
    string(start) = string(emd
    str0(end) = teqq
    reverseString(string, start + 1, end - 1)

    # Passive flow
       
",2025-10-05 10:26:16.573669,1.463
