113,rec_sum,104,38,2025-10-20 13:24:43.333081
113,rec_sum,104,38,2025-10-20 13:24:43.659338
113,rec_sum,104,40,2025-10-20 13:24:44.069565
113,rec_sum,104,40,2025-10-20 13:24:44.325808
113,rec_sum,104,40,2025-10-20 13:24:46.998033
113,rec_sum,104,40,2025-10-20 13:24:49.829317
113,rec_sum,104,40,2025-10-20 13:24:50.230369
113,rec_sum,104,40,2025-10-20 13:24:50.508847
113,rec_sum,104,40,2025-10-20 13:24:50.790856
113,rec_sum,104,40,2025-10-20 13:24:51.028762
113,rec_sum,104,9,2025-10-20 13:24:51.486933
113,rec_sum,104,73,2025-10-20 13:24:52.726900
113,rec_sum,104,70,2025-10-20 13:24:53.076633
113,rec_sum,104,32,2025-10-20 13:24:53.549448
113,rec_sum,104,219,2025-10-20 13:24:54.950042
113,rec_sum,104,221,2025-10-20 13:24:55.003983
113,rec_sum,104,37,2025-10-20 13:24:55.855012
113,rec_sum,104,77,2025-10-20 13:24:56.726609
113,rec_sum,104,8,2025-10-20 13:24:57.400099
113,rec_sum,104,188,2025-10-20 13:24:57.773107
113,rec_sum,104,8,2025-10-20 13:24:58.303470
113,rec_sum,104,78,2025-10-20 13:24:59.486716
113,rec_sum,104,32,2025-10-20 13:25:00.247531
113,rec_sum,104,189,2025-10-20 13:25:00.511314
113,rec_sum,104,8,2025-10-20 13:25:01.040997
113,rec_sum,104,187,2025-10-20 13:25:01.199201
113,rec_sum,104,32,2025-10-20 13:25:01.398532
113,rec_sum,104,48,2025-10-20 13:25:01.701913
113,rec_sum,104,39,2025-10-20 13:25:02.849397
113,rec_sum,104,32,2025-10-20 13:25:03.109645
113,rec_sum,104,82,2025-10-20 13:25:03.575170
113,rec_sum,104,69,2025-10-20 13:25:03.848086
113,rec_sum,104,84,2025-10-20 13:25:05.063891
113,rec_sum,104,73,2025-10-20 13:25:05.687281
113,rec_sum,104,8,2025-10-20 13:25:06.231500
113,rec_sum,104,85,2025-10-20 13:25:06.638377
113,rec_sum,104,82,2025-10-20 13:25:07.078057
113,rec_sum,104,78,2025-10-20 13:25:07.488481
113,rec_sum,104,32,2025-10-20 13:25:08.024050
113,rec_sum,104,189,2025-10-20 13:25:08.270430
113,rec_sum,104,8,2025-10-20 13:25:08.677044
113,rec_sum,104,48,2025-10-20 13:25:09.064981
113,rec_sum,104,186,2025-10-20 13:25:09.831938
113,rec_sum,104,40,2025-10-20 13:25:10.824843
113,rec_sum,104,40,2025-10-20 13:25:11.087140
113,rec_sum,104,40,2025-10-20 13:25:11.392389
113,rec_sum,104,9,2025-10-20 13:25:11.967162
113,rec_sum,104,83,2025-10-20 13:25:17.439767
113,rec_sum,104,85,2025-10-20 13:25:17.630682
113,rec_sum,104,77,2025-10-20 13:25:18.128950
113,rec_sum,104,32,2025-10-20 13:25:19.623815
113,rec_sum,104,189,2025-10-20 13:25:19.869489
113,rec_sum,104,32,2025-10-20 13:25:20.110834
113,rec_sum,104,8,2025-10-20 13:25:20.272837
113,rec_sum,104,8,2025-10-20 13:25:20.463859
113,rec_sum,104,187,2025-10-20 13:25:20.680679
113,rec_sum,104,32,2025-10-20 13:25:21.167484
113,rec_sum,104,83,2025-10-20 13:25:21.471111
113,rec_sum,104,85,2025-10-20 13:25:21.870896
113,rec_sum,104,77,2025-10-20 13:25:22.359611
113,rec_sum,104,16,2025-10-20 13:25:23.359023
113,rec_sum,104,79,2025-10-20 13:25:23.495489
113,rec_sum,104,70,2025-10-20 13:25:23.807142
113,rec_sum,104,16,2025-10-20 13:25:24.061874
113,rec_sum,104,78,2025-10-20 13:25:24.183239
113,rec_sum,104,65,2025-10-20 13:25:24.431716
113,rec_sum,104,84,2025-10-20 13:25:24.911425
113,rec_sum,104,85,2025-10-20 13:25:25.503181
113,rec_sum,104,82,2025-10-20 13:25:25.679505
113,rec_sum,104,65,2025-10-20 13:25:26.142746
113,rec_sum,104,76,2025-10-20 13:25:26.478551
113,rec_sum,104,16,2025-10-20 13:25:26.807224
113,rec_sum,104,78,2025-10-20 13:25:26.967246
113,rec_sum,104,85,2025-10-20 13:25:27.198983
113,rec_sum,104,77,2025-10-20 13:25:27.519706
113,rec_sum,104,66,2025-10-20 13:25:27.733104
113,rec_sum,104,69,2025-10-20 13:25:28.119018
113,rec_sum,104,82,2025-10-20 13:25:28.367525
113,rec_sum,104,83,2025-10-20 13:25:28.919315
113,rec_sum,104,80,2025-10-20 13:25:30.607724
113,rec_sum,104,219,2025-10-20 13:25:30.695190
113,rec_sum,104,8,2025-10-20 13:25:31.065741
113,rec_sum,104,8,2025-10-20 13:25:31.225706
113,rec_sum,104,16,2025-10-20 13:25:31.437770
113,rec_sum,104,48,2025-10-20 13:25:31.552822
113,rec_sum,104,189,2025-10-20 13:25:31.687233
113,rec_sum,104,8,2025-10-20 13:25:32.074391
113,rec_sum,104,8,2025-10-20 13:25:32.255278
113,rec_sum,104,16,2025-10-20 13:25:32.821691
113,rec_sum,104,57,2025-10-20 13:25:32.967494
113,rec_sum,104,48,2025-10-20 13:25:33.064226
113,rec_sum,104,37,2025-10-20 13:25:33.967945
113,rec_sum,104,77,2025-10-20 13:25:35.297066
113,rec_sum,104,8,2025-10-20 13:25:36.033245
113,rec_sum,104,78,2025-10-20 13:25:36.279718
113,rec_sum,104,189,2025-10-20 13:25:37.705035
113,rec_sum,104,49,2025-10-20 13:25:38.151419
113,rec_sum,104,39,2025-10-20 13:25:39.112642
113,rec_sum,104,32,2025-10-20 13:25:39.456678
113,rec_sum,104,16,2025-10-20 13:25:40.446524
113,rec_sum,104,187,2025-10-20 13:25:40.623781
113,rec_sum,104,32,2025-10-20 13:25:41.159439
113,rec_sum,104,78,2025-10-20 13:25:41.536103
113,rec_sum,104,40,2025-10-20 13:25:42.758600
113,rec_sum,104,40,2025-10-20 13:25:42.992306
113,rec_sum,104,40,2025-10-20 13:25:43.424699
113,rec_sum,104,82,2025-10-20 13:25:45.000305
113,rec_sum,104,69,2025-10-20 13:25:45.335593
113,rec_sum,104,8,2025-10-20 13:25:46.746336
113,rec_sum,104,8,2025-10-20 13:25:46.943024
113,rec_sum,104,8,2025-10-20 13:25:47.218021
113,rec_sum,104,8,2025-10-20 13:25:47.609231
113,rec_sum,104,8,2025-10-20 13:25:47.936874
113,rec_sum,104,32,2025-10-20 13:26:17.411057
113,rec_sum,104,32,2025-10-20 13:26:17.721791
113,rec_sum,104,32,2025-10-20 13:26:17.968345
113,rec_sum,104,82,2025-10-20 13:26:18.113144
113,rec_sum,104,69,2025-10-20 13:26:18.416395
113,rec_sum,104,84,2025-10-20 13:26:18.800537
113,rec_sum,104,73,2025-10-20 13:26:19.273582
113,rec_sum,104,8,2025-10-20 13:26:19.816871
113,rec_sum,104,85,2025-10-20 13:26:20.353912
113,rec_sum,104,82,2025-10-20 13:26:20.825831
113,rec_sum,104,78,2025-10-20 13:26:20.993498
113,rec_sum,104,32,2025-10-20 13:26:21.761911
113,rec_sum,104,83,2025-10-20 13:26:22.432209
113,rec_sum,104,85,2025-10-20 13:26:22.576583
113,rec_sum,104,77,2025-10-20 13:26:22.953344
113,rec_sum,104,186,2025-10-20 13:26:23.280554
113,rec_sum,104,13,2025-10-20 13:26:24.362115
113,rec_sum,104,81,2025-10-20 13:26:25.841177
113,rec_sum,104,81,2025-10-20 13:26:26.456698
113,rec_sum,104,81,2025-10-20 13:26:26.672524
113,rec_sum,104,8,2025-10-20 13:26:29.203063
113,rec_sum,104,8,2025-10-20 13:26:29.370154
113,rec_sum,104,8,2025-10-20 13:26:29.538191
113,rec_sum,104,81,2025-10-20 13:26:30.001195
113,rec_sum,104,81,2025-10-20 13:26:30.177245
113,rec_sum,104,81,2025-10-20 13:26:30.338088
