116,it_reverse,203,17,2025-10-02 14:08:40.990695
116,it_reverse,203,93,2025-10-02 14:08:41.438632
116,it_reverse,203,40,2025-10-02 14:08:48.846697
116,it_reverse,203,40,2025-10-02 14:08:49.016029
116,it_reverse,203,40,2025-10-02 14:08:49.549920
116,it_reverse,203,40,2025-10-02 14:08:49.870952
116,it_reverse,203,40,2025-10-02 14:08:50.134791
116,it_reverse,203,40,2025-10-02 14:08:50.302903
116,it_reverse,203,40,2025-10-02 14:08:50.471467
116,it_reverse,203,40,2025-10-02 14:08:53.127149
116,it_reverse,203,37,2025-10-02 14:08:53.728440
116,it_reverse,203,40,2025-10-02 14:08:54.359765
116,it_reverse,203,40,2025-10-02 14:08:54.800033
116,it_reverse,203,17,2025-10-02 14:08:55.590667
116,it_reverse,203,37,2025-10-02 14:08:56.161531
116,it_reverse,203,37,2025-10-02 14:08:56.479668
116,it_reverse,203,37,2025-10-02 14:08:56.670665
116,it_reverse,203,37,2025-10-02 14:08:56.848187
116,it_reverse,203,37,2025-10-02 14:08:56.967314
116,it_reverse,203,37,2025-10-02 14:08:57.167178
116,it_reverse,203,37,2025-10-02 14:08:57.344080
116,it_reverse,203,37,2025-10-02 14:08:57.526721
116,it_reverse,203,37,2025-10-02 14:08:58.104692
116,it_reverse,203,40,2025-10-02 14:08:58.480217
116,it_reverse,203,40,2025-10-02 14:08:59.337485
116,it_reverse,203,38,2025-10-02 14:09:00.239389
116,it_reverse,203,38,2025-10-02 14:09:00.633656
116,it_reverse,203,38,2025-10-02 14:09:00.856915
116,it_reverse,203,38,2025-10-02 14:09:01.272744
116,it_reverse,203,38,2025-10-02 14:09:01.489268
116,it_reverse,203,80,2025-10-02 14:09:15.841315
116,it_reverse,203,84,2025-10-02 14:09:16.472527
116,it_reverse,203,82,2025-10-02 14:09:16.560981
116,it_reverse,203,69,2025-10-02 14:09:16.946488
116,it_reverse,203,78,2025-10-02 14:09:17.363844
116,it_reverse,203,68,2025-10-02 14:09:17.576401
116,it_reverse,203,187,2025-10-02 14:09:18.200994
116,it_reverse,203,32,2025-10-02 14:09:18.791107
116,it_reverse,203,83,2025-10-02 14:09:18.880384
116,it_reverse,203,84,2025-10-02 14:09:19.057390
116,it_reverse,203,82,2025-10-02 14:09:20.344362
116,it_reverse,203,73,2025-10-02 14:09:20.519051
116,it_reverse,203,78,2025-10-02 14:09:20.702288
116,it_reverse,203,71,2025-10-02 14:09:20.887973
116,it_reverse,203,186,2025-10-02 14:09:22.241500
116,it_reverse,203,8,2025-10-02 14:09:23.186150
116,it_reverse,203,190,2025-10-02 14:09:23.616542
116,it_reverse,203,76,2025-10-02 14:09:24.385435
116,it_reverse,203,69,2025-10-02 14:09:24.505205
116,it_reverse,203,78,2025-10-02 14:09:24.785591
116,it_reverse,203,71,2025-10-02 14:09:24.952891
116,it_reverse,203,84,2025-10-02 14:09:25.136157
116,it_reverse,203,74,2025-10-02 14:09:25.265208
116,it_reverse,203,8,2025-10-02 14:09:25.892445
116,it_reverse,203,74,2025-10-02 14:09:26.408651
116,it_reverse,203,8,2025-10-02 14:09:27.042641
116,it_reverse,203,74,2025-10-02 14:09:27.273306
116,it_reverse,203,8,2025-10-02 14:09:27.722583
116,it_reverse,203,75,2025-10-02 14:09:27.952923
116,it_reverse,203,8,2025-10-02 14:09:28.634811
116,it_reverse,203,75,2025-10-02 14:09:28.984628
116,it_reverse,203,8,2025-10-02 14:09:29.579291
116,it_reverse,203,75,2025-10-02 14:09:30.602346
116,it_reverse,203,8,2025-10-02 14:09:31.321846
116,it_reverse,203,76,2025-10-02 14:09:31.616365
116,it_reverse,203,8,2025-10-02 14:09:32.067190
116,it_reverse,203,72,2025-10-02 14:09:32.457396
116,it_reverse,203,8,2025-10-02 14:09:33.194620
116,it_reverse,203,8,2025-10-02 14:09:33.345863
116,it_reverse,203,8,2025-10-02 14:09:33.497925
116,it_reverse,203,8,2025-10-02 14:09:33.648357
116,it_reverse,203,8,2025-10-02 14:09:33.792886
116,it_reverse,203,8,2025-10-02 14:09:33.958578
116,it_reverse,203,8,2025-10-02 14:09:34.097294
116,it_reverse,203,8,2025-10-02 14:09:34.248785
116,it_reverse,203,8,2025-10-02 14:09:34.408079
116,it_reverse,203,8,2025-10-02 14:09:34.569416
116,it_reverse,203,8,2025-10-02 14:09:34.721917
116,it_reverse,203,8,2025-10-02 14:09:34.873470
116,it_reverse,203,8,2025-10-02 14:09:35.275652
116,it_reverse,203,76,2025-10-02 14:09:35.729351
116,it_reverse,203,82,2025-10-02 14:09:36.226002
116,it_reverse,203,78,2025-10-02 14:09:36.530223
116,it_reverse,203,8,2025-10-02 14:09:36.818550
116,it_reverse,203,8,2025-10-02 14:09:36.978150
116,it_reverse,203,52,2025-10-02 14:09:37.081822
116,it_reverse,203,8,2025-10-02 14:09:37.626139
116,it_reverse,203,69,2025-10-02 14:09:37.745080
116,it_reverse,203,78,2025-10-02 14:09:38.168778
116,it_reverse,203,16,2025-10-02 14:09:38.447243
116,it_reverse,203,57,2025-10-02 14:09:38.528812
116,it_reverse,203,83,2025-10-02 14:09:39.025928
116,it_reverse,203,82,2025-10-02 14:09:39.576432
116,it_reverse,203,8,2025-10-02 14:09:39.931386
116,it_reverse,203,84,2025-10-02 14:09:40.257702
116,it_reverse,203,82,2025-10-02 14:09:40.330483
116,it_reverse,203,73,2025-10-02 14:09:40.472058
116,it_reverse,203,78,2025-10-02 14:09:40.577020
116,it_reverse,203,72,2025-10-02 14:09:40.993107
116,it_reverse,203,8,2025-10-02 14:09:41.596140
116,it_reverse,203,71,2025-10-02 14:09:41.744204
116,it_reverse,203,16,2025-10-02 14:09:42.264736
116,it_reverse,203,48,2025-10-02 14:09:42.321132
116,it_reverse,203,189,2025-10-02 14:09:43.073558
116,it_reverse,203,49,2025-10-02 14:09:43.498694
116,it_reverse,203,17,2025-10-02 14:09:44.529238
116,it_reverse,203,17,2025-10-02 14:09:45.071255
116,it_reverse,203,13,2025-10-02 14:09:47.460839
116,it_reverse,203,77,2025-10-02 14:09:48.089288
116,it_reverse,203,69,2025-10-02 14:09:48.586702
116,it_reverse,203,87,2025-10-02 14:09:48.689515
116,it_reverse,203,8,2025-10-02 14:09:49.187383
116,it_reverse,203,8,2025-10-02 14:09:49.369815
116,it_reverse,203,8,2025-10-02 14:09:49.506366
116,it_reverse,203,78,2025-10-02 14:09:49.938332
116,it_reverse,203,69,2025-10-02 14:09:50.890767
116,it_reverse,203,87,2025-10-02 14:09:50.970453
116,it_reverse,203,16,2025-10-02 14:09:51.503401
116,it_reverse,203,189,2025-10-02 14:09:51.649525
116,it_reverse,203,83,2025-10-02 14:09:52.146288
116,it_reverse,203,84,2025-10-02 14:09:52.330094
116,it_reverse,203,82,2025-10-02 14:09:52.416237
116,it_reverse,203,73,2025-10-02 14:09:52.498289
116,it_reverse,203,78,2025-10-02 14:09:52.594288
116,it_reverse,203,71,2025-10-02 14:09:52.681591
116,it_reverse,203,187,2025-10-02 14:09:52.858598
116,it_reverse,203,32,2025-10-02 14:09:53.001810
116,it_reverse,203,16,2025-10-02 14:09:53.177250
116,it_reverse,203,222,2025-10-02 14:09:53.273548
116,it_reverse,203,222,2025-10-02 14:09:53.762568
116,it_reverse,203,17,2025-10-02 14:09:54.697283
116,it_reverse,203,37,2025-10-02 14:09:55.537745
116,it_reverse,203,40,2025-10-02 14:09:56.170745
116,it_reverse,203,40,2025-10-02 14:09:56.531001
116,it_reverse,203,40,2025-10-02 14:09:56.961650
116,it_reverse,203,37,2025-10-02 14:09:58.018023
116,it_reverse,203,37,2025-10-02 14:09:58.354686
116,it_reverse,203,37,2025-10-02 14:09:58.514348
116,it_reverse,203,37,2025-10-02 14:09:58.697674
116,it_reverse,203,37,2025-10-02 14:09:58.882749
116,it_reverse,203,37,2025-10-02 14:09:59.067313
116,it_reverse,203,37,2025-10-02 14:09:59.281786
116,it_reverse,203,37,2025-10-02 14:09:59.505910
116,it_reverse,203,37,2025-10-02 14:10:00.203056
116,it_reverse,203,37,2025-10-02 14:10:01.995051
116,it_reverse,203,38,2025-10-02 14:10:03.059615
116,it_reverse,203,8,2025-10-02 14:10:04.235165
116,it_reverse,203,8,2025-10-02 14:10:04.441138
116,it_reverse,203,8,2025-10-02 14:10:04.691803
116,it_reverse,203,87,2025-10-02 14:10:04.873054
116,it_reverse,203,74,2025-10-02 14:10:05.042037
116,it_reverse,203,79,2025-10-02 14:10:05.363115
116,it_reverse,203,8,2025-10-02 14:10:05.619849
116,it_reverse,203,8,2025-10-02 14:10:05.778990
116,it_reverse,203,74,2025-10-02 14:10:06.218986
116,it_reverse,203,8,2025-10-02 14:10:06.770507
116,it_reverse,203,74,2025-10-02 14:10:07.034224
116,it_reverse,203,8,2025-10-02 14:10:07.595462
116,it_reverse,203,75,2025-10-02 14:10:07.843013
116,it_reverse,203,8,2025-10-02 14:10:08.403554
116,it_reverse,203,74,2025-10-02 14:10:08.891074
116,it_reverse,203,8,2025-10-02 14:10:09.434117
116,it_reverse,203,75,2025-10-02 14:10:09.658145
116,it_reverse,203,8,2025-10-02 14:10:10.211095
116,it_reverse,203,75,2025-10-02 14:10:10.433461
116,it_reverse,203,8,2025-10-02 14:10:10.883101
116,it_reverse,203,71,2025-10-02 14:10:11.314738
116,it_reverse,203,8,2025-10-02 14:10:11.763262
116,it_reverse,203,74,2025-10-02 14:10:13.108154
116,it_reverse,203,8,2025-10-02 14:10:14.020140
116,it_reverse,203,72,2025-10-02 14:10:14.385990
116,it_reverse,203,73,2025-10-02 14:10:14.970188
116,it_reverse,203,76,2025-10-02 14:10:15.274589
116,it_reverse,203,82,2025-10-02 14:10:15.451265
116,it_reverse,203,32,2025-10-02 14:10:16.499609
116,it_reverse,203,80,2025-10-02 14:10:17.724994
116,it_reverse,203,89,2025-10-02 14:10:17.988658
116,it_reverse,203,8,2025-10-02 14:10:18.579583
116,it_reverse,203,84,2025-10-02 14:10:18.771504
116,it_reverse,203,82,2025-10-02 14:10:19.402591
116,it_reverse,203,82,2025-10-02 14:10:20.187540
116,it_reverse,203,70,2025-10-02 14:10:20.410432
116,it_reverse,203,8,2025-10-02 14:10:20.763205
116,it_reverse,203,77,2025-10-02 14:10:21.283450
116,it_reverse,203,8,2025-10-02 14:10:21.772649
116,it_reverse,203,78,2025-10-02 14:10:22.010070
116,it_reverse,203,70,2025-10-02 14:10:22.355229
116,it_reverse,203,8,2025-10-02 14:10:23.049928
116,it_reverse,203,68,2025-10-02 14:10:23.195452
116,it_reverse,203,32,2025-10-02 14:10:23.795904
116,it_reverse,203,16,2025-10-02 14:10:23.993573
116,it_reverse,203,190,2025-10-02 14:10:24.058554
116,it_reverse,203,187,2025-10-02 14:10:24.626830
116,it_reverse,203,48,2025-10-02 14:10:25.099817
116,it_reverse,203,37,2025-10-02 14:10:25.859875
116,it_reverse,203,40,2025-10-02 14:10:26.434613
116,it_reverse,203,220,2025-10-02 14:10:27.987299
116,it_reverse,203,8,2025-10-02 14:10:28.933157
116,it_reverse,203,13,2025-10-02 14:10:29.430450
116,it_reverse,203,78,2025-10-02 14:10:34.619760
116,it_reverse,203,69,2025-10-02 14:10:35.010429
116,it_reverse,203,87,2025-10-02 14:10:35.115877
116,it_reverse,203,16,2025-10-02 14:10:35.674929
116,it_reverse,203,16,2025-10-02 14:10:36.433665
116,it_reverse,203,189,2025-10-02 14:10:36.707803
116,it_reverse,203,83,2025-10-02 14:10:37.178896
116,it_reverse,203,84,2025-10-02 14:10:37.395420
116,it_reverse,203,82,2025-10-02 14:10:37.467507
116,it_reverse,203,73,2025-10-02 14:10:37.563234
116,it_reverse,203,78,2025-10-02 14:10:37.676051
116,it_reverse,203,71,2025-10-02 14:10:37.779292
116,it_reverse,203,16,2025-10-02 14:10:38.030513
116,it_reverse,203,187,2025-10-02 14:10:38.073482
116,it_reverse,203,187,2025-10-02 14:10:39.347896
116,it_reverse,203,83,2025-10-02 14:10:43.397024
116,it_reverse,203,84,2025-10-02 14:10:44.379262
116,it_reverse,203,82,2025-10-02 14:10:44.435695
116,it_reverse,203,73,2025-10-02 14:10:44.539355
116,it_reverse,203,78,2025-10-02 14:10:44.643407
116,it_reverse,203,71,2025-10-02 14:10:44.779362
116,it_reverse,203,219,2025-10-02 14:10:45.836121
116,it_reverse,203,80,2025-10-02 14:10:46.900675
116,it_reverse,203,82,2025-10-02 14:10:47.692402
116,it_reverse,203,69,2025-10-02 14:10:47.820225
116,it_reverse,203,8,2025-10-02 14:10:48.340822
116,it_reverse,203,8,2025-10-02 14:10:48.508758
116,it_reverse,203,84,2025-10-02 14:10:48.596431
116,it_reverse,203,82,2025-10-02 14:10:48.819838
116,it_reverse,203,69,2025-10-02 14:10:48.883975
116,it_reverse,203,69,2025-10-02 14:10:49.268395
116,it_reverse,203,78,2025-10-02 14:10:50.444265
116,it_reverse,203,68,2025-10-02 14:10:51.419849
116,it_reverse,203,189,2025-10-02 14:10:51.924478
116,it_reverse,203,8,2025-10-02 14:10:52.500770
116,it_reverse,203,189,2025-10-02 14:10:52.732337
116,it_reverse,203,8,2025-10-02 14:10:53.212399
116,it_reverse,203,187,2025-10-02 14:10:53.612095
116,it_reverse,203,8,2025-10-02 14:10:54.237520
116,it_reverse,203,189,2025-10-02 14:10:54.508109
116,it_reverse,203,8,2025-10-02 14:10:54.973826
116,it_reverse,203,80,2025-10-02 14:10:55.371009
116,it_reverse,203,8,2025-10-02 14:10:55.821612
116,it_reverse,203,186,2025-10-02 14:10:56.060412
116,it_reverse,203,8,2025-10-02 14:10:56.485634
116,it_reverse,203,48,2025-10-02 14:10:56.972588
116,it_reverse,203,8,2025-10-02 14:10:57.502181
116,it_reverse,203,57,2025-10-02 14:10:58.067361
116,it_reverse,203,8,2025-10-02 14:10:58.575184
116,it_reverse,203,78,2025-10-02 14:10:59.780747
116,it_reverse,203,187,2025-10-02 14:11:00.211247
116,it_reverse,203,79,2025-10-02 14:11:00.484893
116,it_reverse,203,187,2025-10-02 14:11:00.949360
116,it_reverse,203,187,2025-10-02 14:11:01.132729
116,it_reverse,203,8,2025-10-02 14:11:01.365850
116,it_reverse,203,8,2025-10-02 14:11:01.541098
116,it_reverse,203,8,2025-10-02 14:11:01.693311
116,it_reverse,203,8,2025-10-02 14:11:01.835533
116,it_reverse,203,8,2025-10-02 14:11:01.989807
116,it_reverse,203,48,2025-10-02 14:11:02.764335
116,it_reverse,203,8,2025-10-02 14:11:03.518380
116,it_reverse,203,75,2025-10-02 14:11:04.029221
116,it_reverse,203,8,2025-10-02 14:11:04.486025
116,it_reverse,203,186,2025-10-02 14:11:04.772723
116,it_reverse,203,8,2025-10-02 14:11:05.278227
116,it_reverse,203,222,2025-10-02 14:11:05.540614
116,it_reverse,203,8,2025-10-02 14:11:06.070115
116,it_reverse,203,220,2025-10-02 14:11:06.747481
116,it_reverse,203,8,2025-10-02 14:11:07.205015
116,it_reverse,203,13,2025-10-02 14:11:07.510838
116,it_reverse,203,8,2025-10-02 14:11:08.157075
116,it_reverse,203,8,2025-10-02 14:11:08.540554
116,it_reverse,203,8,2025-10-02 14:11:08.732542
116,it_reverse,203,8,2025-10-02 14:11:08.883545
116,it_reverse,203,8,2025-10-02 14:11:09.037783
116,it_reverse,203,8,2025-10-02 14:11:09.212313
116,it_reverse,203,8,2025-10-02 14:11:09.388480
116,it_reverse,203,8,2025-10-02 14:11:09.557571
116,it_reverse,203,8,2025-10-02 14:11:09.717289
116,it_reverse,203,8,2025-10-02 14:11:09.901344
116,it_reverse,203,8,2025-10-02 14:11:10.070166
116,it_reverse,203,8,2025-10-02 14:11:10.236443
116,it_reverse,203,8,2025-10-02 14:11:10.405588
116,it_reverse,203,8,2025-10-02 14:11:10.588825
116,it_reverse,203,8,2025-10-02 14:11:10.773254
116,it_reverse,203,8,2025-10-02 14:11:10.949266
116,it_reverse,203,8,2025-10-02 14:11:11.118425
116,it_reverse,203,8,2025-10-02 14:11:11.300126
116,it_reverse,203,8,2025-10-02 14:11:12.566686
116,it_reverse,203,219,2025-10-02 14:11:13.205236
116,it_reverse,203,8,2025-10-02 14:11:13.718653
116,it_reverse,203,80,2025-10-02 14:11:13.957563
116,it_reverse,203,84,2025-10-02 14:11:15.077507
116,it_reverse,203,82,2025-10-02 14:11:15.796432
116,it_reverse,203,82,2025-10-02 14:11:16.173996
116,it_reverse,203,78,2025-10-02 14:11:16.260851
116,it_reverse,203,70,2025-10-02 14:11:16.421296
116,it_reverse,203,8,2025-10-02 14:11:17.116506
116,it_reverse,203,68,2025-10-02 14:11:17.236725
116,it_reverse,203,187,2025-10-02 14:11:17.782324
116,it_reverse,203,8,2025-10-02 14:11:18.633297
116,it_reverse,203,189,2025-10-02 14:11:18.804813
116,it_reverse,203,187,2025-10-02 14:11:19.309222
116,it_reverse,203,49,2025-10-02 14:11:20.213445
116,it_reverse,203,17,2025-10-02 14:11:22.564497
116,it_reverse,203,37,2025-10-02 14:11:23.093509
116,it_reverse,203,40,2025-10-02 14:11:23.652573
116,it_reverse,203,40,2025-10-02 14:11:24.501736
116,it_reverse,203,37,2025-10-02 14:11:25.660792
116,it_reverse,203,37,2025-10-02 14:11:26.107826
116,it_reverse,203,37,2025-10-02 14:11:26.307430
116,it_reverse,203,37,2025-10-02 14:11:26.587919
116,it_reverse,203,37,2025-10-02 14:11:26.822165
116,it_reverse,203,37,2025-10-02 14:11:27.021628
116,it_reverse,203,13,2025-10-02 14:11:28.328502
116,it_reverse,203,17,2025-10-02 14:11:29.203920
116,it_reverse,203,37,2025-10-02 14:11:30.077129
116,it_reverse,203,37,2025-10-02 14:11:30.404872
116,it_reverse,203,37,2025-10-02 14:11:30.596933
116,it_reverse,203,37,2025-10-02 14:11:30.740638
116,it_reverse,203,37,2025-10-02 14:11:30.892986
116,it_reverse,203,37,2025-10-02 14:11:31.053220
116,it_reverse,203,37,2025-10-02 14:11:31.182433
116,it_reverse,203,37,2025-10-02 14:11:31.340457
116,it_reverse,203,37,2025-10-02 14:11:31.490705
116,it_reverse,203,37,2025-10-02 14:11:31.675962
116,it_reverse,203,37,2025-10-02 14:11:31.875374
116,it_reverse,203,37,2025-10-02 14:11:32.028557
116,it_reverse,203,37,2025-10-02 14:11:32.213186
116,it_reverse,203,37,2025-10-02 14:11:32.453434
116,it_reverse,203,37,2025-10-02 14:11:32.693751
116,it_reverse,203,37,2025-10-02 14:11:32.925735
116,it_reverse,203,37,2025-10-02 14:11:33.156883
116,it_reverse,203,37,2025-10-02 14:11:34.599224
116,it_reverse,203,37,2025-10-02 14:11:35.021556
116,it_reverse,203,40,2025-10-02 14:11:36.134032
116,it_reverse,203,40,2025-10-02 14:11:37.372600
116,it_reverse,203,40,2025-10-02 14:11:37.837537
116,it_reverse,203,40,2025-10-02 14:11:38.093488
116,it_reverse,203,40,2025-10-02 14:11:38.759036
116,it_reverse,203,40,2025-10-02 14:11:38.948642
116,it_reverse,203,40,2025-10-02 14:11:39.100095
116,it_reverse,203,39,2025-10-02 14:11:40.636660
116,it_reverse,203,37,2025-10-02 14:11:41.275402
116,it_reverse,203,40,2025-10-02 14:11:41.275402
116,it_reverse,203,40,2025-10-02 14:11:41.573116
116,it_reverse,203,40,2025-10-02 14:11:42.101295
116,it_reverse,203,37,2025-10-02 14:11:42.653355
116,it_reverse,203,40,2025-10-02 14:11:43.853818
116,it_reverse,203,37,2025-10-02 14:11:44.613271
116,it_reverse,203,39,2025-10-02 14:11:44.990602
116,it_reverse,203,37,2025-10-02 14:11:45.477761
116,it_reverse,203,40,2025-10-02 14:11:45.806087
116,it_reverse,203,39,2025-10-02 14:11:46.189562
116,it_reverse,203,40,2025-10-02 14:11:46.636841
116,it_reverse,203,37,2025-10-02 14:11:47.126237
116,it_reverse,203,39,2025-10-02 14:11:47.397826
116,it_reverse,203,39,2025-10-02 14:11:47.820605
116,it_reverse,203,38,2025-10-02 14:11:48.101507
116,it_reverse,203,38,2025-10-02 14:11:48.310316
116,it_reverse,203,38,2025-10-02 14:11:49.150591
116,it_reverse,203,37,2025-10-02 14:11:49.549845
116,it_reverse,203,37,2025-10-02 14:11:50.445563
116,it_reverse,203,37,2025-10-02 14:11:50.812940
116,it_reverse,203,39,2025-10-02 14:11:51.277983
116,it_reverse,203,39,2025-10-02 14:11:51.469549
116,it_reverse,203,39,2025-10-02 14:11:51.644971
116,it_reverse,203,40,2025-10-02 14:11:51.868963
116,it_reverse,203,40,2025-10-02 14:11:52.198544
116,it_reverse,203,40,2025-10-02 14:11:52.397633
116,it_reverse,203,39,2025-10-02 14:11:52.565213
116,it_reverse,203,39,2025-10-02 14:11:52.756446
116,it_reverse,203,39,2025-10-02 14:11:53.387771
116,it_reverse,203,39,2025-10-02 14:11:53.554583
116,it_reverse,203,39,2025-10-02 14:11:53.717000
116,it_reverse,203,39,2025-10-02 14:11:53.947899
116,it_reverse,203,40,2025-10-02 14:11:54.773564
116,it_reverse,203,40,2025-10-02 14:11:55.099718
116,it_reverse,203,37,2025-10-02 14:11:55.341650
116,it_reverse,203,37,2025-10-02 14:11:55.741554
116,it_reverse,203,40,2025-10-02 14:11:56.534894
116,it_reverse,203,38,2025-10-02 14:11:57.082247
116,it_reverse,203,40,2025-10-02 14:11:57.765664
116,it_reverse,203,39,2025-10-02 14:11:58.308732
116,it_reverse,203,37,2025-10-02 14:11:59.029173
116,it_reverse,203,82,2025-10-02 14:11:59.709834
116,it_reverse,203,69,2025-10-02 14:12:00.179845
116,it_reverse,203,84,2025-10-02 14:12:00.405243
116,it_reverse,203,73,2025-10-02 14:12:01.213699
116,it_reverse,203,8,2025-10-02 14:12:01.863238
116,it_reverse,203,8,2025-10-02 14:12:02.728006
116,it_reverse,203,8,2025-10-02 14:12:03.159376
116,it_reverse,203,8,2025-10-02 14:12:03.366865
116,it_reverse,203,32,2025-10-02 14:12:03.533831
116,it_reverse,203,32,2025-10-02 14:12:03.734540
116,it_reverse,203,32,2025-10-02 14:12:03.917025
116,it_reverse,203,32,2025-10-02 14:12:04.158609
116,it_reverse,203,84,2025-10-02 14:12:04.613882
116,it_reverse,203,8,2025-10-02 14:12:05.127210
116,it_reverse,203,84,2025-10-02 14:12:05.358236
116,it_reverse,203,8,2025-10-02 14:12:05.895198
116,it_reverse,203,82,2025-10-02 14:12:06.006004
116,it_reverse,203,69,2025-10-02 14:12:06.126006
116,it_reverse,203,84,2025-10-02 14:12:06.654532
116,it_reverse,203,85,2025-10-02 14:12:06.750786
116,it_reverse,203,82,2025-10-02 14:12:07.334200
116,it_reverse,203,74,2025-10-02 14:12:07.509047
116,it_reverse,203,8,2025-10-02 14:12:07.967474
116,it_reverse,203,78,2025-10-02 14:12:08.181517
116,it_reverse,203,32,2025-10-02 14:12:08.686086
116,it_reverse,203,78,2025-10-02 14:12:08.830548
116,it_reverse,203,69,2025-10-02 14:12:08.917532
116,it_reverse,203,87,2025-10-02 14:12:08.982020
116,it_reverse,203,16,2025-10-02 14:12:09.196555
116,it_reverse,203,189,2025-10-02 14:12:09.277096
116,it_reverse,203,83,2025-10-02 14:12:09.678054
116,it_reverse,203,84,2025-10-02 14:12:09.862628
116,it_reverse,203,82,2025-10-02 14:12:09.909423
116,it_reverse,203,73,2025-10-02 14:12:10.077578
116,it_reverse,203,78,2025-10-02 14:12:10.214255
116,it_reverse,203,71,2025-10-02 14:12:10.308644
116,it_reverse,203,49,2025-10-02 14:12:17.646921
116,it_reverse,203,49,2025-10-02 14:12:17.943758
116,it_reverse,203,8,2025-10-02 14:12:18.489898
116,it_reverse,203,81,2025-10-02 14:12:18.750086
116,it_reverse,203,8,2025-10-02 14:12:19.143990
116,it_reverse,203,8,2025-10-02 14:12:19.415807
116,it_reverse,203,81,2025-10-02 14:12:19.581921
116,it_reverse,203,81,2025-10-02 14:12:19.758376
116,it_reverse,203,81,2025-10-02 14:12:21.020081
