116,it_binSearch,200,17,2025-10-02 14:29:22.164856
116,it_binSearch,200,37,2025-10-02 14:29:22.852610
116,it_binSearch,200,17,2025-10-02 14:29:23.491080
116,it_binSearch,200,40,2025-10-02 14:29:24.230806
116,it_binSearch,200,40,2025-10-02 14:29:24.597251
116,it_binSearch,200,40,2025-10-02 14:29:24.820652
116,it_binSearch,200,40,2025-10-02 14:29:25.060616
116,it_binSearch,200,40,2025-10-02 14:29:25.278339
116,it_binSearch,200,40,2025-10-02 14:29:25.748822
116,it_binSearch,200,40,2025-10-02 14:29:27.541041
116,it_binSearch,200,40,2025-10-02 14:29:27.924978
116,it_binSearch,200,40,2025-10-02 14:29:33.077871
116,it_binSearch,200,40,2025-10-02 14:29:33.661742
116,it_binSearch,200,37,2025-10-02 14:29:34.486300
116,it_binSearch,200,37,2025-10-02 14:29:35.325763
116,it_binSearch,200,37,2025-10-02 14:29:35.741580
116,it_binSearch,200,37,2025-10-02 14:29:35.957223
116,it_binSearch,200,37,2025-10-02 14:29:36.165102
116,it_binSearch,200,37,2025-10-02 14:29:36.389252
116,it_binSearch,200,37,2025-10-02 14:29:36.621209
116,it_binSearch,200,37,2025-10-02 14:29:36.878980
116,it_binSearch,200,37,2025-10-02 14:29:37.206082
116,it_binSearch,200,37,2025-10-02 14:29:37.470390
116,it_binSearch,200,37,2025-10-02 14:29:37.895551
116,it_binSearch,200,37,2025-10-02 14:29:38.421957
116,it_binSearch,200,37,2025-10-02 14:29:39.167043
116,it_binSearch,200,37,2025-10-02 14:29:39.437273
116,it_binSearch,200,37,2025-10-02 14:29:39.636982
116,it_binSearch,200,37,2025-10-02 14:29:39.845825
116,it_binSearch,200,37,2025-10-02 14:29:40.231229
116,it_binSearch,200,37,2025-10-02 14:29:44.454343
116,it_binSearch,200,37,2025-10-02 14:29:44.742171
116,it_binSearch,200,37,2025-10-02 14:29:45.022882
116,it_binSearch,200,37,2025-10-02 14:29:45.334356
116,it_binSearch,200,37,2025-10-02 14:29:45.902538
116,it_binSearch,200,37,2025-10-02 14:29:46.415001
116,it_binSearch,200,8,2025-10-02 14:29:48.625025
116,it_binSearch,200,8,2025-10-02 14:29:49.015616
116,it_binSearch,200,8,2025-10-02 14:29:49.399344
116,it_binSearch,200,8,2025-10-02 14:29:49.678933
116,it_binSearch,200,73,2025-10-02 14:29:59.343937
116,it_binSearch,200,78,2025-10-02 14:29:59.990405
116,it_binSearch,200,84,2025-10-02 14:30:00.309411
116,it_binSearch,200,187,2025-10-02 14:30:00.598764
116,it_binSearch,200,187,2025-10-02 14:30:00.758835
116,it_binSearch,200,187,2025-10-02 14:30:00.934403
116,it_binSearch,200,8,2025-10-02 14:30:01.176029
116,it_binSearch,200,8,2025-10-02 14:30:01.359861
116,it_binSearch,200,8,2025-10-02 14:30:01.526945
116,it_binSearch,200,8,2025-10-02 14:30:01.688803
116,it_binSearch,200,8,2025-10-02 14:30:01.943356
116,it_binSearch,200,32,2025-10-02 14:30:02.686460
116,it_binSearch,200,73,2025-10-02 14:30:02.838528
116,it_binSearch,200,78,2025-10-02 14:30:03.127111
116,it_binSearch,200,32,2025-10-02 14:30:03.263121
116,it_binSearch,200,82,2025-10-02 14:30:03.605860
116,it_binSearch,200,65,2025-10-02 14:30:03.775289
116,it_binSearch,200,78,2025-10-02 14:30:03.918548
116,it_binSearch,200,84,2025-10-02 14:30:04.501875
116,it_binSearch,200,187,2025-10-02 14:30:05.064438
116,it_binSearch,200,71,2025-10-02 14:30:05.359496
116,it_binSearch,200,187,2025-10-02 14:30:05.558860
116,it_binSearch,200,187,2025-10-02 14:30:05.733762
116,it_binSearch,200,8,2025-10-02 14:30:06.024830
116,it_binSearch,200,8,2025-10-02 14:30:06.192931
116,it_binSearch,200,8,2025-10-02 14:30:06.335577
116,it_binSearch,200,8,2025-10-02 14:30:06.479692
116,it_binSearch,200,8,2025-10-02 14:30:06.638499
116,it_binSearch,200,84,2025-10-02 14:30:06.750510
116,it_binSearch,200,8,2025-10-02 14:30:07.479078
116,it_binSearch,200,70,2025-10-02 14:30:07.694619
116,it_binSearch,200,8,2025-10-02 14:30:08.200987
116,it_binSearch,200,71,2025-10-02 14:30:08.469802
116,it_binSearch,200,69,2025-10-02 14:30:09.038480
116,it_binSearch,200,32,2025-10-02 14:30:09.289033
116,it_binSearch,200,16,2025-10-02 14:30:09.445790
116,it_binSearch,200,57,2025-10-02 14:30:09.550727
116,it_binSearch,200,8,2025-10-02 14:30:10.232278
116,it_binSearch,200,8,2025-10-02 14:30:10.358994
116,it_binSearch,200,16,2025-10-02 14:30:10.804868
116,it_binSearch,200,57,2025-10-02 14:30:10.822094
116,it_binSearch,200,79,2025-10-02 14:30:11.574894
116,it_binSearch,200,187,2025-10-02 14:30:12.671567
116,it_binSearch,200,8,2025-10-02 14:30:13.007840
116,it_binSearch,200,8,2025-10-02 14:30:13.168752
116,it_binSearch,200,48,2025-10-02 14:30:13.406254
116,it_binSearch,200,188,2025-10-02 14:30:13.960162
116,it_binSearch,200,76,2025-10-02 14:30:14.366351
116,it_binSearch,200,69,2025-10-02 14:30:14.557780
116,it_binSearch,200,78,2025-10-02 14:30:14.718550
116,it_binSearch,200,16,2025-10-02 14:30:15.069693
116,it_binSearch,200,16,2025-10-02 14:30:15.932663
116,it_binSearch,200,56,2025-10-02 14:30:16.037227
116,it_binSearch,200,187,2025-10-02 14:30:16.542802
116,it_binSearch,200,16,2025-10-02 14:30:16.699033
116,it_binSearch,200,8,2025-10-02 14:30:17.193305
116,it_binSearch,200,8,2025-10-02 14:30:17.561007
116,it_binSearch,200,16,2025-10-02 14:30:17.837564
116,it_binSearch,200,48,2025-10-02 14:30:17.974187
116,it_binSearch,200,8,2025-10-02 14:30:18.699985
116,it_binSearch,200,16,2025-10-02 14:30:19.076657
116,it_binSearch,200,57,2025-10-02 14:30:19.182791
116,it_binSearch,200,65,2025-10-02 14:30:19.688184
116,it_binSearch,200,82,2025-10-02 14:30:19.885555
116,it_binSearch,200,82,2025-10-02 14:30:20.085636
116,it_binSearch,200,65,2025-10-02 14:30:20.158432
116,it_binSearch,200,85,2025-10-02 14:30:20.334841
116,it_binSearch,200,187,2025-10-02 14:30:20.911507
116,it_binSearch,200,8,2025-10-02 14:30:21.265184
116,it_binSearch,200,8,2025-10-02 14:30:21.425180
116,it_binSearch,200,85,2025-10-02 14:30:21.654667
116,it_binSearch,200,8,2025-10-02 14:30:22.129294
116,it_binSearch,200,74,2025-10-02 14:30:22.333940
116,it_binSearch,200,8,2025-10-02 14:30:23.154258
116,it_binSearch,200,74,2025-10-02 14:30:23.421845
116,it_binSearch,200,8,2025-10-02 14:30:23.806629
116,it_binSearch,200,79,2025-10-02 14:30:24.047049
116,it_binSearch,200,8,2025-10-02 14:30:24.490211
116,it_binSearch,200,72,2025-10-02 14:30:24.918259
116,it_binSearch,200,71,2025-10-02 14:30:25.607434
116,it_binSearch,200,8,2025-10-02 14:30:26.079263
116,it_binSearch,200,8,2025-10-02 14:30:26.256854
116,it_binSearch,200,76,2025-10-02 14:30:26.664853
116,it_binSearch,200,8,2025-10-02 14:30:27.176599
116,it_binSearch,200,85,2025-10-02 14:30:31.128157
116,it_binSearch,200,89,2025-10-02 14:30:31.830368
116,it_binSearch,200,17,2025-10-02 14:30:32.917552
116,it_binSearch,200,37,2025-10-02 14:30:33.711900
116,it_binSearch,200,8,2025-10-02 14:30:34.705418
116,it_binSearch,200,37,2025-10-02 14:30:35.703325
116,it_binSearch,200,40,2025-10-02 14:30:36.760286
116,it_binSearch,200,37,2025-10-02 14:30:37.792642
116,it_binSearch,200,37,2025-10-02 14:30:38.183478
116,it_binSearch,200,37,2025-10-02 14:30:38.407672
116,it_binSearch,200,37,2025-10-02 14:30:38.567709
116,it_binSearch,200,37,2025-10-02 14:30:39.071060
116,it_binSearch,200,37,2025-10-02 14:30:39.099868
116,it_binSearch,200,37,2025-10-02 14:30:39.146795
116,it_binSearch,200,37,2025-10-02 14:30:39.177292
116,it_binSearch,200,37,2025-10-02 14:30:39.318749
116,it_binSearch,200,37,2025-10-02 14:30:39.478779
116,it_binSearch,200,37,2025-10-02 14:30:39.655265
116,it_binSearch,200,37,2025-10-02 14:30:39.998316
116,it_binSearch,200,37,2025-10-02 14:30:40.160244
116,it_binSearch,200,37,2025-10-02 14:30:40.321493
116,it_binSearch,200,37,2025-10-02 14:30:40.496232
116,it_binSearch,200,37,2025-10-02 14:30:40.655423
116,it_binSearch,200,37,2025-10-02 14:30:40.814715
116,it_binSearch,200,37,2025-10-02 14:30:41.024956
116,it_binSearch,200,37,2025-10-02 14:30:41.303424
116,it_binSearch,200,37,2025-10-02 14:30:41.496371
116,it_binSearch,200,37,2025-10-02 14:30:41.728088
116,it_binSearch,200,37,2025-10-02 14:30:41.967544
116,it_binSearch,200,16,2025-10-02 14:30:42.318419
116,it_binSearch,200,79,2025-10-02 14:30:42.560286
116,it_binSearch,200,8,2025-10-02 14:30:43.025913
116,it_binSearch,200,16,2025-10-02 14:30:43.158538
116,it_binSearch,200,189,2025-10-02 14:30:43.232628
116,it_binSearch,200,8,2025-10-02 14:30:43.842305
116,it_binSearch,200,16,2025-10-02 14:30:44.006009
116,it_binSearch,200,189,2025-10-02 14:30:44.134948
116,it_binSearch,200,187,2025-10-02 14:30:44.308771
116,it_binSearch,200,8,2025-10-02 14:30:44.689461
116,it_binSearch,200,8,2025-10-02 14:30:44.873406
116,it_binSearch,200,57,2025-10-02 14:30:45.287688
116,it_binSearch,200,57,2025-10-02 14:30:45.463660
116,it_binSearch,200,56,2025-10-02 14:30:45.720470
116,it_binSearch,200,8,2025-10-02 14:30:45.968271
116,it_binSearch,200,8,2025-10-02 14:30:46.257835
116,it_binSearch,200,187,2025-10-02 14:30:46.511514
116,it_binSearch,200,48,2025-10-02 14:30:47.192308
116,it_binSearch,200,8,2025-10-02 14:30:47.595536
116,it_binSearch,200,8,2025-10-02 14:30:47.785023
116,it_binSearch,200,8,2025-10-02 14:30:47.935403
116,it_binSearch,200,16,2025-10-02 14:30:48.069927
116,it_binSearch,200,48,2025-10-02 14:30:48.214641
116,it_binSearch,200,37,2025-10-02 14:30:49.896806
116,it_binSearch,200,40,2025-10-02 14:30:50.471050
116,it_binSearch,200,220,2025-10-02 14:30:51.904553
116,it_binSearch,200,8,2025-10-02 14:30:53.290227
116,it_binSearch,200,13,2025-10-02 14:30:53.923019
116,it_binSearch,200,17,2025-10-02 14:30:54.967191
116,it_binSearch,200,37,2025-10-02 14:30:55.871655
116,it_binSearch,200,37,2025-10-02 14:30:56.183249
116,it_binSearch,200,37,2025-10-02 14:30:56.343187
116,it_binSearch,200,37,2025-10-02 14:30:56.496792
116,it_binSearch,200,37,2025-10-02 14:30:56.664925
116,it_binSearch,200,37,2025-10-02 14:30:56.832346
116,it_binSearch,200,37,2025-10-02 14:30:57.007777
116,it_binSearch,200,37,2025-10-02 14:30:57.183737
116,it_binSearch,200,37,2025-10-02 14:30:57.406790
116,it_binSearch,200,37,2025-10-02 14:30:58.640514
116,it_binSearch,200,37,2025-10-02 14:31:01.624281
116,it_binSearch,200,79,2025-10-02 14:31:09.194630
116,it_binSearch,200,8,2025-10-02 14:31:09.793629
116,it_binSearch,200,79,2025-10-02 14:31:10.465193
116,it_binSearch,200,8,2025-10-02 14:31:10.977516
116,it_binSearch,200,48,2025-10-02 14:31:11.425024
116,it_binSearch,200,8,2025-10-02 14:31:11.882716
116,it_binSearch,200,57,2025-10-02 14:31:12.433310
116,it_binSearch,200,8,2025-10-02 14:31:12.923298
116,it_binSearch,200,85,2025-10-02 14:31:18.289600
116,it_binSearch,200,187,2025-10-02 14:31:20.351228
116,it_binSearch,200,57,2025-10-02 14:31:20.351228
116,it_binSearch,200,8,2025-10-02 14:31:20.364188
116,it_binSearch,200,8,2025-10-02 14:31:20.614309
116,it_binSearch,200,79,2025-10-02 14:31:20.872032
116,it_binSearch,200,8,2025-10-02 14:31:21.297530
116,it_binSearch,200,85,2025-10-02 14:31:21.681262
116,it_binSearch,200,8,2025-10-02 14:31:22.177900
116,it_binSearch,200,85,2025-10-02 14:31:22.616692
116,it_binSearch,200,8,2025-10-02 14:31:23.122491
116,it_binSearch,200,8,2025-10-02 14:31:23.353297
116,it_binSearch,200,79,2025-10-02 14:31:23.575524
116,it_binSearch,200,8,2025-10-02 14:31:24.034136
116,it_binSearch,200,76,2025-10-02 14:31:24.368602
116,it_binSearch,200,76,2025-10-02 14:31:24.736011
116,it_binSearch,200,76,2025-10-02 14:31:24.984535
116,it_binSearch,200,8,2025-10-02 14:31:25.307783
116,it_binSearch,200,8,2025-10-02 14:31:25.505224
116,it_binSearch,200,8,2025-10-02 14:31:25.640461
116,it_binSearch,200,48,2025-10-02 14:31:26.287821
116,it_binSearch,200,8,2025-10-02 14:31:26.723384
116,it_binSearch,200,85,2025-10-02 14:31:26.992238
116,it_binSearch,200,8,2025-10-02 14:31:27.770133
116,it_binSearch,200,79,2025-10-02 14:31:28.136495
116,it_binSearch,200,8,2025-10-02 14:31:28.762843
116,it_binSearch,200,72,2025-10-02 14:31:29.962007
116,it_binSearch,200,85,2025-10-02 14:31:30.089831
116,it_binSearch,200,85,2025-10-02 14:31:30.416323
116,it_binSearch,200,71,2025-10-02 14:31:30.648451
116,it_binSearch,200,84,2025-10-02 14:31:30.824645
116,it_binSearch,200,73,2025-10-02 14:31:31.216648
116,it_binSearch,200,8,2025-10-02 14:31:32.073888
116,it_binSearch,200,8,2025-10-02 14:31:32.249921
116,it_binSearch,200,8,2025-10-02 14:31:32.401428
116,it_binSearch,200,8,2025-10-02 14:31:32.560251
116,it_binSearch,200,8,2025-10-02 14:31:32.705428
116,it_binSearch,200,8,2025-10-02 14:31:32.864980
116,it_binSearch,200,85,2025-10-02 14:31:33.337472
116,it_binSearch,200,8,2025-10-02 14:31:33.931038
116,it_binSearch,200,73,2025-10-02 14:31:34.145284
116,it_binSearch,200,70,2025-10-02 14:31:34.673655
116,it_binSearch,200,32,2025-10-02 14:31:34.992758
116,it_binSearch,200,73,2025-10-02 14:31:35.544055
116,it_binSearch,200,8,2025-10-02 14:31:36.450499
116,it_binSearch,200,83,2025-10-02 14:31:36.657595
116,it_binSearch,200,84,2025-10-02 14:31:37.522606
116,it_binSearch,200,84,2025-10-02 14:31:37.730472
116,it_binSearch,200,83,2025-10-02 14:31:37.856511
116,it_binSearch,200,89,2025-10-02 14:31:38.024601
116,it_binSearch,200,8,2025-10-02 14:31:38.274187
116,it_binSearch,200,8,2025-10-02 14:31:38.577020
116,it_binSearch,200,8,2025-10-02 14:31:38.722355
116,it_binSearch,200,8,2025-10-02 14:31:38.859156
116,it_binSearch,200,8,2025-10-02 14:31:39.073709
116,it_binSearch,200,65,2025-10-02 14:31:39.200211
116,it_binSearch,200,82,2025-10-02 14:31:39.320857
116,it_binSearch,200,82,2025-10-02 14:31:39.471936
116,it_binSearch,200,65,2025-10-02 14:31:39.615782
116,it_binSearch,200,85,2025-10-02 14:31:40.008669
116,it_binSearch,200,8,2025-10-02 14:31:40.659218
116,it_binSearch,200,89,2025-10-02 14:31:41.001224
116,it_binSearch,200,189,2025-10-02 14:31:42.513688
116,it_binSearch,200,8,2025-10-02 14:31:43.250046
116,it_binSearch,200,219,2025-10-02 14:31:44.321809
116,it_binSearch,200,73,2025-10-02 14:31:46.049452
116,it_binSearch,200,189,2025-10-02 14:31:47.250125
116,it_binSearch,200,8,2025-10-02 14:31:47.714697
116,it_binSearch,200,187,2025-10-02 14:31:48.314182
116,it_binSearch,200,8,2025-10-02 14:31:48.955281
116,it_binSearch,200,13,2025-10-02 14:31:49.586882
116,it_binSearch,200,8,2025-10-02 14:31:50.073753
116,it_binSearch,200,8,2025-10-02 14:31:50.353876
116,it_binSearch,200,8,2025-10-02 14:31:50.489369
116,it_binSearch,200,8,2025-10-02 14:31:50.634394
116,it_binSearch,200,8,2025-10-02 14:31:50.777172
116,it_binSearch,200,8,2025-10-02 14:31:50.913750
116,it_binSearch,200,8,2025-10-02 14:31:51.073051
116,it_binSearch,200,8,2025-10-02 14:31:51.209246
116,it_binSearch,200,8,2025-10-02 14:31:51.362019
116,it_binSearch,200,8,2025-10-02 14:31:51.512256
116,it_binSearch,200,8,2025-10-02 14:31:51.673386
116,it_binSearch,200,8,2025-10-02 14:31:51.938083
116,it_binSearch,200,8,2025-10-02 14:31:52.113874
116,it_binSearch,200,8,2025-10-02 14:31:52.257675
116,it_binSearch,200,8,2025-10-02 14:31:52.401136
116,it_binSearch,200,8,2025-10-02 14:31:52.626055
116,it_binSearch,200,8,2025-10-02 14:31:52.850080
116,it_binSearch,200,8,2025-10-02 14:31:53.090594
116,it_binSearch,200,48,2025-10-02 14:31:53.698173
116,it_binSearch,200,8,2025-10-02 14:31:54.122779
116,it_binSearch,200,187,2025-10-02 14:31:54.368055
116,it_binSearch,200,8,2025-10-02 14:31:54.778246
116,it_binSearch,200,219,2025-10-02 14:31:55.049352
116,it_binSearch,200,8,2025-10-02 14:31:55.908077
116,it_binSearch,200,8,2025-10-02 14:31:56.106374
116,it_binSearch,200,79,2025-10-02 14:31:57.033814
116,it_binSearch,200,8,2025-10-02 14:31:57.666750
116,it_binSearch,200,80,2025-10-02 14:31:57.897503
116,it_binSearch,200,8,2025-10-02 14:31:58.587291
116,it_binSearch,200,75,2025-10-02 14:31:58.865286
116,it_binSearch,200,73,2025-10-02 14:31:59.754854
116,it_binSearch,200,37,2025-10-02 14:32:01.090835
116,it_binSearch,200,37,2025-10-02 14:32:01.353606
116,it_binSearch,200,40,2025-10-02 14:32:02.273940
116,it_binSearch,200,37,2025-10-02 14:32:03.137086
116,it_binSearch,200,37,2025-10-02 14:32:03.297591
116,it_binSearch,200,37,2025-10-02 14:32:03.448363
116,it_binSearch,200,37,2025-10-02 14:32:03.593506
116,it_binSearch,200,37,2025-10-02 14:32:03.737472
116,it_binSearch,200,37,2025-10-02 14:32:03.872053
116,it_binSearch,200,37,2025-10-02 14:32:04.040150
116,it_binSearch,200,37,2025-10-02 14:32:04.216398
116,it_binSearch,200,37,2025-10-02 14:32:04.400896
116,it_binSearch,200,37,2025-10-02 14:32:04.585315
116,it_binSearch,200,8,2025-10-02 14:32:05.345494
116,it_binSearch,200,37,2025-10-02 14:32:06.298176
116,it_binSearch,200,40,2025-10-02 14:32:07.009377
116,it_binSearch,200,39,2025-10-02 14:32:07.530897
116,it_binSearch,200,37,2025-10-02 14:32:08.169475
116,it_binSearch,200,37,2025-10-02 14:32:08.505138
116,it_binSearch,200,37,2025-10-02 14:32:08.769300
116,it_binSearch,200,37,2025-10-02 14:32:08.936120
116,it_binSearch,200,37,2025-10-02 14:32:09.105443
116,it_binSearch,200,37,2025-10-02 14:32:09.272711
116,it_binSearch,200,37,2025-10-02 14:32:09.416777
116,it_binSearch,200,37,2025-10-02 14:32:09.569632
116,it_binSearch,200,37,2025-10-02 14:32:09.906637
116,it_binSearch,200,37,2025-10-02 14:32:10.249730
116,it_binSearch,200,187,2025-10-02 14:32:12.845309
116,it_binSearch,200,8,2025-10-02 14:32:12.845309
116,it_binSearch,200,8,2025-10-02 14:32:12.857701
116,it_binSearch,200,8,2025-10-02 14:32:12.868439
116,it_binSearch,200,79,2025-10-02 14:32:13.248454
116,it_binSearch,200,8,2025-10-02 14:32:13.900089
116,it_binSearch,200,74,2025-10-02 14:32:14.281702
116,it_binSearch,200,8,2025-10-02 14:32:14.778863
116,it_binSearch,200,75,2025-10-02 14:32:14.969901
116,it_binSearch,200,8,2025-10-02 14:32:15.474838
116,it_binSearch,200,76,2025-10-02 14:32:15.704890
116,it_binSearch,200,8,2025-10-02 14:32:16.235034
116,it_binSearch,200,77,2025-10-02 14:32:16.617893
116,it_binSearch,200,8,2025-10-02 14:32:17.058739
116,it_binSearch,200,72,2025-10-02 14:32:17.330524
116,it_binSearch,200,74,2025-10-02 14:32:17.512377
116,it_binSearch,200,75,2025-10-02 14:32:17.577312
116,it_binSearch,200,186,2025-10-02 14:32:18.420220
116,it_binSearch,200,79,2025-10-02 14:32:18.993253
116,it_binSearch,200,73,2025-10-02 14:32:19.762230
116,it_binSearch,200,79,2025-10-02 14:32:20.017443
116,it_binSearch,200,37,2025-10-02 14:32:20.955264
116,it_binSearch,200,39,2025-10-02 14:32:21.504572
116,it_binSearch,200,8,2025-10-02 14:32:22.099141
116,it_binSearch,200,17,2025-10-02 14:32:23.265617
116,it_binSearch,200,93,2025-10-02 14:32:23.799096
116,it_binSearch,200,39,2025-10-02 14:32:26.883271
116,it_binSearch,200,39,2025-10-02 14:32:27.346502
116,it_binSearch,200,39,2025-10-02 14:32:27.626155
116,it_binSearch,200,39,2025-10-02 14:32:27.833915
116,it_binSearch,200,39,2025-10-02 14:32:28.074404
116,it_binSearch,200,39,2025-10-02 14:32:28.451213
116,it_binSearch,200,8,2025-10-02 14:32:28.835344
116,it_binSearch,200,8,2025-10-02 14:32:29.034557
116,it_binSearch,200,8,2025-10-02 14:32:29.211021
116,it_binSearch,200,8,2025-10-02 14:32:29.346215
116,it_binSearch,200,8,2025-10-02 14:32:29.987164
116,it_binSearch,200,37,2025-10-02 14:32:30.473740
116,it_binSearch,200,40,2025-10-02 14:32:30.898405
116,it_binSearch,200,37,2025-10-02 14:32:31.578901
116,it_binSearch,200,37,2025-10-02 14:32:31.834273
116,it_binSearch,200,37,2025-10-02 14:32:31.952984
116,it_binSearch,200,37,2025-10-02 14:32:32.113733
116,it_binSearch,200,37,2025-10-02 14:32:32.249398
116,it_binSearch,200,37,2025-10-02 14:32:32.418279
116,it_binSearch,200,37,2025-10-02 14:32:32.552680
116,it_binSearch,200,37,2025-10-02 14:32:32.873313
116,it_binSearch,200,37,2025-10-02 14:32:33.235211
116,it_binSearch,200,16,2025-10-02 14:32:33.808937
116,it_binSearch,200,189,2025-10-02 14:32:34.138139
116,it_binSearch,200,8,2025-10-02 14:32:34.596057
116,it_binSearch,200,16,2025-10-02 14:32:34.744200
116,it_binSearch,200,79,2025-10-02 14:32:34.930458
116,it_binSearch,200,8,2025-10-02 14:32:35.379888
116,it_binSearch,200,16,2025-10-02 14:32:35.552073
116,it_binSearch,200,219,2025-10-02 14:32:35.747098
116,it_binSearch,200,8,2025-10-02 14:32:36.235596
116,it_binSearch,200,80,2025-10-02 14:32:36.481676
116,it_binSearch,200,8,2025-10-02 14:32:37.004350
116,it_binSearch,200,219,2025-10-02 14:32:37.330245
116,it_binSearch,200,8,2025-10-02 14:32:38.132372
116,it_binSearch,200,221,2025-10-02 14:32:38.434339
116,it_binSearch,200,32,2025-10-02 14:32:39.891770
116,it_binSearch,200,187,2025-10-02 14:32:40.080223
116,it_binSearch,200,8,2025-10-02 14:32:40.571903
116,it_binSearch,200,187,2025-10-02 14:32:40.809522
116,it_binSearch,200,187,2025-10-02 14:32:41.299269
116,it_binSearch,200,32,2025-10-02 14:32:41.538345
116,it_binSearch,200,88,2025-10-02 14:32:41.746975
116,it_binSearch,200,16,2025-10-02 14:32:42.048246
116,it_binSearch,200,222,2025-10-02 14:32:42.330285
116,it_binSearch,200,8,2025-10-02 14:32:42.947448
116,it_binSearch,200,16,2025-10-02 14:32:43.128548
116,it_binSearch,200,186,2025-10-02 14:32:43.186486
116,it_binSearch,200,13,2025-10-02 14:32:43.884251
116,it_binSearch,200,8,2025-10-02 14:32:49.636408
116,it_binSearch,200,8,2025-10-02 14:32:50.059897
116,it_binSearch,200,8,2025-10-02 14:32:50.242290
116,it_binSearch,200,8,2025-10-02 14:32:50.442270
116,it_binSearch,200,8,2025-10-02 14:32:50.803511
116,it_binSearch,200,8,2025-10-02 14:32:50.994645
116,it_binSearch,200,8,2025-10-02 14:32:51.492443
116,it_binSearch,200,52,2025-10-02 14:32:51.882675
116,it_binSearch,200,8,2025-10-02 14:32:52.419735
116,it_binSearch,200,53,2025-10-02 14:32:52.595145
116,it_binSearch,200,8,2025-10-02 14:32:53.137691
116,it_binSearch,200,52,2025-10-02 14:32:53.250437
116,it_binSearch,200,51,2025-10-02 14:32:53.458509
116,it_binSearch,200,8,2025-10-02 14:32:53.804179
116,it_binSearch,200,8,2025-10-02 14:32:54.003145
116,it_binSearch,200,82,2025-10-02 14:32:54.282336
116,it_binSearch,200,69,2025-10-02 14:32:54.850549
116,it_binSearch,200,84,2025-10-02 14:32:55.081962
116,it_binSearch,200,85,2025-10-02 14:32:55.314129
116,it_binSearch,200,82,2025-10-02 14:32:55.634415
116,it_binSearch,200,78,2025-10-02 14:32:55.754412
116,it_binSearch,200,32,2025-10-02 14:32:55.971345
116,it_binSearch,200,73,2025-10-02 14:32:56.858239
116,it_binSearch,200,8,2025-10-02 14:33:03.316768
116,it_binSearch,200,8,2025-10-02 14:33:03.498342
116,it_binSearch,200,8,2025-10-02 14:33:03.664954
116,it_binSearch,200,8,2025-10-02 14:33:03.851149
116,it_binSearch,200,8,2025-10-02 14:33:04.012124
116,it_binSearch,200,8,2025-10-02 14:33:14.131883
116,it_binSearch,200,8,2025-10-02 14:33:14.556311
116,it_binSearch,200,8,2025-10-02 14:33:16.812385
116,it_binSearch,200,8,2025-10-02 14:33:17.010041
116,it_binSearch,200,8,2025-10-02 14:33:17.520858
116,it_binSearch,200,8,2025-10-02 14:33:17.979867
116,it_binSearch,200,8,2025-10-02 14:33:22.790237
116,it_binSearch,200,9,2025-10-02 14:33:27.076278
116,it_binSearch,200,82,2025-10-02 14:33:42.715936
116,it_binSearch,200,8,2025-10-02 14:33:43.100573
116,it_binSearch,200,13,2025-10-02 14:33:45.182785
116,it_binSearch,200,17,2025-10-02 14:33:46.906664
116,it_binSearch,200,17,2025-10-02 14:33:47.137552
116,it_binSearch,200,17,2025-10-02 14:33:47.362748
116,it_binSearch,200,37,2025-10-02 14:33:47.875849
116,it_binSearch,200,37,2025-10-02 14:33:48.123092
116,it_binSearch,200,37,2025-10-02 14:33:48.323852
116,it_binSearch,200,37,2025-10-02 14:33:48.627848
116,it_binSearch,200,37,2025-10-02 14:33:48.771620
116,it_binSearch,200,37,2025-10-02 14:33:48.932814
116,it_binSearch,200,37,2025-10-02 14:33:49.106964
116,it_binSearch,200,37,2025-10-02 14:33:49.257484
116,it_binSearch,200,37,2025-10-02 14:33:49.389315
116,it_binSearch,200,37,2025-10-02 14:33:49.595919
116,it_binSearch,200,16,2025-10-02 14:33:49.921561
116,it_binSearch,200,50,2025-10-02 14:33:50.004820
116,it_binSearch,200,8,2025-10-02 14:33:50.916960
116,it_binSearch,200,49,2025-10-02 14:33:51.243862
116,it_binSearch,200,8,2025-10-02 14:33:51.684742
116,it_binSearch,200,16,2025-10-02 14:33:51.817716
116,it_binSearch,200,192,2025-10-02 14:33:52.244663
116,it_binSearch,200,8,2025-10-02 14:33:52.757097
116,it_binSearch,200,16,2025-10-02 14:33:52.945936
116,it_binSearch,200,81,2025-10-02 14:33:53.068284
116,it_binSearch,200,8,2025-10-02 14:33:53.582460
116,it_binSearch,200,16,2025-10-02 14:33:53.714596
116,it_binSearch,200,16,2025-10-02 14:33:54.224886
116,it_binSearch,200,16,2025-10-02 14:33:54.256546
116,it_binSearch,200,51,2025-10-02 14:33:54.267740
116,it_binSearch,200,32,2025-10-02 14:33:55.012068
116,it_binSearch,200,77,2025-10-02 14:33:55.249332
116,it_binSearch,200,69,2025-10-02 14:33:55.490720
116,it_binSearch,200,69,2025-10-02 14:33:55.692232
116,it_binSearch,200,68,2025-10-02 14:33:55.802390
116,it_binSearch,200,32,2025-10-02 14:33:55.923931
116,it_binSearch,200,84,2025-10-02 14:33:56.108413
116,it_binSearch,200,80,2025-10-02 14:33:56.171696
116,it_binSearch,200,32,2025-10-02 14:33:56.290596
116,it_binSearch,200,8,2025-10-02 14:33:56.949205
116,it_binSearch,200,8,2025-10-02 14:33:57.101859
116,it_binSearch,200,219,2025-10-02 14:33:57.819887
116,it_binSearch,200,8,2025-10-02 14:33:58.254838
116,it_binSearch,200,79,2025-10-02 14:33:58.475049
116,it_binSearch,200,32,2025-10-02 14:33:58.970913
116,it_binSearch,200,76,2025-10-02 14:33:59.396824
116,it_binSearch,200,8,2025-10-02 14:33:59.973277
116,it_binSearch,200,186,2025-10-02 14:34:00.187617
116,it_binSearch,200,8,2025-10-02 14:34:00.694242
116,it_binSearch,200,75,2025-10-02 14:34:00.899894
116,it_binSearch,200,69,2025-10-02 14:34:01.365398
116,it_binSearch,200,69,2025-10-02 14:34:01.531794
116,it_binSearch,200,80,2025-10-02 14:34:01.579603
116,it_binSearch,200,32,2025-10-02 14:34:01.725249
116,it_binSearch,200,67,2025-10-02 14:34:02.067752
116,it_binSearch,200,85,2025-10-02 14:34:02.114781
116,it_binSearch,200,84,2025-10-02 14:34:02.435887
116,it_binSearch,200,84,2025-10-02 14:34:02.595967
116,it_binSearch,200,73,2025-10-02 14:34:02.697771
116,it_binSearch,200,71,2025-10-02 14:34:02.900510
116,it_binSearch,200,187,2025-10-02 14:34:03.462260
116,it_binSearch,200,187,2025-10-02 14:34:04.460389
116,it_binSearch,200,187,2025-10-02 14:34:04.596403
116,it_binSearch,200,8,2025-10-02 14:34:04.861553
116,it_binSearch,200,8,2025-10-02 14:34:05.045015
116,it_binSearch,200,8,2025-10-02 14:34:05.222178
116,it_binSearch,200,8,2025-10-02 14:34:05.348022
116,it_binSearch,200,78,2025-10-02 14:34:05.628647
116,it_binSearch,200,71,2025-10-02 14:34:05.907307
116,it_binSearch,200,32,2025-10-02 14:34:06.060516
116,it_binSearch,200,73,2025-10-02 14:34:06.188564
116,it_binSearch,200,78,2025-10-02 14:34:06.243981
116,it_binSearch,200,32,2025-10-02 14:34:06.347754
116,it_binSearch,200,72,2025-10-02 14:34:06.506829
116,it_binSearch,200,65,2025-10-02 14:34:06.636321
116,it_binSearch,200,76,2025-10-02 14:34:06.724467
116,it_binSearch,200,70,2025-10-02 14:34:06.883898
116,it_binSearch,200,32,2025-10-02 14:34:07.515520
116,it_binSearch,200,84,2025-10-02 14:34:07.667866
116,it_binSearch,200,72,2025-10-02 14:34:07.706497
116,it_binSearch,200,69,2025-10-02 14:34:07.843058
116,it_binSearch,200,32,2025-10-02 14:34:07.931614
116,it_binSearch,200,65,2025-10-02 14:34:08.019061
116,it_binSearch,200,82,2025-10-02 14:34:08.156279
116,it_binSearch,200,82,2025-10-02 14:34:08.307615
116,it_binSearch,200,65,2025-10-02 14:34:08.346360
116,it_binSearch,200,89,2025-10-02 14:34:08.420143
116,it_binSearch,200,190,2025-10-02 14:34:08.723132
116,it_binSearch,200,32,2025-10-02 14:34:09.036043
116,it_binSearch,200,83,2025-10-02 14:34:09.147502
116,it_binSearch,200,69,2025-10-02 14:34:09.211216
116,it_binSearch,200,65,2025-10-02 14:34:09.356174
116,it_binSearch,200,82,2025-10-02 14:34:09.716200
116,it_binSearch,200,67,2025-10-02 14:34:09.965655
116,it_binSearch,200,72,2025-10-02 14:34:10.075610
116,it_binSearch,200,32,2025-10-02 14:34:10.212210
116,it_binSearch,200,84,2025-10-02 14:34:10.291710
116,it_binSearch,200,72,2025-10-02 14:34:10.388297
116,it_binSearch,200,69,2025-10-02 14:34:10.492305
116,it_binSearch,200,32,2025-10-02 14:34:10.547349
116,it_binSearch,200,77,2025-10-02 14:34:10.675871
116,it_binSearch,200,73,2025-10-02 14:34:10.811416
116,it_binSearch,200,68,2025-10-02 14:34:10.915604
116,it_binSearch,200,68,2025-10-02 14:34:11.077630
116,it_binSearch,200,76,2025-10-02 14:34:11.164604
116,it_binSearch,200,69,2025-10-02 14:34:11.316004
116,it_binSearch,200,188,2025-10-02 14:34:11.476164
116,it_binSearch,200,32,2025-10-02 14:34:11.606687
116,it_binSearch,200,84,2025-10-02 14:34:11.770697
116,it_binSearch,200,72,2025-10-02 14:34:11.826475
116,it_binSearch,200,69,2025-10-02 14:34:11.932641
116,it_binSearch,200,78,2025-10-02 14:34:12.035080
116,it_binSearch,200,32,2025-10-02 14:34:12.172535
116,it_binSearch,200,73,2025-10-02 14:34:12.941085
116,it_binSearch,200,70,2025-10-02 14:34:13.075723
116,it_binSearch,200,32,2025-10-02 14:34:13.197859
116,it_binSearch,200,72,2025-10-02 14:34:17.668485
116,it_binSearch,200,82,2025-10-02 14:34:18.101280
116,it_binSearch,200,8,2025-10-02 14:34:18.277291
116,it_binSearch,200,8,2025-10-02 14:34:18.479910
116,it_binSearch,200,8,2025-10-02 14:34:18.677016
116,it_binSearch,200,32,2025-10-02 14:34:19.075651
116,it_binSearch,200,84,2025-10-02 14:34:19.229498
116,it_binSearch,200,72,2025-10-02 14:34:19.683512
116,it_binSearch,200,69,2025-10-02 14:34:19.820489
116,it_binSearch,200,32,2025-10-02 14:34:19.963983
116,it_binSearch,200,77,2025-10-02 14:34:20.211985
116,it_binSearch,200,73,2025-10-02 14:34:20.380762
116,it_binSearch,200,68,2025-10-02 14:34:20.507977
116,it_binSearch,200,68,2025-10-02 14:34:20.644940
116,it_binSearch,200,76,2025-10-02 14:34:20.779976
116,it_binSearch,200,69,2025-10-02 14:34:20.875062
116,it_binSearch,200,13,2025-10-02 14:34:21.102531
116,it_binSearch,200,8,2025-10-02 14:34:21.869937
116,it_binSearch,200,8,2025-10-02 14:34:22.181382
116,it_binSearch,200,8,2025-10-02 14:34:22.357467
116,it_binSearch,200,8,2025-10-02 14:34:22.516983
116,it_binSearch,200,8,2025-10-02 14:34:22.668711
116,it_binSearch,200,8,2025-10-02 14:34:22.837514
116,it_binSearch,200,8,2025-10-02 14:34:23.012693
116,it_binSearch,200,8,2025-10-02 14:34:23.164014
116,it_binSearch,200,8,2025-10-02 14:34:23.325895
116,it_binSearch,200,8,2025-10-02 14:34:23.509593
116,it_binSearch,200,16,2025-10-02 14:34:23.595650
116,it_binSearch,200,49,2025-10-02 14:34:23.650684
116,it_binSearch,200,8,2025-10-02 14:34:24.270680
116,it_binSearch,200,16,2025-10-02 14:34:24.475052
116,it_binSearch,200,9,2025-10-02 14:34:24.581647
116,it_binSearch,200,8,2025-10-02 14:34:25.053655
116,it_binSearch,200,8,2025-10-02 14:34:25.373573
116,it_binSearch,200,8,2025-10-02 14:34:25.540656
116,it_binSearch,200,8,2025-10-02 14:34:25.700790
116,it_binSearch,200,8,2025-10-02 14:34:25.868601
116,it_binSearch,200,8,2025-10-02 14:34:26.030163
116,it_binSearch,200,8,2025-10-02 14:34:26.196393
116,it_binSearch,200,8,2025-10-02 14:34:26.373404
116,it_binSearch,200,8,2025-10-02 14:34:26.542344
116,it_binSearch,200,16,2025-10-02 14:34:26.723767
116,it_binSearch,200,192,2025-10-02 14:34:26.746926
116,it_binSearch,200,8,2025-10-02 14:34:27.086316
116,it_binSearch,200,8,2025-10-02 14:34:27.276437
116,it_binSearch,200,16,2025-10-02 14:34:27.707608
116,it_binSearch,200,9,2025-10-02 14:34:27.756756
116,it_binSearch,200,8,2025-10-02 14:34:28.149781
116,it_binSearch,200,8,2025-10-02 14:34:28.334315
116,it_binSearch,200,8,2025-10-02 14:34:28.524795
116,it_binSearch,200,8,2025-10-02 14:34:28.710468
116,it_binSearch,200,8,2025-10-02 14:34:28.860429
116,it_binSearch,200,8,2025-10-02 14:34:29.029565
116,it_binSearch,200,8,2025-10-02 14:34:29.196554
116,it_binSearch,200,8,2025-10-02 14:34:29.373919
116,it_binSearch,200,8,2025-10-02 14:34:29.548669
116,it_binSearch,200,8,2025-10-02 14:34:29.726607
116,it_binSearch,200,16,2025-10-02 14:34:29.866678
116,it_binSearch,200,52,2025-10-02 14:34:29.882144
116,it_binSearch,200,8,2025-10-02 14:34:30.414290
116,it_binSearch,200,16,2025-10-02 14:34:30.563587
116,it_binSearch,200,51,2025-10-02 14:34:30.715852
116,it_binSearch,200,32,2025-10-02 14:34:31.390052
116,it_binSearch,200,73,2025-10-02 14:34:31.572829
116,it_binSearch,200,83,2025-10-02 14:34:31.715874
116,it_binSearch,200,32,2025-10-02 14:34:32.276949
116,it_binSearch,200,76,2025-10-02 14:34:32.867937
116,it_binSearch,200,69,2025-10-02 14:34:32.956336
116,it_binSearch,200,83,2025-10-02 14:34:33.052031
116,it_binSearch,200,83,2025-10-02 14:34:33.294143
116,it_binSearch,200,32,2025-10-02 14:34:34.869183
116,it_binSearch,200,8,2025-10-02 14:34:35.398520
116,it_binSearch,200,8,2025-10-02 14:34:35.525553
116,it_binSearch,200,8,2025-10-02 14:34:35.676967
116,it_binSearch,200,8,2025-10-02 14:34:35.869228
116,it_binSearch,200,8,2025-10-02 14:34:36.582391
116,it_binSearch,200,71,2025-10-02 14:34:36.990005
116,it_binSearch,200,82,2025-10-02 14:34:37.300899
116,it_binSearch,200,65,2025-10-02 14:34:37.468250
116,it_binSearch,200,8,2025-10-02 14:34:37.878502
116,it_binSearch,200,69,2025-10-02 14:34:38.084810
116,it_binSearch,200,65,2025-10-02 14:34:38.204019
116,it_binSearch,200,84,2025-10-02 14:34:38.413098
116,it_binSearch,200,69,2025-10-02 14:34:38.621606
116,it_binSearch,200,82,2025-10-02 14:34:38.700061
116,it_binSearch,200,32,2025-10-02 14:34:38.876292
116,it_binSearch,200,84,2025-10-02 14:34:39.798117
116,it_binSearch,200,72,2025-10-02 14:34:39.925061
116,it_binSearch,200,65,2025-10-02 14:34:40.221045
116,it_binSearch,200,78,2025-10-02 14:34:40.358065
116,it_binSearch,200,32,2025-10-02 14:34:40.588927
116,it_binSearch,200,8,2025-10-02 14:34:40.894237
116,it_binSearch,200,8,2025-10-02 14:34:41.069721
116,it_binSearch,200,77,2025-10-02 14:34:41.516718
116,it_binSearch,200,8,2025-10-02 14:34:42.213052
116,it_binSearch,200,78,2025-10-02 14:34:42.493531
116,it_binSearch,200,32,2025-10-02 14:34:43.037182
116,it_binSearch,200,88,2025-10-02 14:34:43.413302
116,it_binSearch,200,32,2025-10-02 14:34:44.933553
116,it_binSearch,200,83,2025-10-02 14:34:45.107827
116,it_binSearch,200,69,2025-10-02 14:34:45.197003
116,it_binSearch,200,65,2025-10-02 14:34:45.371462
116,it_binSearch,200,82,2025-10-02 14:34:45.443921
116,it_binSearch,200,67,2025-10-02 14:34:45.699743
116,it_binSearch,200,72,2025-10-02 14:34:45.788154
116,it_binSearch,200,32,2025-10-02 14:34:45.962945
116,it_binSearch,200,69,2025-10-02 14:34:46.171653
116,it_binSearch,200,8,2025-10-02 14:34:46.717339
116,it_binSearch,200,76,2025-10-02 14:34:47.068836
116,it_binSearch,200,69,2025-10-02 14:34:48.013373
116,it_binSearch,200,70,2025-10-02 14:34:48.141726
116,it_binSearch,200,84,2025-10-02 14:34:48.416354
116,it_binSearch,200,32,2025-10-02 14:34:48.541298
116,it_binSearch,200,72,2025-10-02 14:34:48.829141
116,it_binSearch,200,65,2025-10-02 14:34:48.901175
116,it_binSearch,200,76,2025-10-02 14:34:49.044946
116,it_binSearch,200,70,2025-10-02 14:34:49.140372
116,it_binSearch,200,32,2025-10-02 14:34:49.268454
116,it_binSearch,200,16,2025-10-02 14:34:49.443844
116,it_binSearch,200,57,2025-10-02 14:34:49.740956
116,it_binSearch,200,77,2025-10-02 14:34:50.381497
116,it_binSearch,200,85,2025-10-02 14:34:50.645487
116,it_binSearch,200,68,2025-10-02 14:34:50.740430
116,it_binSearch,200,8,2025-10-02 14:34:51.222444
116,it_binSearch,200,8,2025-10-02 14:34:51.373050
116,it_binSearch,200,8,2025-10-02 14:34:51.510200
116,it_binSearch,200,73,2025-10-02 14:34:51.709705
116,it_binSearch,200,68,2025-10-02 14:34:51.940956
116,it_binSearch,200,68,2025-10-02 14:34:52.101141
116,it_binSearch,200,76,2025-10-02 14:34:52.179969
116,it_binSearch,200,69,2025-10-02 14:34:52.309427
116,it_binSearch,200,32,2025-10-02 14:34:52.437386
116,it_binSearch,200,79,2025-10-02 14:34:52.933248
116,it_binSearch,200,70,2025-10-02 14:34:53.044685
116,it_binSearch,200,32,2025-10-02 14:34:53.196939
116,it_binSearch,200,76,2025-10-02 14:34:53.404590
116,it_binSearch,200,69,2025-10-02 14:34:53.605748
116,it_binSearch,200,70,2025-10-02 14:34:53.749472
116,it_binSearch,200,84,2025-10-02 14:34:54.013742
116,it_binSearch,200,32,2025-10-02 14:34:54.084653
116,it_binSearch,200,72,2025-10-02 14:34:54.365556
116,it_binSearch,200,76,2025-10-02 14:34:54.646057
116,it_binSearch,200,8,2025-10-02 14:34:55.024050
116,it_binSearch,200,65,2025-10-02 14:34:55.197506
116,it_binSearch,200,72,2025-10-02 14:34:55.285277
116,it_binSearch,200,76,2025-10-02 14:34:55.740776
116,it_binSearch,200,70,2025-10-02 14:34:55.876783
116,it_binSearch,200,8,2025-10-02 14:34:56.647305
116,it_binSearch,200,8,2025-10-02 14:34:56.789930
116,it_binSearch,200,8,2025-10-02 14:34:56.926496
116,it_binSearch,200,76,2025-10-02 14:34:57.131077
116,it_binSearch,200,70,2025-10-02 14:34:57.597127
116,it_binSearch,200,16,2025-10-02 14:34:57.805360
116,it_binSearch,200,48,2025-10-02 14:34:57.861803
116,it_binSearch,200,32,2025-10-02 14:34:58.044523
116,it_binSearch,200,69,2025-10-02 14:34:58.541750
116,it_binSearch,200,76,2025-10-02 14:34:58.605499
116,it_binSearch,200,83,2025-10-02 14:34:58.831185
116,it_binSearch,200,69,2025-10-02 14:34:58.932601
116,it_binSearch,200,32,2025-10-02 14:34:59.187707
116,it_binSearch,200,83,2025-10-02 14:34:59.869258
116,it_binSearch,200,69,2025-10-02 14:34:59.972889
116,it_binSearch,200,65,2025-10-02 14:35:00.165297
116,it_binSearch,200,82,2025-10-02 14:35:00.254154
116,it_binSearch,200,67,2025-10-02 14:35:00.485726
116,it_binSearch,200,72,2025-10-02 14:35:00.620894
116,it_binSearch,200,32,2025-10-02 14:35:00.781929
116,it_binSearch,200,82,2025-10-02 14:35:00.934117
116,it_binSearch,200,73,2025-10-02 14:35:01.037649
116,it_binSearch,200,71,2025-10-02 14:35:01.133358
116,it_binSearch,200,72,2025-10-02 14:35:01.220899
116,it_binSearch,200,84,2025-10-02 14:35:01.333842
116,it_binSearch,200,72,2025-10-02 14:35:01.533818
116,it_binSearch,200,65,2025-10-02 14:35:01.646213
116,it_binSearch,200,76,2025-10-02 14:35:01.844286
116,it_binSearch,200,8,2025-10-02 14:35:02.238881
116,it_binSearch,200,8,2025-10-02 14:35:02.398494
116,it_binSearch,200,8,2025-10-02 14:35:02.533625
116,it_binSearch,200,32,2025-10-02 14:35:02.692860
116,it_binSearch,200,72,2025-10-02 14:35:02.805377
116,it_binSearch,200,65,2025-10-02 14:35:02.940909
116,it_binSearch,200,76,2025-10-02 14:35:03.059506
116,it_binSearch,200,70,2025-10-02 14:35:03.191227
116,it_binSearch,200,32,2025-10-02 14:35:03.340650
116,it_binSearch,200,79,2025-10-02 14:35:03.461388
116,it_binSearch,200,70,2025-10-02 14:35:03.565865
116,it_binSearch,200,32,2025-10-02 14:35:03.645767
116,it_binSearch,200,13,2025-10-02 14:35:04.457944
116,it_binSearch,200,8,2025-10-02 14:35:05.231008
116,it_binSearch,200,8,2025-10-02 14:35:05.404408
116,it_binSearch,200,8,2025-10-02 14:35:05.559476
116,it_binSearch,200,8,2025-10-02 14:35:05.716302
116,it_binSearch,200,8,2025-10-02 14:35:05.876575
116,it_binSearch,200,8,2025-10-02 14:35:06.037474
116,it_binSearch,200,8,2025-10-02 14:35:06.221560
116,it_binSearch,200,8,2025-10-02 14:35:06.404682
116,it_binSearch,200,8,2025-10-02 14:35:06.549538
116,it_binSearch,200,16,2025-10-02 14:35:06.708954
116,it_binSearch,200,192,2025-10-02 14:35:06.829685
116,it_binSearch,200,8,2025-10-02 14:35:07.046564
116,it_binSearch,200,8,2025-10-02 14:35:07.222103
116,it_binSearch,200,16,2025-10-02 14:35:07.356184
116,it_binSearch,200,8,2025-10-02 14:35:07.371945
116,it_binSearch,200,192,2025-10-02 14:35:07.411304
116,it_binSearch,200,8,2025-10-02 14:35:07.943485
116,it_binSearch,200,16,2025-10-02 14:35:08.076397
116,it_binSearch,200,81,2025-10-02 14:35:08.149695
116,it_binSearch,200,8,2025-10-02 14:35:08.630541
116,it_binSearch,200,32,2025-10-02 14:35:09.581594
116,it_binSearch,200,32,2025-10-02 14:35:09.772835
116,it_binSearch,200,8,2025-10-02 14:35:10.214573
116,it_binSearch,200,8,2025-10-02 14:35:10.390923
116,it_binSearch,200,8,2025-10-02 14:35:10.557978
116,it_binSearch,200,8,2025-10-02 14:35:10.719374
116,it_binSearch,200,8,2025-10-02 14:35:10.869687
116,it_binSearch,200,8,2025-10-02 14:35:11.038806
116,it_binSearch,200,32,2025-10-02 14:35:11.565754
116,it_binSearch,200,84,2025-10-02 14:35:11.750667
116,it_binSearch,200,16,2025-10-02 14:35:13.836007
116,it_binSearch,200,69,2025-10-02 14:35:13.836007
116,it_binSearch,200,8,2025-10-02 14:35:13.836007
116,it_binSearch,200,72,2025-10-02 14:35:13.836007
116,it_binSearch,200,65,2025-10-02 14:35:13.836007
116,it_binSearch,200,8,2025-10-02 14:35:13.848681
116,it_binSearch,200,8,2025-10-02 14:35:13.859387
116,it_binSearch,200,8,2025-10-02 14:35:14.278172
116,it_binSearch,200,16,2025-10-02 14:35:14.396627
116,it_binSearch,200,49,2025-10-02 14:35:14.494181
116,it_binSearch,200,8,2025-10-02 14:35:15.014721
116,it_binSearch,200,16,2025-10-02 14:35:15.132253
116,it_binSearch,200,81,2025-10-02 14:35:15.398720
116,it_binSearch,200,8,2025-10-02 14:35:15.870446
116,it_binSearch,200,51,2025-10-02 14:35:16.335509
116,it_binSearch,200,52,2025-10-02 14:35:16.631446
116,it_binSearch,200,8,2025-10-02 14:35:17.037469
116,it_binSearch,200,8,2025-10-02 14:35:17.199789
116,it_binSearch,200,8,2025-10-02 14:35:17.366251
116,it_binSearch,200,16,2025-10-02 14:35:17.411536
116,it_binSearch,200,49,2025-10-02 14:35:17.508800
116,it_binSearch,200,8,2025-10-02 14:35:18.000180
116,it_binSearch,200,50,2025-10-02 14:35:18.126606
116,it_binSearch,200,8,2025-10-02 14:35:18.586091
116,it_binSearch,200,16,2025-10-02 14:35:18.804769
116,it_binSearch,200,50,2025-10-02 14:35:18.904486
116,it_binSearch,200,8,2025-10-02 14:35:20.719990
