117,pro_loud,307,65,2025-10-29 18:26:05.226680
117,pro_loud,307,65,2025-10-29 18:26:05.411118
117,pro_loud,307,68,2025-10-29 18:26:05.577832
117,pro_loud,307,70,2025-10-29 18:26:05.711743
117,pro_loud,307,8,2025-10-29 18:26:05.985490
117,pro_loud,307,8,2025-10-29 18:26:06.161037
117,pro_loud,307,8,2025-10-29 18:26:06.266120
117,pro_loud,307,8,2025-10-29 18:26:06.432359
117,pro_loud,307,65,2025-10-29 18:26:06.569632
117,pro_loud,307,83,2025-10-29 18:26:06.681689
117,pro_loud,307,68,2025-10-29 18:26:06.738255
117,pro_loud,307,70,2025-10-29 18:26:06.833440
117,pro_loud,307,74,2025-10-29 18:26:07.290658
117,pro_loud,307,75,2025-10-29 18:26:07.353569
117,pro_loud,307,76,2025-10-29 18:26:07.424413
117,pro_loud,307,8,2025-10-29 18:26:07.842501
117,pro_loud,307,8,2025-10-29 18:26:08.001868
117,pro_loud,307,8,2025-10-29 18:26:08.160476
117,pro_loud,307,8,2025-10-29 18:26:08.289446
117,pro_loud,307,8,2025-10-29 18:26:08.436880
117,pro_loud,307,8,2025-10-29 18:26:08.579445
117,pro_loud,307,8,2025-10-29 18:26:08.719494
117,pro_loud,307,8,2025-10-29 18:26:08.841420
117,pro_loud,307,8,2025-10-29 18:26:08.929812
117,pro_loud,307,65,2025-10-29 18:26:15.606170
117,pro_loud,307,32,2025-10-29 18:26:15.802715
117,pro_loud,307,8,2025-10-29 18:26:16.299199
117,pro_loud,307,78,2025-10-29 18:26:16.458044
117,pro_loud,307,32,2025-10-29 18:26:16.555135
117,pro_loud,307,73,2025-10-29 18:26:16.651667
117,pro_loud,307,78,2025-10-29 18:26:16.714686
117,pro_loud,307,70,2025-10-29 18:26:16.786224
117,pro_loud,307,65,2025-10-29 18:26:16.858679
117,pro_loud,307,78,2025-10-29 18:26:16.922257
117,pro_loud,307,84,2025-10-29 18:26:17.035002
117,pro_loud,307,188,2025-10-29 18:26:17.186637
117,pro_loud,307,32,2025-10-29 18:26:17.282520
117,pro_loud,307,87,2025-10-29 18:26:17.364555
117,pro_loud,307,72,2025-10-29 18:26:17.443891
117,pro_loud,307,73,2025-10-29 18:26:17.498732
117,pro_loud,307,67,2025-10-29 18:26:17.595191
117,pro_loud,307,72,2025-10-29 18:26:17.708774
117,pro_loud,307,32,2025-10-29 18:26:17.747038
117,pro_loud,307,73,2025-10-29 18:26:17.906759
117,pro_loud,307,83,2025-10-29 18:26:17.971359
117,pro_loud,307,32,2025-10-29 18:26:18.083020
117,pro_loud,307,81,2025-10-29 18:26:18.554709
117,pro_loud,307,85,2025-10-29 18:26:18.676783
117,pro_loud,307,73,2025-10-29 18:26:18.739148
117,pro_loud,307,69,2025-10-29 18:26:18.803701
117,pro_loud,307,84,2025-10-29 18:26:18.889357
117,pro_loud,307,69,2025-10-29 18:26:18.994764
117,pro_loud,307,82,2025-10-29 18:26:19.081890
117,pro_loud,307,8,2025-10-29 18:26:19.569490
117,pro_loud,307,8,2025-10-29 18:26:20.084415
117,pro_loud,307,8,2025-10-29 18:26:20.114869
117,pro_loud,307,8,2025-10-29 18:26:20.146519
117,pro_loud,307,8,2025-10-29 18:26:20.178330
117,pro_loud,307,8,2025-10-29 18:26:20.210079
117,pro_loud,307,8,2025-10-29 18:26:20.241788
117,pro_loud,307,8,2025-10-29 18:26:20.273410
117,pro_loud,307,8,2025-10-29 18:26:20.303978
117,pro_loud,307,8,2025-10-29 18:26:20.334837
117,pro_loud,307,8,2025-10-29 18:26:20.375776
117,pro_loud,307,8,2025-10-29 18:26:20.414012
117,pro_loud,307,8,2025-10-29 18:26:20.444669
117,pro_loud,307,8,2025-10-29 18:26:20.474451
117,pro_loud,307,8,2025-10-29 18:26:20.504753
117,pro_loud,307,8,2025-10-29 18:26:20.537526
117,pro_loud,307,8,2025-10-29 18:26:20.567265
117,pro_loud,307,8,2025-10-29 18:26:20.600884
117,pro_loud,307,8,2025-10-29 18:26:20.630684
117,pro_loud,307,8,2025-10-29 18:26:20.678903
117,pro_loud,307,8,2025-10-29 18:26:20.710771
117,pro_loud,307,8,2025-10-29 18:26:20.742751
117,pro_loud,307,8,2025-10-29 18:26:21.002832
117,pro_loud,307,8,2025-10-29 18:26:21.171310
117,pro_loud,307,8,2025-10-29 18:26:21.322856
117,pro_loud,307,8,2025-10-29 18:26:21.498711
117,pro_loud,307,32,2025-10-29 18:26:21.772086
117,pro_loud,307,84,2025-10-29 18:26:29.253176
117,pro_loud,307,73,2025-10-29 18:26:29.378249
117,pro_loud,307,67,2025-10-29 18:26:29.491800
117,pro_loud,307,75,2025-10-29 18:26:29.603295
117,pro_loud,307,73,2025-10-29 18:26:29.763176
117,pro_loud,307,78,2025-10-29 18:26:29.875245
117,pro_loud,307,71,2025-10-29 18:26:29.919086
117,pro_loud,307,32,2025-10-29 18:26:30.004785
117,pro_loud,307,67,2025-10-29 18:26:30.098806
117,pro_loud,307,76,2025-10-29 18:26:30.187223
117,pro_loud,307,79,2025-10-29 18:26:30.348458
117,pro_loud,307,67,2025-10-29 18:26:30.436126
117,pro_loud,307,75,2025-10-29 18:26:30.538340
117,pro_loud,307,188,2025-10-29 18:26:30.794323
117,pro_loud,307,32,2025-10-29 18:26:30.913108
117,pro_loud,307,87,2025-10-29 18:26:31.162399
117,pro_loud,307,72,2025-10-29 18:26:31.283372
117,pro_loud,307,73,2025-10-29 18:26:31.339500
117,pro_loud,307,67,2025-10-29 18:26:31.612364
117,pro_loud,307,72,2025-10-29 18:26:31.722232
117,pro_loud,307,32,2025-10-29 18:26:31.843981
117,pro_loud,307,73,2025-10-29 18:26:31.946844
117,pro_loud,307,83,2025-10-29 18:26:32.026841
117,pro_loud,307,32,2025-10-29 18:26:32.107633
117,pro_loud,307,81,2025-10-29 18:26:32.259198
117,pro_loud,307,85,2025-10-29 18:26:32.363619
117,pro_loud,307,73,2025-10-29 18:26:32.426527
117,pro_loud,307,84,2025-10-29 18:26:32.507252
117,pro_loud,307,69,2025-10-29 18:26:32.603174
117,pro_loud,307,82,2025-10-29 18:26:32.708186
117,pro_loud,307,32,2025-10-29 18:26:32.875609
117,pro_loud,307,8,2025-10-29 18:26:33.244376
117,pro_loud,307,8,2025-10-29 18:26:33.396826
117,pro_loud,307,8,2025-10-29 18:26:33.546982
117,pro_loud,307,8,2025-10-29 18:26:33.682910
117,pro_loud,307,69,2025-10-29 18:26:33.842115
117,pro_loud,307,84,2025-10-29 18:26:33.905801
117,pro_loud,307,69,2025-10-29 18:26:34.006973
117,pro_loud,307,82,2025-10-29 18:26:34.090446
117,pro_loud,307,32,2025-10-29 18:26:34.163269
117,pro_loud,307,84,2025-10-29 18:26:34.290562
117,pro_loud,307,72,2025-10-29 18:26:34.386804
117,pro_loud,307,65,2025-10-29 18:26:34.482813
117,pro_loud,307,78,2025-10-29 18:26:34.587479
117,pro_loud,307,32,2025-10-29 18:26:34.667812
117,pro_loud,307,65,2025-10-29 18:26:34.763318
117,pro_loud,307,32,2025-10-29 18:26:34.859423
117,pro_loud,307,77,2025-10-29 18:26:35.716156
117,pro_loud,307,73,2025-10-29 18:26:35.785457
117,pro_loud,307,67,2025-10-29 18:26:35.882569
117,pro_loud,307,82,2025-10-29 18:26:36.075396
117,pro_loud,307,79,2025-10-29 18:26:36.459408
117,pro_loud,307,87,2025-10-29 18:26:36.603797
117,pro_loud,307,65,2025-10-29 18:26:36.764905
117,pro_loud,307,86,2025-10-29 18:26:36.971781
117,pro_loud,307,69,2025-10-29 18:26:37.116507
117,pro_loud,307,32,2025-10-29 18:26:37.251256
117,pro_loud,307,66,2025-10-29 18:26:39.156461
117,pro_loud,307,69,2025-10-29 18:26:39.354442
117,pro_loud,307,69,2025-10-29 18:26:39.476486
117,pro_loud,307,80,2025-10-29 18:26:39.548704
117,pro_loud,307,188,2025-10-29 18:26:39.794615
117,pro_loud,307,32,2025-10-29 18:26:39.923729
117,pro_loud,307,87,2025-10-29 18:26:40.019630
117,pro_loud,307,72,2025-10-29 18:26:40.146369
117,pro_loud,307,73,2025-10-29 18:26:40.185557
117,pro_loud,307,67,2025-10-29 18:26:40.283483
117,pro_loud,307,72,2025-10-29 18:26:40.381558
117,pro_loud,307,32,2025-10-29 18:26:40.450558
117,pro_loud,307,73,2025-10-29 18:26:40.731316
117,pro_loud,307,83,2025-10-29 18:26:40.828583
117,pro_loud,307,32,2025-10-29 18:26:40.906914
117,pro_loud,307,81,2025-10-29 18:26:41.299059
117,pro_loud,307,85,2025-10-29 18:26:41.444625
117,pro_loud,307,73,2025-10-29 18:26:41.499062
117,pro_loud,307,69,2025-10-29 18:26:41.587986
117,pro_loud,307,84,2025-10-29 18:26:41.659574
117,pro_loud,307,69,2025-10-29 18:26:41.772566
117,pro_loud,307,82,2025-10-29 18:26:41.850680
117,pro_loud,307,32,2025-10-29 18:26:42.210888
117,pro_loud,307,84,2025-10-29 18:26:42.300063
117,pro_loud,307,72,2025-10-29 18:26:42.411585
117,pro_loud,307,65,2025-10-29 18:26:42.500463
117,pro_loud,307,78,2025-10-29 18:26:42.604431
117,pro_loud,307,32,2025-10-29 18:26:42.708126
117,pro_loud,307,65,2025-10-29 18:26:42.787080
117,pro_loud,307,32,2025-10-29 18:26:42.876887
117,pro_loud,307,66,2025-10-29 18:26:48.781116
117,pro_loud,307,65,2025-10-29 18:26:48.867847
117,pro_loud,307,66,2025-10-29 18:26:48.930781
117,pro_loud,307,89,2025-10-29 18:26:49.002543
117,pro_loud,307,32,2025-10-29 18:26:49.131524
117,pro_loud,307,67,2025-10-29 18:26:49.170262
117,pro_loud,307,82,2025-10-29 18:26:49.340822
117,pro_loud,307,89,2025-10-29 18:26:49.405219
117,pro_loud,307,73,2025-10-29 18:26:49.508873
117,pro_loud,307,78,2025-10-29 18:26:49.636048
117,pro_loud,307,71,2025-10-29 18:26:49.715908
117,pro_loud,307,188,2025-10-29 18:26:49.836520
117,pro_loud,307,32,2025-10-29 18:26:49.908721
117,pro_loud,307,87,2025-10-29 18:26:50.005094
117,pro_loud,307,72,2025-10-29 18:26:50.109440
117,pro_loud,307,73,2025-10-29 18:26:50.163042
117,pro_loud,307,67,2025-10-29 18:26:50.251829
117,pro_loud,307,32,2025-10-29 18:26:50.397241
117,pro_loud,307,73,2025-10-29 18:26:50.762565
117,pro_loud,307,83,2025-10-29 18:26:50.843323
117,pro_loud,307,32,2025-10-29 18:26:50.941084
117,pro_loud,307,83,2025-10-29 18:26:51.051641
117,pro_loud,307,8,2025-10-29 18:26:51.389531
117,pro_loud,307,81,2025-10-29 18:26:51.468537
117,pro_loud,307,85,2025-10-29 18:26:51.581101
117,pro_loud,307,73,2025-10-29 18:26:51.659670
117,pro_loud,307,84,2025-10-29 18:26:51.755087
117,pro_loud,307,69,2025-10-29 18:26:51.851438
117,pro_loud,307,82,2025-10-29 18:26:51.940433
117,pro_loud,307,69,2025-10-29 18:26:52.051360
117,pro_loud,307,8,2025-10-29 18:26:52.404474
117,pro_loud,307,8,2025-10-29 18:26:52.531956
117,pro_loud,307,8,2025-10-29 18:26:52.683437
117,pro_loud,307,8,2025-10-29 18:26:52.820344
117,pro_loud,307,69,2025-10-29 18:26:52.988944
117,pro_loud,307,84,2025-10-29 18:26:53.051680
117,pro_loud,307,69,2025-10-29 18:26:53.155706
117,pro_loud,307,82,2025-10-29 18:26:53.245258
117,pro_loud,307,32,2025-10-29 18:26:53.364910
117,pro_loud,307,84,2025-10-29 18:26:53.460415
117,pro_loud,307,72,2025-10-29 18:26:53.572583
117,pro_loud,307,65,2025-10-29 18:26:53.637049
117,pro_loud,307,78,2025-10-29 18:26:53.755658
117,pro_loud,307,32,2025-10-29 18:26:53.836719
117,pro_loud,307,65,2025-10-29 18:26:53.941251
117,pro_loud,307,32,2025-10-29 18:26:54.029302
117,pro_loud,307,8,2025-10-29 18:26:55.846115
117,pro_loud,307,8,2025-10-29 18:26:55.996333
117,pro_loud,307,71,2025-10-29 18:26:56.169987
117,pro_loud,307,76,2025-10-29 18:26:56.363669
117,pro_loud,307,65,2025-10-29 18:26:56.419993
117,pro_loud,307,83,2025-10-29 18:26:56.490332
117,pro_loud,307,83,2025-10-29 18:26:56.650565
117,pro_loud,307,32,2025-10-29 18:26:56.722722
117,pro_loud,307,83,2025-10-29 18:26:56.812977
117,pro_loud,307,72,2025-10-29 18:26:56.900067
117,pro_loud,307,65,2025-10-29 18:26:56.972682
117,pro_loud,307,84,2025-10-29 18:26:57.060079
117,pro_loud,307,84,2025-10-29 18:26:57.195966
117,pro_loud,307,69,2025-10-29 18:26:57.269626
117,pro_loud,307,82,2025-10-29 18:26:57.364479
117,pro_loud,307,73,2025-10-29 18:26:57.469202
117,pro_loud,307,78,2025-10-29 18:26:57.499293
117,pro_loud,307,71,2025-10-29 18:26:57.587884
117,pro_loud,307,188,2025-10-29 18:26:57.707880
117,pro_loud,307,32,2025-10-29 18:26:57.804767
117,pro_loud,307,87,2025-10-29 18:26:57.859463
117,pro_loud,307,72,2025-10-29 18:26:57.981026
117,pro_loud,307,73,2025-10-29 18:26:58.036478
117,pro_loud,307,67,2025-10-29 18:26:58.133443
117,pro_loud,307,72,2025-10-29 18:26:58.238074
117,pro_loud,307,32,2025-10-29 18:26:58.325982
117,pro_loud,307,73,2025-10-29 18:26:58.468098
117,pro_loud,307,83,2025-10-29 18:26:58.612853
117,pro_loud,307,32,2025-10-29 18:26:58.693079
117,pro_loud,307,81,2025-10-29 18:27:00.838839
117,pro_loud,307,85,2025-10-29 18:27:00.996873
117,pro_loud,307,73,2025-10-29 18:27:01.051761
117,pro_loud,307,69,2025-10-29 18:27:01.131630
117,pro_loud,307,84,2025-10-29 18:27:01.211896
117,pro_loud,307,69,2025-10-29 18:27:01.323957
117,pro_loud,307,82,2025-10-29 18:27:01.396365
117,pro_loud,307,32,2025-10-29 18:27:01.515670
117,pro_loud,307,84,2025-10-29 18:27:01.604753
117,pro_loud,307,72,2025-10-29 18:27:01.708926
117,pro_loud,307,65,2025-10-29 18:27:01.781821
117,pro_loud,307,78,2025-10-29 18:27:01.892239
117,pro_loud,307,32,2025-10-29 18:27:01.973308
117,pro_loud,307,65,2025-10-29 18:27:02.076246
117,pro_loud,307,32,2025-10-29 18:27:02.164862
117,pro_loud,307,89,2025-10-29 18:27:06.061957
117,pro_loud,307,69,2025-10-29 18:27:06.164506
117,pro_loud,307,76,2025-10-29 18:27:06.386854
117,pro_loud,307,76,2025-10-29 18:27:06.540366
117,pro_loud,307,188,2025-10-29 18:27:06.700270
117,pro_loud,307,32,2025-10-29 18:27:06.806662
117,pro_loud,307,87,2025-10-29 18:27:06.884344
117,pro_loud,307,72,2025-10-29 18:27:06.985331
117,pro_loud,307,73,2025-10-29 18:27:07.050620
117,pro_loud,307,67,2025-10-29 18:27:07.142953
117,pro_loud,307,72,2025-10-29 18:27:07.228004
117,pro_loud,307,32,2025-10-29 18:27:07.309406
117,pro_loud,307,73,2025-10-29 18:27:07.420410
117,pro_loud,307,83,2025-10-29 18:27:07.483899
117,pro_loud,307,32,2025-10-29 18:27:07.581452
117,pro_loud,307,65,2025-10-29 18:27:07.677407
117,pro_loud,307,8,2025-10-29 18:27:08.011384
117,pro_loud,307,81,2025-10-29 18:27:08.237143
117,pro_loud,307,85,2025-10-29 18:27:08.341771
117,pro_loud,307,73,2025-10-29 18:27:08.403327
117,pro_loud,307,69,2025-10-29 18:27:08.483847
117,pro_loud,307,84,2025-10-29 18:27:08.581196
117,pro_loud,307,69,2025-10-29 18:27:08.669308
117,pro_loud,307,82,2025-10-29 18:27:08.757713
117,pro_loud,307,32,2025-10-29 18:27:08.852835
117,pro_loud,307,84,2025-10-29 18:27:08.941189
117,pro_loud,307,72,2025-10-29 18:27:09.013570
117,pro_loud,307,65,2025-10-29 18:27:09.110765
117,pro_loud,307,78,2025-10-29 18:27:09.228792
117,pro_loud,307,32,2025-10-29 18:27:09.250270
117,pro_loud,307,65,2025-10-29 18:27:09.373463
117,pro_loud,307,32,2025-10-29 18:27:09.445004
117,pro_loud,307,8,2025-10-29 18:27:11.453460
117,pro_loud,307,78,2025-10-29 18:27:11.819497
117,pro_loud,307,32,2025-10-29 18:27:11.988999
117,pro_loud,307,73,2025-10-29 18:27:12.205552
117,pro_loud,307,67,2025-10-29 18:27:12.333102
117,pro_loud,307,69,2025-10-29 18:27:12.541618
117,pro_loud,307,32,2025-10-29 18:27:12.645906
117,pro_loud,307,67,2025-10-29 18:27:12.853050
117,pro_loud,307,82,2025-10-29 18:27:13.038067
117,pro_loud,307,69,2025-10-29 18:27:13.131883
117,pro_loud,307,65,2025-10-29 18:27:13.236295
117,pro_loud,307,77,2025-10-29 18:27:13.348278
117,pro_loud,307,32,2025-10-29 18:27:13.429112
117,pro_loud,307,84,2025-10-29 18:27:13.498679
117,pro_loud,307,82,2025-10-29 18:27:13.636587
117,pro_loud,307,85,2025-10-29 18:27:13.764661
117,pro_loud,307,67,2025-10-29 18:27:13.869948
117,pro_loud,307,75,2025-10-29 18:27:14.102150
117,pro_loud,307,188,2025-10-29 18:27:14.372438
117,pro_loud,307,32,2025-10-29 18:27:14.500605
117,pro_loud,307,87,2025-10-29 18:27:14.597513
117,pro_loud,307,72,2025-10-29 18:27:14.685373
117,pro_loud,307,73,2025-10-29 18:27:14.723988
117,pro_loud,307,67,2025-10-29 18:27:14.788307
117,pro_loud,307,72,2025-10-29 18:27:14.933756
117,pro_loud,307,32,2025-10-29 18:27:14.955186
117,pro_loud,307,73,2025-10-29 18:27:15.198552
117,pro_loud,307,83,2025-10-29 18:27:15.212582
117,pro_loud,307,32,2025-10-29 18:27:15.405455
117,pro_loud,307,81,2025-10-29 18:27:16.225066
117,pro_loud,307,85,2025-10-29 18:27:16.389240
117,pro_loud,307,73,2025-10-29 18:27:16.444226
117,pro_loud,307,69,2025-10-29 18:27:16.532178
117,pro_loud,307,84,2025-10-29 18:27:16.620445
117,pro_loud,307,69,2025-10-29 18:27:16.723886
117,pro_loud,307,82,2025-10-29 18:27:16.804725
117,pro_loud,307,32,2025-10-29 18:27:16.925679
117,pro_loud,307,84,2025-10-29 18:27:17.005468
117,pro_loud,307,72,2025-10-29 18:27:17.101282
117,pro_loud,307,65,2025-10-29 18:27:17.146839
117,pro_loud,307,78,2025-10-29 18:27:17.302380
117,pro_loud,307,32,2025-10-29 18:27:17.397258
117,pro_loud,307,65,2025-10-29 18:27:17.468162
117,pro_loud,307,32,2025-10-29 18:27:17.813073
117,pro_loud,307,81,2025-10-29 18:27:22.825747
117,pro_loud,307,81,2025-10-29 18:27:22.971407
117,pro_loud,307,81,2025-10-29 18:27:23.928384
