117,pro_hot,306,87,2025-10-29 18:33:42.532538
117,pro_hot,306,72,2025-10-29 18:33:42.739126
117,pro_hot,306,73,2025-10-29 18:33:42.786415
117,pro_hot,306,67,2025-10-29 18:33:42.916031
117,pro_hot,306,32,2025-10-29 18:33:43.076899
117,pro_hot,306,8,2025-10-29 18:33:43.485418
117,pro_hot,306,72,2025-10-29 18:33:43.638304
117,pro_hot,306,32,2025-10-29 18:33:43.741942
117,pro_hot,306,73,2025-10-29 18:33:43.845809
117,pro_hot,306,83,2025-10-29 18:33:43.933097
117,pro_hot,306,32,2025-10-29 18:33:44.013508
117,pro_hot,306,72,2025-10-29 18:33:44.093042
117,pro_hot,306,79,2025-10-29 18:33:44.155925
117,pro_hot,306,84,2025-10-29 18:33:44.244902
117,pro_hot,306,84,2025-10-29 18:33:44.380118
117,pro_hot,306,69,2025-10-29 18:33:44.516542
117,pro_hot,306,82,2025-10-29 18:33:44.613825
117,pro_hot,306,32,2025-10-29 18:33:44.725487
117,pro_hot,306,84,2025-10-29 18:33:44.813489
117,pro_hot,306,72,2025-10-29 18:33:44.909156
117,pro_hot,306,65,2025-10-29 18:33:44.981107
117,pro_hot,306,78,2025-10-29 18:33:45.084194
117,pro_hot,306,32,2025-10-29 18:33:45.221530
117,pro_hot,306,72,2025-10-29 18:33:49.408631
117,pro_hot,306,79,2025-10-29 18:33:49.491032
117,pro_hot,306,84,2025-10-29 18:33:49.541622
117,pro_hot,306,32,2025-10-29 18:33:49.646361
117,pro_hot,306,87,2025-10-29 18:33:49.749683
117,pro_hot,306,65,2025-10-29 18:33:49.861606
117,pro_hot,306,84,2025-10-29 18:33:49.989694
117,pro_hot,306,69,2025-10-29 18:33:50.125811
117,pro_hot,306,82,2025-10-29 18:33:50.229056
117,pro_hot,306,188,2025-10-29 18:33:50.472313
117,pro_hot,306,32,2025-10-29 18:33:50.572839
117,pro_hot,306,87,2025-10-29 18:33:50.829946
117,pro_hot,306,72,2025-10-29 18:33:50.918951
117,pro_hot,306,73,2025-10-29 18:33:50.973456
117,pro_hot,306,67,2025-10-29 18:33:51.062375
117,pro_hot,306,72,2025-10-29 18:33:51.167623
117,pro_hot,306,32,2025-10-29 18:33:51.230356
117,pro_hot,306,73,2025-10-29 18:33:51.349241
117,pro_hot,306,83,2025-10-29 18:33:51.422080
117,pro_hot,306,32,2025-10-29 18:33:51.460640
117,pro_hot,306,72,2025-10-29 18:33:51.578832
117,pro_hot,306,79,2025-10-29 18:33:51.637956
117,pro_hot,306,84,2025-10-29 18:33:51.725748
117,pro_hot,306,84,2025-10-29 18:33:51.828665
117,pro_hot,306,69,2025-10-29 18:33:51.925626
117,pro_hot,306,82,2025-10-29 18:33:52.014136
117,pro_hot,306,32,2025-10-29 18:33:52.077985
117,pro_hot,306,84,2025-10-29 18:33:52.181290
117,pro_hot,306,72,2025-10-29 18:33:52.261764
117,pro_hot,306,65,2025-10-29 18:33:52.342852
117,pro_hot,306,78,2025-10-29 18:33:52.437828
117,pro_hot,306,32,2025-10-29 18:33:52.582395
117,pro_hot,306,65,2025-10-29 18:33:53.949791
117,pro_hot,306,32,2025-10-29 18:33:53.987901
117,pro_hot,306,8,2025-10-29 18:33:54.829800
117,pro_hot,306,8,2025-10-29 18:33:54.983198
117,pro_hot,306,66,2025-10-29 18:33:55.111349
117,pro_hot,306,79,2025-10-29 18:33:55.207355
117,pro_hot,306,68,2025-10-29 18:33:55.325487
117,pro_hot,306,89,2025-10-29 18:33:55.405909
117,pro_hot,306,32,2025-10-29 18:33:55.510655
117,pro_hot,306,84,2025-10-29 18:33:55.581302
117,pro_hot,306,77,2025-10-29 18:33:55.798190
117,pro_hot,306,80,2025-10-29 18:33:56.071332
117,pro_hot,306,8,2025-10-29 18:33:56.429896
117,pro_hot,306,8,2025-10-29 18:33:56.605830
117,pro_hot,306,69,2025-10-29 18:33:56.749765
117,pro_hot,306,77,2025-10-29 18:33:56.838403
117,pro_hot,306,80,2025-10-29 18:33:57.025350
117,pro_hot,306,69,2025-10-29 18:33:57.159066
117,pro_hot,306,82,2025-10-29 18:33:57.244761
117,pro_hot,306,65,2025-10-29 18:33:57.373799
117,pro_hot,306,84,2025-10-29 18:33:57.461910
117,pro_hot,306,85,2025-10-29 18:33:57.575116
117,pro_hot,306,82,2025-10-29 18:33:57.647057
117,pro_hot,306,69,2025-10-29 18:33:57.701552
117,pro_hot,306,188,2025-10-29 18:33:57.846306
117,pro_hot,306,32,2025-10-29 18:33:57.981763
117,pro_hot,306,87,2025-10-29 18:33:58.110648
117,pro_hot,306,72,2025-10-29 18:33:58.176631
117,pro_hot,306,73,2025-10-29 18:33:58.247245
117,pro_hot,306,67,2025-10-29 18:33:58.334519
117,pro_hot,306,72,2025-10-29 18:33:58.430324
117,pro_hot,306,32,2025-10-29 18:33:58.501943
117,pro_hot,306,73,2025-10-29 18:33:58.614886
117,pro_hot,306,83,2025-10-29 18:33:58.694214
117,pro_hot,306,32,2025-10-29 18:33:58.749428
117,pro_hot,306,72,2025-10-29 18:33:59.093873
117,pro_hot,306,79,2025-10-29 18:33:59.175374
117,pro_hot,306,84,2025-10-29 18:33:59.246004
117,pro_hot,306,84,2025-10-29 18:33:59.381966
117,pro_hot,306,69,2025-10-29 18:33:59.484753
117,pro_hot,306,82,2025-10-29 18:33:59.566362
117,pro_hot,306,32,2025-10-29 18:33:59.647669
117,pro_hot,306,84,2025-10-29 18:33:59.762993
117,pro_hot,306,72,2025-10-29 18:33:59.829640
117,pro_hot,306,65,2025-10-29 18:33:59.917103
117,pro_hot,306,78,2025-10-29 18:34:00.045747
117,pro_hot,306,32,2025-10-29 18:34:00.084279
117,pro_hot,306,65,2025-10-29 18:34:00.181724
117,pro_hot,306,32,2025-10-29 18:34:00.271165
117,pro_hot,306,67,2025-10-29 18:34:01.631041
117,pro_hot,306,79,2025-10-29 18:34:01.742815
117,pro_hot,306,76,2025-10-29 18:34:02.247239
117,pro_hot,306,68,2025-10-29 18:34:02.324737
117,pro_hot,306,32,2025-10-29 18:34:02.413943
117,pro_hot,306,80,2025-10-29 18:34:02.503688
117,pro_hot,306,69,2025-10-29 18:34:02.574461
117,pro_hot,306,82,2025-10-29 18:34:02.640082
117,pro_hot,306,83,2025-10-29 18:34:02.758566
117,pro_hot,306,79,2025-10-29 18:34:02.847000
117,pro_hot,306,78,2025-10-29 18:34:02.910919
117,pro_hot,306,188,2025-10-29 18:34:03.486727
117,pro_hot,306,32,2025-10-29 18:34:03.615401
117,pro_hot,306,87,2025-10-29 18:34:03.718545
117,pro_hot,306,72,2025-10-29 18:34:03.806708
117,pro_hot,306,73,2025-10-29 18:34:03.852951
117,pro_hot,306,67,2025-10-29 18:34:03.943597
117,pro_hot,306,72,2025-10-29 18:34:04.055369
117,pro_hot,306,73,2025-10-29 18:34:04.167307
117,pro_hot,306,83,2025-10-29 18:34:04.262421
117,pro_hot,306,32,2025-10-29 18:34:04.342303
117,pro_hot,306,72,2025-10-29 18:34:04.536148
117,pro_hot,306,79,2025-10-29 18:34:04.614058
117,pro_hot,306,84,2025-10-29 18:34:04.711433
117,pro_hot,306,84,2025-10-29 18:34:04.806626
117,pro_hot,306,69,2025-10-29 18:34:04.919057
117,pro_hot,306,82,2025-10-29 18:34:05.007476
117,pro_hot,306,32,2025-10-29 18:34:05.078114
117,pro_hot,306,84,2025-10-29 18:34:05.190436
117,pro_hot,306,72,2025-10-29 18:34:05.270447
117,pro_hot,306,65,2025-10-29 18:34:05.407291
117,pro_hot,306,78,2025-10-29 18:34:05.470958
117,pro_hot,306,32,2025-10-29 18:34:05.590268
117,pro_hot,306,77,2025-10-29 18:34:13.423626
117,pro_hot,306,73,2025-10-29 18:34:13.518275
117,pro_hot,306,67,2025-10-29 18:34:13.582109
117,pro_hot,306,82,2025-10-29 18:34:13.798084
117,pro_hot,306,79,2025-10-29 18:34:13.871360
117,pro_hot,306,87,2025-10-29 18:34:14.053519
117,pro_hot,306,65,2025-10-29 18:34:14.174085
117,pro_hot,306,86,2025-10-29 18:34:14.325436
117,pro_hot,306,69,2025-10-29 18:34:14.446078
117,pro_hot,306,68,2025-10-29 18:34:14.629948
117,pro_hot,306,32,2025-10-29 18:34:14.754825
117,pro_hot,306,70,2025-10-29 18:34:14.781205
117,pro_hot,306,79,2025-10-29 18:34:14.894701
117,pro_hot,306,79,2025-10-29 18:34:15.029752
117,pro_hot,306,68,2025-10-29 18:34:15.118542
117,pro_hot,306,188,2025-10-29 18:34:15.254660
117,pro_hot,306,32,2025-10-29 18:34:15.343467
117,pro_hot,306,87,2025-10-29 18:34:15.381471
117,pro_hot,306,72,2025-10-29 18:34:15.503784
117,pro_hot,306,73,2025-10-29 18:34:15.542464
117,pro_hot,306,67,2025-10-29 18:34:15.647808
117,pro_hot,306,32,2025-10-29 18:34:15.758560
117,pro_hot,306,72,2025-10-29 18:34:15.781841
117,pro_hot,306,73,2025-10-29 18:34:15.916014
117,pro_hot,306,83,2025-10-29 18:34:16.008812
117,pro_hot,306,8,2025-10-29 18:34:16.294293
117,pro_hot,306,8,2025-10-29 18:34:16.441088
117,pro_hot,306,8,2025-10-29 18:34:16.590281
117,pro_hot,306,8,2025-10-29 18:34:16.725720
117,pro_hot,306,8,2025-10-29 18:34:16.847545
117,pro_hot,306,67,2025-10-29 18:34:17.366922
117,pro_hot,306,72,2025-10-29 18:34:17.464091
117,pro_hot,306,32,2025-10-29 18:34:17.576093
117,pro_hot,306,73,2025-10-29 18:34:17.680214
117,pro_hot,306,83,2025-10-29 18:34:17.783911
117,pro_hot,306,32,2025-10-29 18:34:17.830125
117,pro_hot,306,72,2025-10-29 18:34:18.054969
117,pro_hot,306,79,2025-10-29 18:34:18.134475
117,pro_hot,306,84,2025-10-29 18:34:18.231206
117,pro_hot,306,84,2025-10-29 18:34:18.335581
117,pro_hot,306,69,2025-10-29 18:34:18.446806
117,pro_hot,306,82,2025-10-29 18:34:18.534328
117,pro_hot,306,32,2025-10-29 18:34:18.615809
117,pro_hot,306,84,2025-10-29 18:34:18.695618
117,pro_hot,306,72,2025-10-29 18:34:18.842919
117,pro_hot,306,65,2025-10-29 18:34:18.941089
117,pro_hot,306,78,2025-10-29 18:34:19.125566
117,pro_hot,306,32,2025-10-29 18:34:19.262830
117,pro_hot,306,65,2025-10-29 18:34:19.335988
117,pro_hot,306,32,2025-10-29 18:34:19.423351
117,pro_hot,306,66,2025-10-29 18:34:19.582975
117,pro_hot,306,76,2025-10-29 18:34:19.688706
117,pro_hot,306,65,2025-10-29 18:34:19.742574
117,pro_hot,306,78,2025-10-29 18:34:19.822689
117,pro_hot,306,75,2025-10-29 18:34:19.911014
117,pro_hot,306,69,2025-10-29 18:34:19.957437
117,pro_hot,306,84,2025-10-29 18:34:20.030803
117,pro_hot,306,188,2025-10-29 18:34:20.127419
117,pro_hot,306,32,2025-10-29 18:34:20.246527
117,pro_hot,306,87,2025-10-29 18:34:20.294042
117,pro_hot,306,72,2025-10-29 18:34:20.375394
117,pro_hot,306,73,2025-10-29 18:34:20.421109
117,pro_hot,306,67,2025-10-29 18:34:20.503869
117,pro_hot,306,32,2025-10-29 18:34:20.639707
117,pro_hot,306,73,2025-10-29 18:34:20.991608
117,pro_hot,306,83,2025-10-29 18:34:21.071765
117,pro_hot,306,32,2025-10-29 18:34:21.135126
117,pro_hot,306,72,2025-10-29 18:34:21.366834
117,pro_hot,306,79,2025-10-29 18:34:21.462159
117,pro_hot,306,84,2025-10-29 18:34:21.536400
117,pro_hot,306,84,2025-10-29 18:34:21.647383
117,pro_hot,306,69,2025-10-29 18:34:21.719653
117,pro_hot,306,82,2025-10-29 18:34:21.814743
117,pro_hot,306,32,2025-10-29 18:34:21.911088
117,pro_hot,306,84,2025-10-29 18:34:21.990191
117,pro_hot,306,72,2025-10-29 18:34:22.071796
117,pro_hot,306,65,2025-10-29 18:34:22.159198
117,pro_hot,306,78,2025-10-29 18:34:22.294669
117,pro_hot,306,32,2025-10-29 18:34:22.916736
117,pro_hot,306,76,2025-10-29 18:34:23.008258
117,pro_hot,306,85,2025-10-29 18:34:23.088035
117,pro_hot,306,75,2025-10-29 18:34:23.285112
117,pro_hot,306,69,2025-10-29 18:34:23.398242
117,pro_hot,306,87,2025-10-29 18:34:23.421675
117,pro_hot,306,65,2025-10-29 18:34:23.557522
117,pro_hot,306,82,2025-10-29 18:34:23.671938
117,pro_hot,306,77,2025-10-29 18:34:23.894830
117,pro_hot,306,32,2025-10-29 18:34:24.038900
117,pro_hot,306,87,2025-10-29 18:34:24.415255
117,pro_hot,306,65,2025-10-29 18:34:24.469825
117,pro_hot,306,84,2025-10-29 18:34:24.575926
117,pro_hot,306,69,2025-10-29 18:34:24.687161
117,pro_hot,306,82,2025-10-29 18:34:24.775849
117,pro_hot,306,188,2025-10-29 18:34:24.880296
117,pro_hot,306,32,2025-10-29 18:34:24.975224
117,pro_hot,306,87,2025-10-29 18:34:25.046823
117,pro_hot,306,72,2025-10-29 18:34:25.128084
117,pro_hot,306,73,2025-10-29 18:34:25.165568
117,pro_hot,306,67,2025-10-29 18:34:25.263923
117,pro_hot,306,72,2025-10-29 18:34:25.398852
117,pro_hot,306,32,2025-10-29 18:34:25.421983
117,pro_hot,306,73,2025-10-29 18:34:25.951251
117,pro_hot,306,83,2025-10-29 18:34:26.023958
117,pro_hot,306,32,2025-10-29 18:34:26.118850
117,pro_hot,306,72,2025-10-29 18:34:26.208180
117,pro_hot,306,79,2025-10-29 18:34:26.280154
117,pro_hot,306,84,2025-10-29 18:34:26.376119
117,pro_hot,306,84,2025-10-29 18:34:26.503853
117,pro_hot,306,69,2025-10-29 18:34:26.583587
117,pro_hot,306,82,2025-10-29 18:34:26.695763
117,pro_hot,306,32,2025-10-29 18:34:26.758708
117,pro_hot,306,84,2025-10-29 18:34:26.871701
117,pro_hot,306,72,2025-10-29 18:34:26.976365
117,pro_hot,306,65,2025-10-29 18:34:27.072531
117,pro_hot,306,78,2025-10-29 18:34:27.176357
117,pro_hot,306,32,2025-10-29 18:34:28.288260
117,pro_hot,306,65,2025-10-29 18:34:28.445780
117,pro_hot,306,8,2025-10-29 18:34:30.810131
117,pro_hot,306,83,2025-10-29 18:34:31.014015
117,pro_hot,306,84,2025-10-29 18:34:31.094924
117,pro_hot,306,69,2025-10-29 18:34:31.183195
117,pro_hot,306,76,2025-10-29 18:34:31.407510
117,pro_hot,306,8,2025-10-29 18:34:31.808031
117,pro_hot,306,69,2025-10-29 18:34:31.927309
117,pro_hot,306,76,2025-10-29 18:34:32.048037
117,pro_hot,306,188,2025-10-29 18:34:32.376343
117,pro_hot,306,32,2025-10-29 18:34:32.484657
117,pro_hot,306,87,2025-10-29 18:34:32.552069
117,pro_hot,306,72,2025-10-29 18:34:32.648610
117,pro_hot,306,73,2025-10-29 18:34:32.702135
117,pro_hot,306,67,2025-10-29 18:34:32.790252
117,pro_hot,306,72,2025-10-29 18:34:32.904320
117,pro_hot,306,32,2025-10-29 18:34:32.983226
117,pro_hot,306,73,2025-10-29 18:34:33.079522
117,pro_hot,306,83,2025-10-29 18:34:33.143523
117,pro_hot,306,32,2025-10-29 18:34:33.215584
117,pro_hot,306,72,2025-10-29 18:34:33.312636
117,pro_hot,306,79,2025-10-29 18:34:33.399076
117,pro_hot,306,84,2025-10-29 18:34:33.494780
117,pro_hot,306,84,2025-10-29 18:34:33.623565
117,pro_hot,306,69,2025-10-29 18:34:33.704591
117,pro_hot,306,82,2025-10-29 18:34:33.807143
117,pro_hot,306,32,2025-10-29 18:34:33.887973
117,pro_hot,306,84,2025-10-29 18:34:33.976818
117,pro_hot,306,72,2025-10-29 18:34:34.080753
117,pro_hot,306,65,2025-10-29 18:34:34.184290
117,pro_hot,306,78,2025-10-29 18:34:34.255983
117,pro_hot,306,32,2025-10-29 18:34:36.250204
117,pro_hot,306,73,2025-10-29 18:34:38.025368
117,pro_hot,306,67,2025-10-29 18:34:38.047186
117,pro_hot,306,69,2025-10-29 18:34:38.263266
117,pro_hot,306,32,2025-10-29 18:34:38.408409
117,pro_hot,306,67,2025-10-29 18:34:38.504530
117,pro_hot,306,82,2025-10-29 18:34:38.688396
117,pro_hot,306,69,2025-10-29 18:34:38.726878
117,pro_hot,306,65,2025-10-29 18:34:38.824099
117,pro_hot,306,77,2025-10-29 18:34:38.894718
117,pro_hot,306,188,2025-10-29 18:34:39.047339
117,pro_hot,306,32,2025-10-29 18:34:39.119269
117,pro_hot,306,87,2025-10-29 18:34:39.182786
117,pro_hot,306,72,2025-10-29 18:34:39.271003
117,pro_hot,306,73,2025-10-29 18:34:39.318514
117,pro_hot,306,67,2025-10-29 18:34:39.375949
117,pro_hot,306,72,2025-10-29 18:34:39.496726
117,pro_hot,306,32,2025-10-29 18:34:39.550080
117,pro_hot,306,73,2025-10-29 18:34:39.705913
117,pro_hot,306,83,2025-10-29 18:34:39.799971
117,pro_hot,306,32,2025-10-29 18:34:39.847335
117,pro_hot,306,72,2025-10-29 18:34:40.055510
117,pro_hot,306,79,2025-10-29 18:34:40.144930
117,pro_hot,306,84,2025-10-29 18:34:40.294914
117,pro_hot,306,84,2025-10-29 18:34:40.343712
117,pro_hot,306,69,2025-10-29 18:34:40.831802
117,pro_hot,306,82,2025-10-29 18:34:40.912252
117,pro_hot,306,32,2025-10-29 18:34:41.008770
117,pro_hot,306,84,2025-10-29 18:34:41.080007
117,pro_hot,306,72,2025-10-29 18:34:41.160477
117,pro_hot,306,65,2025-10-29 18:34:41.241213
117,pro_hot,306,78,2025-10-29 18:34:41.367460
117,pro_hot,306,32,2025-10-29 18:34:41.431474
117,pro_hot,306,68,2025-10-29 18:34:41.512611
117,pro_hot,306,82,2025-10-29 18:34:41.654444
117,pro_hot,306,89,2025-10-29 18:34:41.728258
117,pro_hot,306,32,2025-10-29 18:34:41.881180
117,pro_hot,306,73,2025-10-29 18:34:41.983940
117,pro_hot,306,67,2025-10-29 18:34:42.088722
117,pro_hot,306,69,2025-10-29 18:34:42.248305
117,pro_hot,306,188,2025-10-29 18:34:42.335799
117,pro_hot,306,32,2025-10-29 18:34:42.447269
117,pro_hot,306,87,2025-10-29 18:34:42.504227
117,pro_hot,306,72,2025-10-29 18:34:42.583348
117,pro_hot,306,73,2025-10-29 18:34:42.641358
117,pro_hot,306,67,2025-10-29 18:34:42.735909
117,pro_hot,306,72,2025-10-29 18:34:42.831709
117,pro_hot,306,32,2025-10-29 18:34:42.866823
117,pro_hot,306,73,2025-10-29 18:34:42.984290
117,pro_hot,306,83,2025-10-29 18:34:43.056788
117,pro_hot,306,32,2025-10-29 18:34:43.103864
117,pro_hot,306,72,2025-10-29 18:34:43.208183
117,pro_hot,306,79,2025-10-29 18:34:43.279559
117,pro_hot,306,84,2025-10-29 18:34:43.383854
117,pro_hot,306,84,2025-10-29 18:34:43.504255
117,pro_hot,306,69,2025-10-29 18:34:43.583865
117,pro_hot,306,82,2025-10-29 18:34:43.686954
117,pro_hot,306,32,2025-10-29 18:34:43.760531
117,pro_hot,306,84,2025-10-29 18:34:43.881365
117,pro_hot,306,72,2025-10-29 18:34:43.983406
117,pro_hot,306,65,2025-10-29 18:34:44.106343
117,pro_hot,306,78,2025-10-29 18:34:44.191671
117,pro_hot,306,32,2025-10-29 18:34:44.287412
117,pro_hot,306,83,2025-10-29 18:34:44.567929
117,pro_hot,306,80,2025-10-29 18:34:44.791474
117,pro_hot,306,8,2025-10-29 18:34:45.048489
117,pro_hot,306,8,2025-10-29 18:34:45.160587
117,pro_hot,306,68,2025-10-29 18:34:45.231496
117,pro_hot,306,69,2025-10-29 18:34:45.382936
117,pro_hot,306,69,2025-10-29 18:34:45.519777
117,pro_hot,306,80,2025-10-29 18:34:45.550001
117,pro_hot,306,32,2025-10-29 18:34:45.695915
117,pro_hot,306,83,2025-10-29 18:34:45.744458
117,pro_hot,306,65,2025-10-29 18:34:45.854825
117,pro_hot,306,80,2025-10-29 18:34:45.968491
117,pro_hot,306,67,2025-10-29 18:34:46.168457
117,pro_hot,306,8,2025-10-29 18:34:46.318595
117,pro_hot,306,8,2025-10-29 18:34:46.469528
117,pro_hot,306,8,2025-10-29 18:34:46.598670
117,pro_hot,306,80,2025-10-29 18:34:46.815800
117,pro_hot,306,65,2025-10-29 18:34:46.839522
117,pro_hot,306,67,2025-10-29 18:34:46.936055
117,pro_hot,306,69,2025-10-29 18:34:47.112356
117,pro_hot,306,190,2025-10-29 18:34:47.472490
117,pro_hot,306,81,2025-10-29 18:34:48.448605
117,pro_hot,306,81,2025-10-29 18:34:48.609036
117,pro_hot,306,81,2025-10-29 18:34:49.553587
