102,rec_symmetric,106,40,2025-10-08 10:52:01.678217
102,rec_symmetric,106,40,2025-10-08 10:52:02.212387
102,rec_symmetric,106,40,2025-10-08 10:52:02.227447
102,rec_symmetric,106,40,2025-10-08 10:52:02.258642
102,rec_symmetric,106,40,2025-10-08 10:52:02.289451
102,rec_symmetric,106,40,2025-10-08 10:52:02.321095
102,rec_symmetric,106,40,2025-10-08 10:52:02.350337
102,rec_symmetric,106,40,2025-10-08 10:52:02.398700
102,rec_symmetric,106,40,2025-10-08 10:52:02.429335
102,rec_symmetric,106,40,2025-10-08 10:52:02.458963
102,rec_symmetric,106,40,2025-10-08 10:52:02.490566
102,rec_symmetric,106,40,2025-10-08 10:52:02.519706
102,rec_symmetric,106,20,2025-10-08 10:52:03.197437
102,rec_symmetric,106,20,2025-10-08 10:52:04.037957
102,rec_symmetric,106,9,2025-10-08 10:52:04.471037
102,rec_symmetric,106,73,2025-10-08 10:52:09.207511
102,rec_symmetric,106,70,2025-10-08 10:52:09.367393
102,rec_symmetric,106,32,2025-10-08 10:52:11.864256
102,rec_symmetric,106,82,2025-10-08 10:52:12.366527
102,rec_symmetric,106,79,2025-10-08 10:52:12.558691
102,rec_symmetric,106,79,2025-10-08 10:52:12.791044
102,rec_symmetric,106,84,2025-10-08 10:52:13.456936
102,rec_symmetric,106,32,2025-10-08 10:52:13.759454
102,rec_symmetric,106,73,2025-10-08 10:52:13.983999
102,rec_symmetric,106,83,2025-10-08 10:52:14.064464
102,rec_symmetric,106,32,2025-10-08 10:52:14.743788
102,rec_symmetric,106,16,2025-10-08 10:52:15.327002
102,rec_symmetric,106,78,2025-10-08 10:52:15.447407
102,rec_symmetric,106,79,2025-10-08 10:52:15.639591
102,rec_symmetric,106,78,2025-10-08 10:52:15.711636
102,rec_symmetric,106,69,2025-10-08 10:52:15.839611
102,rec_symmetric,106,16,2025-10-08 10:52:16.045568
102,rec_symmetric,106,186,2025-10-08 10:52:16.175517
102,rec_symmetric,106,13,2025-10-08 10:52:16.442287
102,rec_symmetric,106,82,2025-10-08 10:52:18.010139
102,rec_symmetric,106,69,2025-10-08 10:52:18.095689
102,rec_symmetric,106,84,2025-10-08 10:52:18.341804
102,rec_symmetric,106,85,2025-10-08 10:52:18.561001
102,rec_symmetric,106,82,2025-10-08 10:52:18.671688
102,rec_symmetric,106,78,2025-10-08 10:52:18.783981
102,rec_symmetric,106,32,2025-10-08 10:52:19.225321
102,rec_symmetric,106,40,2025-10-08 10:52:39.902575
102,rec_symmetric,106,40,2025-10-08 10:52:40.208149
102,rec_symmetric,106,40,2025-10-08 10:52:40.479930
102,rec_symmetric,106,81,2025-10-08 10:52:40.976026
102,rec_symmetric,106,8,2025-10-08 10:52:41.723187
102,rec_symmetric,106,9,2025-10-08 10:52:41.944591
102,rec_symmetric,106,82,2025-10-08 10:52:52.849921
102,rec_symmetric,106,69,2025-10-08 10:52:52.920277
102,rec_symmetric,106,84,2025-10-08 10:52:53.384194
102,rec_symmetric,106,85,2025-10-08 10:52:53.728879
102,rec_symmetric,106,82,2025-10-08 10:52:53.856798
102,rec_symmetric,106,78,2025-10-08 10:52:53.992270
102,rec_symmetric,106,32,2025-10-08 10:52:54.225006
102,rec_symmetric,106,73,2025-10-08 10:52:54.464557
102,rec_symmetric,106,68,2025-10-08 10:52:54.553408
102,rec_symmetric,106,187,2025-10-08 10:52:55.098026
102,rec_symmetric,106,83,2025-10-08 10:52:55.278469
102,rec_symmetric,106,8,2025-10-08 10:52:55.601808
102,rec_symmetric,106,8,2025-10-08 10:52:55.761572
102,rec_symmetric,106,8,2025-10-08 10:52:55.913454
102,rec_symmetric,106,83,2025-10-08 10:52:56.047427
102,rec_symmetric,106,20,2025-10-08 10:52:56.255003
102,rec_symmetric,106,48,2025-10-08 10:52:56.447696
102,rec_symmetric,106,8,2025-10-08 10:52:56.898742
102,rec_symmetric,106,16,2025-10-08 10:52:57.054194
102,rec_symmetric,106,189,2025-10-08 10:52:57.192984
102,rec_symmetric,106,83,2025-10-08 10:52:57.816727
102,rec_symmetric,106,85,2025-10-08 10:52:58.046759
102,rec_symmetric,106,8,2025-10-08 10:52:58.467533
102,rec_symmetric,106,8,2025-10-08 10:52:58.762196
102,rec_symmetric,106,83,2025-10-08 10:52:58.953074
102,rec_symmetric,106,8,2025-10-08 10:52:59.291940
102,rec_symmetric,106,20,2025-10-08 10:52:59.774702
102,rec_symmetric,106,83,2025-10-08 10:53:00.121121
102,rec_symmetric,106,89,2025-10-08 10:53:00.513084
102,rec_symmetric,106,77,2025-10-08 10:53:00.761206
102,rec_symmetric,106,77,2025-10-08 10:53:00.960691
102,rec_symmetric,106,69,2025-10-08 10:53:01.033816
102,rec_symmetric,106,82,2025-10-08 10:53:01.168957
102,rec_symmetric,106,8,2025-10-08 10:53:01.617642
102,rec_symmetric,106,84,2025-10-08 10:53:01.713364
102,rec_symmetric,106,82,2025-10-08 10:53:01.975461
102,rec_symmetric,106,73,2025-10-08 10:53:02.128769
102,rec_symmetric,106,67,2025-10-08 10:53:02.247721
102,rec_symmetric,106,16,2025-10-08 10:53:02.535800
102,rec_symmetric,106,57,2025-10-08 10:53:02.753334
102,rec_symmetric,106,82,2025-10-08 10:53:04.297671
102,rec_symmetric,106,79,2025-10-08 10:53:04.447864
102,rec_symmetric,106,79,2025-10-08 10:53:04.607102
102,rec_symmetric,106,84,2025-10-08 10:53:04.720307
102,rec_symmetric,106,190,2025-10-08 10:53:05.440906
102,rec_symmetric,106,76,2025-10-08 10:53:05.688223
102,rec_symmetric,106,69,2025-10-08 10:53:05.793267
102,rec_symmetric,106,70,2025-10-08 10:53:05.926543
102,rec_symmetric,106,84,2025-10-08 10:53:06.225912
102,rec_symmetric,106,16,2025-10-08 10:53:06.425049
102,rec_symmetric,106,48,2025-10-08 10:53:06.609204
102,rec_symmetric,106,32,2025-10-08 10:53:08.506582
102,rec_symmetric,106,187,2025-10-08 10:53:08.968755
102,rec_symmetric,106,187,2025-10-08 10:53:09.144556
102,rec_symmetric,106,32,2025-10-08 10:53:09.730209
102,rec_symmetric,106,8,2025-10-08 10:53:11.914881
102,rec_symmetric,106,8,2025-10-08 10:53:12.424385
102,rec_symmetric,106,8,2025-10-08 10:53:12.642506
102,rec_symmetric,106,187,2025-10-08 10:53:16.235508
102,rec_symmetric,106,187,2025-10-08 10:53:16.439670
102,rec_symmetric,106,32,2025-10-08 10:53:16.729961
102,rec_symmetric,106,82,2025-10-08 10:53:16.937189
102,rec_symmetric,106,79,2025-10-08 10:53:17.708101
102,rec_symmetric,106,79,2025-10-08 10:53:17.849044
102,rec_symmetric,106,8,2025-10-08 10:53:18.282590
102,rec_symmetric,106,8,2025-10-08 10:53:18.706245
102,rec_symmetric,106,8,2025-10-08 10:53:18.874949
102,rec_symmetric,106,85,2025-10-08 10:53:19.338659
102,rec_symmetric,106,83,2025-10-08 10:53:19.505614
102,rec_symmetric,106,8,2025-10-08 10:53:20.041733
102,rec_symmetric,106,8,2025-10-08 10:53:20.216340
102,rec_symmetric,106,38,2025-10-08 10:53:23.123267
102,rec_symmetric,106,38,2025-10-08 10:53:23.329418
102,rec_symmetric,106,38,2025-10-08 10:53:23.571184
102,rec_symmetric,106,40,2025-10-08 10:53:24.689811
102,rec_symmetric,106,40,2025-10-08 10:53:25.201479
102,rec_symmetric,106,40,2025-10-08 10:53:25.231051
102,rec_symmetric,106,8,2025-10-08 10:53:26.331608
102,rec_symmetric,106,8,2025-10-08 10:53:26.528495
102,rec_symmetric,106,8,2025-10-08 10:53:26.706807
102,rec_symmetric,106,8,2025-10-08 10:53:26.881898
102,rec_symmetric,106,13,2025-10-08 10:53:27.155863
102,rec_symmetric,106,82,2025-10-08 10:53:27.657877
102,rec_symmetric,106,8,2025-10-08 10:53:27.978183
102,rec_symmetric,106,8,2025-10-08 10:53:28.187151
102,rec_symmetric,106,8,2025-10-08 10:53:28.635731
102,rec_symmetric,106,16,2025-10-08 10:53:29.434247
102,rec_symmetric,106,57,2025-10-08 10:53:29.625153
102,rec_symmetric,106,8,2025-10-08 10:53:30.139258
102,rec_symmetric,106,16,2025-10-08 10:53:30.375505
102,rec_symmetric,106,56,2025-10-08 10:53:30.466711
102,rec_symmetric,106,8,2025-10-08 10:53:30.900524
102,rec_symmetric,106,16,2025-10-08 10:53:31.087173
102,rec_symmetric,106,189,2025-10-08 10:53:31.112681
102,rec_symmetric,106,8,2025-10-08 10:53:31.541007
102,rec_symmetric,106,187,2025-10-08 10:53:31.899176
102,rec_symmetric,106,8,2025-10-08 10:53:32.411166
102,rec_symmetric,106,8,2025-10-08 10:53:32.594620
102,rec_symmetric,106,8,2025-10-08 10:53:33.106620
102,rec_symmetric,106,8,2025-10-08 10:53:33.136501
102,rec_symmetric,106,8,2025-10-08 10:53:33.164107
102,rec_symmetric,106,8,2025-10-08 10:53:33.197051
102,rec_symmetric,106,8,2025-10-08 10:53:33.227823
102,rec_symmetric,106,8,2025-10-08 10:53:33.260604
102,rec_symmetric,106,8,2025-10-08 10:53:33.291064
102,rec_symmetric,106,8,2025-10-08 10:53:33.338101
102,rec_symmetric,106,8,2025-10-08 10:53:33.369923
102,rec_symmetric,106,8,2025-10-08 10:53:33.400266
102,rec_symmetric,106,8,2025-10-08 10:53:33.429444
102,rec_symmetric,106,8,2025-10-08 10:53:33.462065
102,rec_symmetric,106,8,2025-10-08 10:53:33.492562
102,rec_symmetric,106,8,2025-10-08 10:53:33.524461
102,rec_symmetric,106,8,2025-10-08 10:53:33.554241
102,rec_symmetric,106,8,2025-10-08 10:53:33.603220
102,rec_symmetric,106,8,2025-10-08 10:53:33.632373
102,rec_symmetric,106,8,2025-10-08 10:53:33.663009
102,rec_symmetric,106,8,2025-10-08 10:53:33.694539
102,rec_symmetric,106,8,2025-10-08 10:53:33.725881
102,rec_symmetric,106,8,2025-10-08 10:53:33.755076
102,rec_symmetric,106,8,2025-10-08 10:53:33.788203
102,rec_symmetric,106,8,2025-10-08 10:53:33.819990
102,rec_symmetric,106,8,2025-10-08 10:53:34.003480
102,rec_symmetric,106,8,2025-10-08 10:53:34.171364
102,rec_symmetric,106,8,2025-10-08 10:53:34.331074
102,rec_symmetric,106,8,2025-10-08 10:53:34.570697
102,rec_symmetric,106,8,2025-10-08 10:53:34.729775
102,rec_symmetric,106,85,2025-10-08 10:53:35.176826
102,rec_symmetric,106,83,2025-10-08 10:53:35.385056
102,rec_symmetric,106,8,2025-10-08 10:53:35.740710
102,rec_symmetric,106,8,2025-10-08 10:53:35.913075
102,rec_symmetric,106,73,2025-10-08 10:53:36.186048
102,rec_symmetric,106,83,2025-10-08 10:53:36.345210
102,rec_symmetric,106,16,2025-10-08 10:53:36.761732
102,rec_symmetric,106,189,2025-10-08 10:53:36.962051
102,rec_symmetric,106,83,2025-10-08 10:53:37.584914
102,rec_symmetric,106,85,2025-10-08 10:53:37.794788
102,rec_symmetric,106,77,2025-10-08 10:53:38.025947
102,rec_symmetric,106,77,2025-10-08 10:53:38.194437
102,rec_symmetric,106,8,2025-10-08 10:53:38.419719
102,rec_symmetric,106,8,2025-10-08 10:53:38.587434
102,rec_symmetric,106,8,2025-10-08 10:53:38.730244
102,rec_symmetric,106,89,2025-10-08 10:53:39.026914
102,rec_symmetric,106,77,2025-10-08 10:53:39.506623
102,rec_symmetric,106,77,2025-10-08 10:53:39.673864
102,rec_symmetric,106,69,2025-10-08 10:53:39.754996
102,rec_symmetric,106,84,2025-10-08 10:53:39.968708
102,rec_symmetric,106,82,2025-10-08 10:53:40.203410
102,rec_symmetric,106,73,2025-10-08 10:53:40.362240
102,rec_symmetric,106,67,2025-10-08 10:53:40.457564
102,rec_symmetric,106,16,2025-10-08 10:53:40.665010
102,rec_symmetric,106,57,2025-10-08 10:53:41.001320
102,rec_symmetric,106,82,2025-10-08 10:53:41.617931
102,rec_symmetric,106,79,2025-10-08 10:53:41.716069
102,rec_symmetric,106,79,2025-10-08 10:53:41.873813
102,rec_symmetric,106,84,2025-10-08 10:53:42.064756
102,rec_symmetric,106,190,2025-10-08 10:53:42.239862
102,rec_symmetric,106,76,2025-10-08 10:53:42.545828
102,rec_symmetric,106,69,2025-10-08 10:53:42.610204
102,rec_symmetric,106,70,2025-10-08 10:53:42.730373
102,rec_symmetric,106,84,2025-10-08 10:53:42.985563
102,rec_symmetric,106,16,2025-10-08 10:53:43.113834
102,rec_symmetric,106,48,2025-10-08 10:53:43.202282
102,rec_symmetric,106,13,2025-10-08 10:53:43.870448
102,rec_symmetric,106,85,2025-10-08 10:53:44.546412
102,rec_symmetric,106,8,2025-10-08 10:53:45.083702
102,rec_symmetric,106,73,2025-10-08 10:53:45.363700
102,rec_symmetric,106,83,2025-10-08 10:53:45.627298
102,rec_symmetric,106,16,2025-10-08 10:53:45.985267
102,rec_symmetric,106,48,2025-10-08 10:53:46.186707
102,rec_symmetric,106,8,2025-10-08 10:53:46.675197
102,rec_symmetric,106,16,2025-10-08 10:53:46.825369
102,rec_symmetric,106,48,2025-10-08 10:53:46.938085
102,rec_symmetric,106,8,2025-10-08 10:53:47.380913
102,rec_symmetric,106,189,2025-10-08 10:53:47.562484
102,rec_symmetric,106,83,2025-10-08 10:53:48.218616
102,rec_symmetric,106,89,2025-10-08 10:53:48.555212
102,rec_symmetric,106,78,2025-10-08 10:53:48.978523
102,rec_symmetric,106,78,2025-10-08 10:53:49.153898
102,rec_symmetric,106,69,2025-10-08 10:53:49.210252
102,rec_symmetric,106,8,2025-10-08 10:53:49.837611
102,rec_symmetric,106,8,2025-10-08 10:53:49.987329
102,rec_symmetric,106,78,2025-10-08 10:53:50.418639
102,rec_symmetric,106,8,2025-10-08 10:53:50.820035
102,rec_symmetric,106,187,2025-10-08 10:53:50.820035
102,rec_symmetric,106,8,2025-10-08 10:53:51.004651
102,rec_symmetric,106,8,2025-10-08 10:53:51.203746
102,rec_symmetric,106,78,2025-10-08 10:53:51.482039
102,rec_symmetric,106,78,2025-10-08 10:53:51.730507
102,rec_symmetric,106,69,2025-10-08 10:53:52.042590
102,rec_symmetric,106,8,2025-10-08 10:53:52.388148
102,rec_symmetric,106,8,2025-10-08 10:53:52.554624
102,rec_symmetric,106,8,2025-10-08 10:53:52.755188
102,rec_symmetric,106,78,2025-10-08 10:53:53.082466
102,rec_symmetric,106,78,2025-10-08 10:53:53.386227
102,rec_symmetric,106,8,2025-10-08 10:53:53.771617
102,rec_symmetric,106,8,2025-10-08 10:53:53.931141
102,rec_symmetric,106,77,2025-10-08 10:53:54.195130
102,rec_symmetric,106,77,2025-10-08 10:53:54.482181
102,rec_symmetric,106,69,2025-10-08 10:53:54.826565
102,rec_symmetric,106,84,2025-10-08 10:53:55.050735
102,rec_symmetric,106,82,2025-10-08 10:53:55.259490
102,rec_symmetric,106,73,2025-10-08 10:53:55.434530
102,rec_symmetric,106,67,2025-10-08 10:53:55.962020
102,rec_symmetric,106,16,2025-10-08 10:53:56.265743
102,rec_symmetric,106,57,2025-10-08 10:53:56.490817
102,rec_symmetric,106,82,2025-10-08 10:53:57.002845
102,rec_symmetric,106,79,2025-10-08 10:53:57.122226
102,rec_symmetric,106,79,2025-10-08 10:53:57.291904
102,rec_symmetric,106,84,2025-10-08 10:53:57.434433
102,rec_symmetric,106,190,2025-10-08 10:53:57.586100
102,rec_symmetric,106,82,2025-10-08 10:53:57.794960
102,rec_symmetric,106,73,2025-10-08 10:53:57.927538
102,rec_symmetric,106,71,2025-10-08 10:53:58.146402
102,rec_symmetric,106,72,2025-10-08 10:53:58.184877
102,rec_symmetric,106,84,2025-10-08 10:53:58.307912
102,rec_symmetric,106,16,2025-10-08 10:53:58.456208
102,rec_symmetric,106,48,2025-10-08 10:53:58.578972
102,rec_symmetric,106,38,2025-10-08 10:53:59.651046
102,rec_symmetric,106,38,2025-10-08 10:54:04.978805
102,rec_symmetric,106,38,2025-10-08 10:54:05.146805
102,rec_symmetric,106,38,2025-10-08 10:54:05.346263
102,rec_symmetric,106,38,2025-10-08 10:54:05.546717
102,rec_symmetric,106,40,2025-10-08 10:54:05.962948
102,rec_symmetric,106,40,2025-10-08 10:54:19.478219
102,rec_symmetric,106,40,2025-10-08 10:54:19.979566
102,rec_symmetric,106,40,2025-10-08 10:54:20.008120
102,rec_symmetric,106,38,2025-10-08 10:54:20.380317
102,rec_symmetric,106,38,2025-10-08 10:54:20.596704
102,rec_symmetric,106,38,2025-10-08 10:54:20.787026
102,rec_symmetric,106,38,2025-10-08 10:54:21.106944
102,rec_symmetric,106,40,2025-10-08 10:54:21.500433
102,rec_symmetric,106,38,2025-10-08 10:54:21.863169
102,rec_symmetric,106,37,2025-10-08 10:54:22.252273
102,rec_symmetric,106,37,2025-10-08 10:54:22.483552
102,rec_symmetric,106,37,2025-10-08 10:54:22.994189
102,rec_symmetric,106,37,2025-10-08 10:54:23.023897
102,rec_symmetric,106,37,2025-10-08 10:54:23.053293
102,rec_symmetric,106,37,2025-10-08 10:54:23.083646
102,rec_symmetric,106,37,2025-10-08 10:54:23.113523
102,rec_symmetric,106,39,2025-10-08 10:54:23.530876
102,rec_symmetric,106,40,2025-10-08 10:54:38.252740
102,rec_symmetric,106,40,2025-10-08 10:54:38.759611
102,rec_symmetric,106,40,2025-10-08 10:54:38.789128
102,rec_symmetric,106,40,2025-10-08 10:54:38.819371
102,rec_symmetric,106,40,2025-10-08 10:54:42.148718
102,rec_symmetric,106,40,2025-10-08 10:54:42.668533
102,rec_symmetric,106,38,2025-10-08 10:54:43.219316
102,rec_symmetric,106,39,2025-10-08 10:54:43.763382
102,rec_symmetric,106,39,2025-10-08 10:54:44.265923
102,rec_symmetric,106,39,2025-10-08 10:54:44.310104
102,rec_symmetric,106,39,2025-10-08 10:54:44.339889
102,rec_symmetric,106,39,2025-10-08 10:54:44.370103
102,rec_symmetric,106,39,2025-10-08 10:54:44.403445
102,rec_symmetric,106,39,2025-10-08 10:54:44.432973
102,rec_symmetric,106,39,2025-10-08 10:54:44.463464
102,rec_symmetric,106,39,2025-10-08 10:54:44.496654
102,rec_symmetric,106,39,2025-10-08 10:54:44.525754
102,rec_symmetric,106,39,2025-10-08 10:54:44.572657
102,rec_symmetric,106,39,2025-10-08 10:54:44.601968
102,rec_symmetric,106,39,2025-10-08 10:54:44.939103
102,rec_symmetric,106,38,2025-10-08 10:54:51.173007
102,rec_symmetric,106,38,2025-10-08 10:54:51.384622
102,rec_symmetric,106,38,2025-10-08 10:54:51.565402
102,rec_symmetric,106,38,2025-10-08 10:54:51.763654
102,rec_symmetric,106,38,2025-10-08 10:54:51.948415
102,rec_symmetric,106,37,2025-10-08 10:54:52.429469
102,rec_symmetric,106,16,2025-10-08 10:54:53.195839
102,rec_symmetric,106,37,2025-10-08 10:54:53.477768
102,rec_symmetric,106,37,2025-10-08 10:54:53.813690
102,rec_symmetric,106,37,2025-10-08 10:54:54.061806
102,rec_symmetric,106,37,2025-10-08 10:54:54.302978
102,rec_symmetric,106,37,2025-10-08 10:54:54.517804
102,rec_symmetric,106,37,2025-10-08 10:54:54.757891
102,rec_symmetric,106,37,2025-10-08 10:54:55.102790
102,rec_symmetric,106,8,2025-10-08 10:54:55.998835
102,rec_symmetric,106,8,2025-10-08 10:54:56.178490
102,rec_symmetric,106,188,2025-10-08 10:54:56.749341
102,rec_symmetric,106,187,2025-10-08 10:54:57.648035
102,rec_symmetric,106,8,2025-10-08 10:54:57.998118
102,rec_symmetric,106,8,2025-10-08 10:54:58.165866
102,rec_symmetric,106,188,2025-10-08 10:54:58.571823
102,rec_symmetric,106,8,2025-10-08 10:54:59.302620
102,rec_symmetric,106,188,2025-10-08 10:54:59.739004
102,rec_symmetric,106,8,2025-10-08 10:55:00.517691
102,rec_symmetric,106,190,2025-10-08 10:55:01.084117
102,rec_symmetric,106,86,2025-10-08 10:55:01.804997
102,rec_symmetric,106,65,2025-10-08 10:55:01.956657
102,rec_symmetric,106,75,2025-10-08 10:55:02.156671
102,rec_symmetric,106,8,2025-10-08 10:55:03.110970
102,rec_symmetric,106,75,2025-10-08 10:55:03.405174
102,rec_symmetric,106,8,2025-10-08 10:55:03.955000
102,rec_symmetric,106,8,2025-10-08 10:55:04.142072
102,rec_symmetric,106,75,2025-10-08 10:55:04.306612
102,rec_symmetric,106,8,2025-10-08 10:55:04.877081
102,rec_symmetric,106,76,2025-10-08 10:55:05.084057
102,rec_symmetric,106,32,2025-10-08 10:55:06.462142
102,rec_symmetric,106,20,2025-10-08 10:55:30.916941
102,rec_symmetric,106,20,2025-10-08 10:55:32.377406
102,rec_symmetric,106,81,2025-10-08 10:55:33.397588
102,rec_symmetric,106,81,2025-10-08 10:55:33.549825
102,rec_symmetric,106,81,2025-10-08 10:55:34.832263
