102,lis_tools,409,74,2025-10-08 09:49:43.383555
102,lis_tools,409,220,2025-10-08 09:49:45.331573
102,lis_tools,409,8,2025-10-08 09:49:46.042911
102,lis_tools,409,8,2025-10-08 09:49:46.411170
102,lis_tools,409,74,2025-10-08 09:49:47.140656
102,lis_tools,409,75,2025-10-08 09:49:48.051551
102,lis_tools,409,8,2025-10-08 09:49:48.884681
102,lis_tools,409,8,2025-10-08 09:49:49.155248
102,lis_tools,409,72,2025-10-08 09:49:49.643062
102,lis_tools,409,65,2025-10-08 09:49:50.076593
102,lis_tools,409,77,2025-10-08 09:49:50.587731
102,lis_tools,409,77,2025-10-08 09:49:50.770321
102,lis_tools,409,69,2025-10-08 09:49:51.292011
102,lis_tools,409,82,2025-10-08 09:49:51.643391
102,lis_tools,409,32,2025-10-08 09:49:51.915117
102,lis_tools,409,68,2025-10-08 09:49:53.678699
102,lis_tools,409,8,2025-10-08 09:49:54.678126
102,lis_tools,409,83,2025-10-08 09:49:54.947597
102,lis_tools,409,67,2025-10-08 09:49:55.307521
102,lis_tools,409,84,2025-10-08 09:49:56.083997
102,lis_tools,409,8,2025-10-08 09:49:56.642586
102,lis_tools,409,82,2025-10-08 09:49:56.949084
102,lis_tools,409,69,2025-10-08 09:49:57.213372
102,lis_tools,409,87,2025-10-08 09:49:57.789157
102,lis_tools,409,68,2025-10-08 09:49:58.150374
102,lis_tools,409,82,2025-10-08 09:49:58.877450
102,lis_tools,409,73,2025-10-08 09:49:59.182252
102,lis_tools,409,86,2025-10-08 09:49:59.533261
102,lis_tools,409,82,2025-10-08 09:49:59.781849
102,lis_tools,409,84,2025-10-08 09:49:59.935883
102,lis_tools,409,8,2025-10-08 09:50:00.661047
102,lis_tools,409,8,2025-10-08 09:50:00.886051
102,lis_tools,409,69,2025-10-08 09:50:01.318683
102,lis_tools,409,82,2025-10-08 09:50:01.701001
102,lis_tools,409,32,2025-10-08 09:50:02.357147
102,lis_tools,409,87,2025-10-08 09:50:05.623298
102,lis_tools,409,84,2025-10-08 09:50:06.469147
102,lis_tools,409,8,2025-10-08 09:50:07.093326
102,lis_tools,409,82,2025-10-08 09:50:07.333879
102,lis_tools,409,69,2025-10-08 09:50:07.644557
102,lis_tools,409,78,2025-10-08 09:50:08.029801
102,lis_tools,409,86,2025-10-08 09:50:08.444387
102,lis_tools,409,8,2025-10-08 09:50:09.133932
102,lis_tools,409,66,2025-10-08 09:50:09.670796
102,lis_tools,409,8,2025-10-08 09:50:10.198541
102,lis_tools,409,86,2025-10-08 09:50:10.363950
102,lis_tools,409,8,2025-10-08 09:50:10.748370
102,lis_tools,409,67,2025-10-08 09:50:10.821202
102,lis_tools,409,66,2025-10-08 09:50:11.536743
102,lis_tools,409,8,2025-10-08 09:50:12.021317
102,lis_tools,409,72,2025-10-08 09:50:12.315919
102,lis_tools,409,32,2025-10-08 09:50:12.702395
102,lis_tools,409,82,2025-10-08 09:50:16.343941
102,lis_tools,409,65,2025-10-08 09:50:16.949337
102,lis_tools,409,67,2025-10-08 09:50:17.690295
102,lis_tools,409,78,2025-10-08 09:50:18.253305
102,lis_tools,409,8,2025-10-08 09:50:19.005792
102,lis_tools,409,72,2025-10-08 09:50:19.327428
102,lis_tools,409,82,2025-10-08 09:50:19.819810
102,lis_tools,409,8,2025-10-08 09:50:20.342757
102,lis_tools,409,69,2025-10-08 09:50:20.510123
102,lis_tools,409,89,2025-10-08 09:50:21.181853
102,lis_tools,409,8,2025-10-08 09:50:21.695412
102,lis_tools,409,84,2025-10-08 09:50:21.806022
102,lis_tools,409,32,2025-10-08 09:50:22.198165
102,lis_tools,409,77,2025-10-08 09:50:31.229838
102,lis_tools,409,8,2025-10-08 09:50:31.870938
102,lis_tools,409,78,2025-10-08 09:50:32.342011
102,lis_tools,409,65,2025-10-08 09:50:32.908228
102,lis_tools,409,79,2025-10-08 09:50:33.246266
102,lis_tools,409,186,2025-10-08 09:50:33.550087
102,lis_tools,409,8,2025-10-08 09:50:33.838016
102,lis_tools,409,8,2025-10-08 09:50:34.022454
102,lis_tools,409,73,2025-10-08 09:50:34.325960
102,lis_tools,409,186,2025-10-08 09:50:34.982026
102,lis_tools,409,8,2025-10-08 09:50:35.511467
102,lis_tools,409,32,2025-10-08 09:50:35.856540
102,lis_tools,409,76,2025-10-08 09:50:36.269544
102,lis_tools,409,8,2025-10-08 09:50:36.495081
102,lis_tools,409,8,2025-10-08 09:50:36.676449
102,lis_tools,409,76,2025-10-08 09:50:37.030591
102,lis_tools,409,32,2025-10-08 09:50:37.568735
102,lis_tools,409,66,2025-10-08 09:50:38.655628
102,lis_tools,409,79,2025-10-08 09:50:39.062005
102,lis_tools,409,76,2025-10-08 09:50:39.318027
102,lis_tools,409,89,2025-10-08 09:50:39.646647
102,lis_tools,409,8,2025-10-08 09:50:40.271624
102,lis_tools,409,84,2025-10-08 09:50:40.429634
102,lis_tools,409,32,2025-10-08 09:50:41.119164
102,lis_tools,409,68,2025-10-08 09:50:42.423334
102,lis_tools,409,8,2025-10-08 09:50:43.055202
102,lis_tools,409,83,2025-10-08 09:50:43.470774
102,lis_tools,409,86,2025-10-08 09:50:43.902477
102,lis_tools,409,8,2025-10-08 09:50:44.543534
102,lis_tools,409,86,2025-10-08 09:50:44.935534
102,lis_tools,409,8,2025-10-08 09:50:45.342610
102,lis_tools,409,67,2025-10-08 09:50:45.564449
102,lis_tools,409,84,2025-10-08 09:50:46.245838
102,lis_tools,409,8,2025-10-08 09:50:46.671450
102,lis_tools,409,82,2025-10-08 09:50:46.846662
102,lis_tools,409,69,2025-10-08 09:50:47.222928
102,lis_tools,409,87,2025-10-08 09:50:47.943909
102,lis_tools,409,32,2025-10-08 09:50:48.278277
102,lis_tools,409,83,2025-10-08 09:50:50.808916
102,lis_tools,409,65,2025-10-08 09:50:51.222528
102,lis_tools,409,87,2025-10-08 09:50:51.581946
102,lis_tools,409,32,2025-10-08 09:50:51.968139
102,lis_tools,409,86,2025-10-08 09:50:52.959589
102,lis_tools,409,74,2025-10-08 09:50:53.286051
102,lis_tools,409,8,2025-10-08 09:50:53.558573
102,lis_tools,409,8,2025-10-08 09:50:53.742622
102,lis_tools,409,67,2025-10-08 09:50:54.495992
102,lis_tools,409,74,2025-10-08 09:50:55.111255
102,lis_tools,409,8,2025-10-08 09:50:55.726690
102,lis_tools,409,72,2025-10-08 09:50:56.006831
102,lis_tools,409,65,2025-10-08 09:50:56.454519
102,lis_tools,409,79,2025-10-08 09:50:56.719201
102,lis_tools,409,77,2025-10-08 09:50:56.870033
102,lis_tools,409,8,2025-10-08 09:50:57.309177
102,lis_tools,409,8,2025-10-08 09:50:57.486185
102,lis_tools,409,73,2025-10-08 09:50:57.783943
102,lis_tools,409,78,2025-10-08 09:50:58.382609
102,lis_tools,409,83,2025-10-08 09:50:58.743276
102,lis_tools,409,65,2025-10-08 09:50:59.232324
102,lis_tools,409,87,2025-10-08 09:50:59.582848
102,lis_tools,409,32,2025-10-08 09:50:59.880789
102,lis_tools,409,83,2025-10-08 09:51:11.257779
102,lis_tools,409,72,2025-10-08 09:51:11.983450
102,lis_tools,409,79,2025-10-08 09:51:12.326174
102,lis_tools,409,86,2025-10-08 09:51:12.679234
102,lis_tools,409,69,2025-10-08 09:51:13.031962
102,lis_tools,409,75,2025-10-08 09:51:13.416226
102,lis_tools,409,8,2025-10-08 09:51:14.191571
102,lis_tools,409,74,2025-10-08 09:51:14.678732
102,lis_tools,409,187,2025-10-08 09:51:15.375602
102,lis_tools,409,72,2025-10-08 09:51:15.646374
102,lis_tools,409,8,2025-10-08 09:51:15.943700
102,lis_tools,409,8,2025-10-08 09:51:16.141364
102,lis_tools,409,8,2025-10-08 09:51:16.303504
102,lis_tools,409,74,2025-10-08 09:51:16.847964
102,lis_tools,409,8,2025-10-08 09:51:17.438973
102,lis_tools,409,75,2025-10-08 09:51:17.864907
102,lis_tools,409,8,2025-10-08 09:51:18.326983
102,lis_tools,409,76,2025-10-08 09:51:18.567166
102,lis_tools,409,32,2025-10-08 09:51:22.465591
102,lis_tools,409,13,2025-10-08 09:51:23.623739
102,lis_tools,409,81,2025-10-08 09:51:26.895459
102,lis_tools,409,81,2025-10-08 09:51:27.239351
102,lis_tools,409,81,2025-10-08 09:51:28.394290
