112,it_sum,205,40,2025-09-27 09:05:23.045629
112,it_sum,205,40,2025-09-27 09:05:23.379638
112,it_sum,205,40,2025-09-27 09:05:23.954871
112,it_sum,205,40,2025-09-27 09:05:24.292136
112,it_sum,205,40,2025-09-27 09:05:24.467101
112,it_sum,205,40,2025-09-27 09:05:24.835636
112,it_sum,205,40,2025-09-27 09:05:25.739923
112,it_sum,205,40,2025-09-27 09:05:26.450605
112,it_sum,205,40,2025-09-27 09:05:26.642808
112,it_sum,205,40,2025-09-27 09:05:27.435486
112,it_sum,205,39,2025-09-27 09:05:28.099376
112,it_sum,205,39,2025-09-27 09:05:28.347859
112,it_sum,205,39,2025-09-27 09:05:28.546520
112,it_sum,205,39,2025-09-27 09:05:29.835977
112,it_sum,205,40,2025-09-27 09:05:32.443467
112,it_sum,205,39,2025-09-27 09:05:34.003807
112,it_sum,205,39,2025-09-27 09:05:36.379942
112,it_sum,205,38,2025-09-27 09:05:39.195389
112,it_sum,205,38,2025-09-27 09:05:39.423623
112,it_sum,205,38,2025-09-27 09:05:39.595029
112,it_sum,205,38,2025-09-27 09:05:39.740406
112,it_sum,205,38,2025-09-27 09:05:39.971831
112,it_sum,205,38,2025-09-27 09:05:40.187503
112,it_sum,205,38,2025-09-27 09:05:42.005047
112,it_sum,205,39,2025-09-27 09:05:42.732364
112,it_sum,205,39,2025-09-27 09:05:42.940093
112,it_sum,205,39,2025-09-27 09:05:43.116360
112,it_sum,205,39,2025-09-27 09:05:43.292934
112,it_sum,205,39,2025-09-27 09:05:43.460969
112,it_sum,205,39,2025-09-27 09:05:43.611933
112,it_sum,205,39,2025-09-27 09:05:43.812045
112,it_sum,205,39,2025-09-27 09:05:43.914566
112,it_sum,205,39,2025-09-27 09:05:44.067553
112,it_sum,205,37,2025-09-27 09:05:44.876447
112,it_sum,205,38,2025-09-27 09:05:46.278061
112,it_sum,205,80,2025-09-27 09:05:47.003746
112,it_sum,205,8,2025-09-27 09:05:47.670521
112,it_sum,205,79,2025-09-27 09:05:48.068153
112,it_sum,205,8,2025-09-27 09:05:48.566606
112,it_sum,205,73,2025-09-27 09:05:48.772073
112,it_sum,205,8,2025-09-27 09:05:49.149359
112,it_sum,205,73,2025-09-27 09:05:49.483795
112,it_sum,205,32,2025-09-27 09:05:50.011109
112,it_sum,205,73,2025-09-27 09:05:50.363671
112,it_sum,205,78,2025-09-27 09:05:50.522648
112,it_sum,205,32,2025-09-27 09:05:50.787361
112,it_sum,205,82,2025-09-27 09:05:50.963562
112,it_sum,205,65,2025-09-27 09:05:51.093267
112,it_sum,205,78,2025-09-27 09:05:51.227796
112,it_sum,205,71,2025-09-27 09:05:51.355576
112,it_sum,205,69,2025-09-27 09:05:51.514880
112,it_sum,205,16,2025-09-27 09:05:51.836258
112,it_sum,205,57,2025-09-27 09:05:51.899226
112,it_sum,205,76,2025-09-27 09:05:52.268021
112,it_sum,205,69,2025-09-27 09:05:52.347237
112,it_sum,205,78,2025-09-27 09:05:52.499336
112,it_sum,205,16,2025-09-27 09:05:52.778824
112,it_sum,205,57,2025-09-27 09:05:52.893343
112,it_sum,205,8,2025-09-27 09:05:53.309317
112,it_sum,205,8,2025-09-27 09:05:53.460815
112,it_sum,205,78,2025-09-27 09:05:53.732047
112,it_sum,205,8,2025-09-27 09:05:54.383220
112,it_sum,205,66,2025-09-27 09:05:54.739705
112,it_sum,205,8,2025-09-27 09:05:55.317460
112,it_sum,205,77,2025-09-27 09:05:55.724523
112,it_sum,205,8,2025-09-27 09:05:56.287501
112,it_sum,205,78,2025-09-27 09:05:56.484284
112,it_sum,205,16,2025-09-27 09:05:57.668081
112,it_sum,205,57,2025-09-27 09:05:57.900170
112,it_sum,205,8,2025-09-27 09:05:59.598972
112,it_sum,205,8,2025-09-27 09:05:59.739507
112,it_sum,205,8,2025-09-27 09:05:59.909085
112,it_sum,205,8,2025-09-27 09:06:00.400578
112,it_sum,205,77,2025-09-27 09:06:00.636624
112,it_sum,205,16,2025-09-27 09:06:00.835422
112,it_sum,205,48,2025-09-27 09:06:00.972242
112,it_sum,205,8,2025-09-27 09:06:01.373719
112,it_sum,205,8,2025-09-27 09:06:01.878590
112,it_sum,205,188,2025-09-27 09:06:02.180700
112,it_sum,205,78,2025-09-27 09:06:02.389005
112,it_sum,205,8,2025-09-27 09:06:02.813285
112,it_sum,205,8,2025-09-27 09:06:02.948685
112,it_sum,205,78,2025-09-27 09:06:03.180401
112,it_sum,205,16,2025-09-27 09:06:03.730700
112,it_sum,205,48,2025-09-27 09:06:03.850862
112,it_sum,205,16,2025-09-27 09:06:04.460521
112,it_sum,205,16,2025-09-27 09:06:04.981784
112,it_sum,205,16,2025-09-27 09:06:04.996782
112,it_sum,205,40,2025-09-27 09:06:06.158303
112,it_sum,205,40,2025-09-27 09:06:06.435350
112,it_sum,205,9,2025-09-27 09:06:07.102189
112,it_sum,205,9,2025-09-27 09:06:07.326103
112,it_sum,205,9,2025-09-27 09:06:07.590489
112,it_sum,205,8,2025-09-27 09:06:08.373799
112,it_sum,205,73,2025-09-27 09:06:28.614427
112,it_sum,205,8,2025-09-27 09:06:29.550893
112,it_sum,205,82,2025-09-27 09:06:30.053121
112,it_sum,205,69,2025-09-27 09:06:30.220742
112,it_sum,205,83,2025-09-27 09:06:30.348387
112,it_sum,205,32,2025-09-27 09:06:30.565248
112,it_sum,205,16,2025-09-27 09:06:30.724083
112,it_sum,205,8,2025-09-27 09:06:30.855223
112,it_sum,205,8,2025-09-27 09:06:31.086726
112,it_sum,205,83,2025-09-27 09:06:31.869081
112,it_sum,205,32,2025-09-27 09:06:32.156304
112,it_sum,205,16,2025-09-27 09:06:32.300701
112,it_sum,205,187,2025-09-27 09:06:32.437269
112,it_sum,205,187,2025-09-27 09:06:33.022138
112,it_sum,205,32,2025-09-27 09:06:33.740247
112,it_sum,205,79,2025-09-27 09:06:35.972274
112,it_sum,205,8,2025-09-27 09:06:36.574636
112,it_sum,205,73,2025-09-27 09:06:36.805662
112,it_sum,205,39,2025-09-27 09:06:38.727128
112,it_sum,205,39,2025-09-27 09:06:39.189790
112,it_sum,205,38,2025-09-27 09:06:40.190803
112,it_sum,205,38,2025-09-27 09:06:40.365806
112,it_sum,205,38,2025-09-27 09:06:40.485381
112,it_sum,205,38,2025-09-27 09:06:40.636802
112,it_sum,205,38,2025-09-27 09:06:40.797655
112,it_sum,205,38,2025-09-27 09:06:41.165789
112,it_sum,205,9,2025-09-27 09:06:41.494945
112,it_sum,205,82,2025-09-27 09:06:42.558382
112,it_sum,205,69,2025-09-27 09:06:42.636986
112,it_sum,205,83,2025-09-27 09:06:42.796850
112,it_sum,205,32,2025-09-27 09:06:43.100929
112,it_sum,205,8,2025-09-27 09:06:43.429973
112,it_sum,205,32,2025-09-27 09:06:44.157904
112,it_sum,205,187,2025-09-27 09:06:44.861985
112,it_sum,205,32,2025-09-27 09:06:45.380605
112,it_sum,205,48,2025-09-27 09:06:45.797393
112,it_sum,205,40,2025-09-27 09:06:47.175432
112,it_sum,205,40,2025-09-27 09:06:47.373389
112,it_sum,205,40,2025-09-27 09:06:47.701581
112,it_sum,205,40,2025-09-27 09:06:47.846645
112,it_sum,205,40,2025-09-27 09:06:47.997274
112,it_sum,205,40,2025-09-27 09:06:48.158118
112,it_sum,205,40,2025-09-27 09:06:48.558492
112,it_sum,205,9,2025-09-27 09:06:49.110596
112,it_sum,205,82,2025-09-27 09:06:50.165823
112,it_sum,205,69,2025-09-27 09:06:50.315649
112,it_sum,205,84,2025-09-27 09:06:50.444565
112,it_sum,205,73,2025-09-27 09:06:50.597875
112,it_sum,205,82,2025-09-27 09:06:50.836615
112,it_sum,205,77,2025-09-27 09:06:50.957501
112,it_sum,205,32,2025-09-27 09:06:51.182306
112,it_sum,205,82,2025-09-27 09:06:51.397472
112,it_sum,205,69,2025-09-27 09:06:51.508477
112,it_sum,205,8,2025-09-27 09:06:51.759993
112,it_sum,205,8,2025-09-27 09:06:51.911895
112,it_sum,205,8,2025-09-27 09:06:52.037928
112,it_sum,205,8,2025-09-27 09:06:52.197920
112,it_sum,205,8,2025-09-27 09:06:52.350240
112,it_sum,205,8,2025-09-27 09:06:52.501859
112,it_sum,205,85,2025-09-27 09:06:52.981124
112,it_sum,205,82,2025-09-27 09:06:53.462740
112,it_sum,205,78,2025-09-27 09:06:53.598217
112,it_sum,205,32,2025-09-27 09:06:54.165177
112,it_sum,205,82,2025-09-27 09:06:54.285825
112,it_sum,205,69,2025-09-27 09:06:54.378998
112,it_sum,205,83,2025-09-27 09:06:54.475882
112,it_sum,205,81,2025-09-27 09:07:00.265697
112,it_sum,205,81,2025-09-27 09:07:00.422050
112,it_sum,205,81,2025-09-27 09:07:01.710330
