124,lis_office,401,80,2025-10-30 18:34:32.754822
124,lis_office,401,69,2025-10-30 18:34:32.868556
124,lis_office,401,78,2025-10-30 18:34:32.950191
124,lis_office,401,83,2025-10-30 18:34:33.091171
124,lis_office,401,188,2025-10-30 18:34:33.195478
124,lis_office,401,32,2025-10-30 18:34:33.340065
124,lis_office,401,80,2025-10-30 18:34:33.517006
124,lis_office,401,69,2025-10-30 18:34:33.627662
124,lis_office,401,78,2025-10-30 18:34:33.700660
124,lis_office,401,67,2025-10-30 18:34:33.845861
124,lis_office,401,73,2025-10-30 18:34:33.908519
124,lis_office,401,76,2025-10-30 18:34:34.003137
124,lis_office,401,83,2025-10-30 18:34:34.124671
124,lis_office,401,188,2025-10-30 18:34:34.258273
124,lis_office,401,32,2025-10-30 18:34:34.435285
124,lis_office,401,83,2025-10-30 18:34:35.902584
124,lis_office,401,8,2025-10-30 18:34:36.244207
124,lis_office,401,76,2025-10-30 18:34:36.435960
124,lis_office,401,73,2025-10-30 18:34:36.653674
124,lis_office,401,78,2025-10-30 18:34:36.749801
124,lis_office,401,69,2025-10-30 18:34:36.901688
124,lis_office,401,68,2025-10-30 18:34:37.164446
124,lis_office,401,188,2025-10-30 18:34:37.364489
124,lis_office,401,8,2025-10-30 18:34:37.765342
124,lis_office,401,32,2025-10-30 18:34:37.876390
124,lis_office,401,80,2025-10-30 18:34:38.063218
124,lis_office,401,65,2025-10-30 18:34:38.157793
124,lis_office,401,80,2025-10-30 18:34:38.229533
124,lis_office,401,69,2025-10-30 18:34:38.396675
124,lis_office,401,82,2025-10-30 18:34:38.485323
124,lis_office,401,188,2025-10-30 18:34:38.597252
124,lis_office,401,32,2025-10-30 18:34:38.964331
124,lis_office,401,71,2025-10-30 18:34:39.087248
124,lis_office,401,82,2025-10-30 18:34:39.277998
124,lis_office,401,65,2025-10-30 18:34:39.365327
124,lis_office,401,80,2025-10-30 18:34:39.404281
124,lis_office,401,72,2025-10-30 18:34:39.533204
124,lis_office,401,32,2025-10-30 18:34:39.661714
124,lis_office,401,80,2025-10-30 18:34:39.749863
124,lis_office,401,65,2025-10-30 18:34:39.886275
124,lis_office,401,80,2025-10-30 18:34:39.964837
124,lis_office,401,69,2025-10-30 18:34:40.125655
124,lis_office,401,82,2025-10-30 18:34:40.189583
124,lis_office,401,188,2025-10-30 18:34:40.287370
124,lis_office,401,32,2025-10-30 18:34:40.461843
124,lis_office,401,83,2025-10-30 18:34:42.279911
124,lis_office,401,84,2025-10-30 18:34:42.436977
124,lis_office,401,65,2025-10-30 18:34:42.532863
124,lis_office,401,80,2025-10-30 18:34:42.677402
124,lis_office,401,76,2025-10-30 18:34:42.910391
124,lis_office,401,69,2025-10-30 18:34:43.005691
124,lis_office,401,82,2025-10-30 18:34:43.086006
124,lis_office,401,83,2025-10-30 18:34:43.518080
124,lis_office,401,188,2025-10-30 18:34:44.006929
124,lis_office,401,32,2025-10-30 18:34:44.551422
124,lis_office,401,80,2025-10-30 18:34:46.935916
124,lis_office,401,69,2025-10-30 18:34:47.069615
124,lis_office,401,78,2025-10-30 18:34:47.141034
124,lis_office,401,8,2025-10-30 18:34:47.901488
124,lis_office,401,8,2025-10-30 18:34:48.065089
124,lis_office,401,8,2025-10-30 18:34:48.197029
124,lis_office,401,80,2025-10-30 18:34:48.477870
124,lis_office,401,65,2025-10-30 18:34:48.597590
124,lis_office,401,80,2025-10-30 18:34:48.669607
124,lis_office,401,69,2025-10-30 18:34:48.821581
124,lis_office,401,82,2025-10-30 18:34:48.911752
124,lis_office,401,32,2025-10-30 18:34:48.973259
124,lis_office,401,87,2025-10-30 18:34:49.101013
124,lis_office,401,69,2025-10-30 18:34:49.173764
124,lis_office,401,73,2025-10-30 18:34:49.293204
124,lis_office,401,71,2025-10-30 18:34:49.414604
124,lis_office,401,72,2025-10-30 18:34:49.500825
124,lis_office,401,84,2025-10-30 18:34:49.613374
124,lis_office,401,83,2025-10-30 18:34:49.733654
124,lis_office,401,188,2025-10-30 18:34:49.831187
124,lis_office,401,32,2025-10-30 18:34:49.990650
124,lis_office,401,67,2025-10-30 18:34:51.568723
124,lis_office,401,79,2025-10-30 18:34:51.654673
124,lis_office,401,80,2025-10-30 18:34:51.774222
124,lis_office,401,73,2025-10-30 18:34:51.887299
124,lis_office,401,69,2025-10-30 18:34:52.051674
124,lis_office,401,82,2025-10-30 18:34:52.133244
124,lis_office,401,32,2025-10-30 18:34:52.270161
124,lis_office,401,77,2025-10-30 18:34:52.429172
124,lis_office,401,65,2025-10-30 18:34:52.519234
124,lis_office,401,67,2025-10-30 18:34:52.663161
124,lis_office,401,72,2025-10-30 18:34:53.119219
124,lis_office,401,73,2025-10-30 18:34:53.302455
124,lis_office,401,78,2025-10-30 18:34:53.406645
124,lis_office,401,69,2025-10-30 18:34:53.478777
124,lis_office,401,83,2025-10-30 18:34:53.660928
124,lis_office,401,188,2025-10-30 18:34:53.758552
124,lis_office,401,32,2025-10-30 18:34:53.909938
124,lis_office,401,80,2025-10-30 18:34:54.038213
124,lis_office,401,82,2025-10-30 18:34:54.238142
124,lis_office,401,73,2025-10-30 18:34:54.334288
124,lis_office,401,78,2025-10-30 18:34:54.461419
124,lis_office,401,84,2025-10-30 18:34:54.542444
124,lis_office,401,69,2025-10-30 18:34:54.846245
124,lis_office,401,82,2025-10-30 18:34:54.927205
124,lis_office,401,8,2025-10-30 18:34:56.029930
124,lis_office,401,8,2025-10-30 18:34:56.197387
124,lis_office,401,8,2025-10-30 18:34:56.351761
124,lis_office,401,8,2025-10-30 18:34:56.501840
124,lis_office,401,8,2025-10-30 18:34:56.652928
124,lis_office,401,8,2025-10-30 18:34:56.790044
124,lis_office,401,8,2025-10-30 18:34:56.944796
124,lis_office,401,8,2025-10-30 18:34:57.071355
124,lis_office,401,8,2025-10-30 18:34:57.238850
124,lis_office,401,8,2025-10-30 18:34:57.397077
124,lis_office,401,188,2025-10-30 18:34:58.198681
124,lis_office,401,32,2025-10-30 18:34:58.310428
124,lis_office,401,80,2025-10-30 18:34:58.430064
124,lis_office,401,82,2025-10-30 18:34:58.646761
124,lis_office,401,73,2025-10-30 18:34:58.735266
124,lis_office,401,78,2025-10-30 18:34:58.829641
124,lis_office,401,84,2025-10-30 18:34:58.919288
124,lis_office,401,69,2025-10-30 18:34:59.078609
124,lis_office,401,82,2025-10-30 18:34:59.166333
124,lis_office,401,8,2025-10-30 18:35:00.062037
124,lis_office,401,8,2025-10-30 18:35:00.206512
124,lis_office,401,8,2025-10-30 18:35:00.341989
124,lis_office,401,8,2025-10-30 18:35:00.501851
124,lis_office,401,8,2025-10-30 18:35:00.654498
124,lis_office,401,8,2025-10-30 18:35:00.806250
124,lis_office,401,8,2025-10-30 18:35:00.959417
124,lis_office,401,8,2025-10-30 18:35:01.085397
124,lis_office,401,8,2025-10-30 18:35:01.246117
124,lis_office,401,83,2025-10-30 18:35:01.422319
124,lis_office,401,188,2025-10-30 18:35:02.063800
124,lis_office,401,32,2025-10-30 18:35:02.166051
124,lis_office,401,80,2025-10-30 18:35:03.506361
124,lis_office,401,82,2025-10-30 18:35:03.720337
124,lis_office,401,73,2025-10-30 18:35:03.822473
124,lis_office,401,78,2025-10-30 18:35:03.919539
124,lis_office,401,84,2025-10-30 18:35:04.015172
124,lis_office,401,69,2025-10-30 18:35:04.165632
124,lis_office,401,82,2025-10-30 18:35:04.262837
124,lis_office,401,83,2025-10-30 18:35:04.590290
124,lis_office,401,188,2025-10-30 18:35:04.958884
124,lis_office,401,32,2025-10-30 18:35:05.071819
124,lis_office,401,68,2025-10-30 18:35:11.913375
124,lis_office,401,69,2025-10-30 18:35:12.120528
124,lis_office,401,83,2025-10-30 18:35:12.629852
124,lis_office,401,75,2025-10-30 18:35:12.743258
124,lis_office,401,83,2025-10-30 18:35:12.846788
124,lis_office,401,188,2025-10-30 18:35:13.216457
124,lis_office,401,32,2025-10-30 18:35:13.470564
124,lis_office,401,67,2025-10-30 18:35:14.280411
124,lis_office,401,72,2025-10-30 18:35:14.383237
124,lis_office,401,65,2025-10-30 18:35:14.471009
124,lis_office,401,73,2025-10-30 18:35:14.573516
124,lis_office,401,82,2025-10-30 18:35:14.687598
124,lis_office,401,83,2025-10-30 18:35:14.894843
124,lis_office,401,81,2025-10-30 18:35:17.225451
124,lis_office,401,81,2025-10-30 18:35:17.415635
124,lis_office,401,81,2025-10-30 18:35:17.575778
