124,lis_clothing,405,72,2025-10-30 18:29:50.742857
124,lis_clothing,405,65,2025-10-30 18:29:50.830057
124,lis_clothing,405,84,2025-10-30 18:29:51.028708
124,lis_clothing,405,83,2025-10-30 18:29:51.388734
124,lis_clothing,405,188,2025-10-30 18:29:51.516718
124,lis_clothing,405,32,2025-10-30 18:29:51.710243
124,lis_clothing,405,83,2025-10-30 18:29:51.782199
124,lis_clothing,405,67,2025-10-30 18:29:52.205411
124,lis_clothing,405,65,2025-10-30 18:29:52.389206
124,lis_clothing,405,82,2025-10-30 18:29:52.620257
124,lis_clothing,405,70,2025-10-30 18:29:52.894583
124,lis_clothing,405,83,2025-10-30 18:29:53.165215
124,lis_clothing,405,188,2025-10-30 18:29:53.382282
124,lis_clothing,405,32,2025-10-30 18:29:53.614143
124,lis_clothing,405,83,2025-10-30 18:29:55.295961
124,lis_clothing,405,87,2025-10-30 18:29:55.517876
124,lis_clothing,405,69,2025-10-30 18:29:55.620951
124,lis_clothing,405,65,2025-10-30 18:29:55.797009
124,lis_clothing,405,84,2025-10-30 18:29:55.981836
124,lis_clothing,405,69,2025-10-30 18:29:56.183073
124,lis_clothing,405,82,2025-10-30 18:29:56.253914
124,lis_clothing,405,83,2025-10-30 18:29:56.446445
124,lis_clothing,405,188,2025-10-30 18:29:56.576082
124,lis_clothing,405,32,2025-10-30 18:29:56.798952
124,lis_clothing,405,83,2025-10-30 18:29:57.262006
124,lis_clothing,405,72,2025-10-30 18:29:57.375534
124,lis_clothing,405,73,2025-10-30 18:29:57.472186
124,lis_clothing,405,82,2025-10-30 18:29:57.958064
124,lis_clothing,405,84,2025-10-30 18:29:58.208802
124,lis_clothing,405,83,2025-10-30 18:29:58.405577
124,lis_clothing,405,188,2025-10-30 18:29:58.552971
124,lis_clothing,405,32,2025-10-30 18:29:58.743451
124,lis_clothing,405,74,2025-10-30 18:29:58.934869
124,lis_clothing,405,65,2025-10-30 18:29:59.120011
124,lis_clothing,405,67,2025-10-30 18:29:59.262175
124,lis_clothing,405,75,2025-10-30 18:29:59.384060
124,lis_clothing,405,69,2025-10-30 18:29:59.535297
124,lis_clothing,405,84,2025-10-30 18:29:59.687161
124,lis_clothing,405,83,2025-10-30 18:30:00.262188
124,lis_clothing,405,188,2025-10-30 18:30:00.493872
124,lis_clothing,405,32,2025-10-30 18:30:00.800589
124,lis_clothing,405,80,2025-10-30 18:30:02.184394
124,lis_clothing,405,65,2025-10-30 18:30:02.398079
124,lis_clothing,405,78,2025-10-30 18:30:02.522286
124,lis_clothing,405,84,2025-10-30 18:30:02.702941
124,lis_clothing,405,83,2025-10-30 18:30:02.838891
124,lis_clothing,405,188,2025-10-30 18:30:02.958840
124,lis_clothing,405,32,2025-10-30 18:30:03.088204
124,lis_clothing,405,83,2025-10-30 18:30:03.214875
124,lis_clothing,405,72,2025-10-30 18:30:03.295374
124,lis_clothing,405,79,2025-10-30 18:30:03.398405
124,lis_clothing,405,69,2025-10-30 18:30:03.511220
124,lis_clothing,405,83,2025-10-30 18:30:03.727068
124,lis_clothing,405,188,2025-10-30 18:30:03.855293
124,lis_clothing,405,32,2025-10-30 18:30:03.999097
124,lis_clothing,405,83,2025-10-30 18:30:04.135210
124,lis_clothing,405,79,2025-10-30 18:30:04.255191
124,lis_clothing,405,67,2025-10-30 18:30:04.383298
124,lis_clothing,405,75,2025-10-30 18:30:04.487651
124,lis_clothing,405,83,2025-10-30 18:30:04.589644
124,lis_clothing,405,188,2025-10-30 18:30:08.378126
124,lis_clothing,405,32,2025-10-30 18:30:10.423699
124,lis_clothing,405,67,2025-10-30 18:30:11.712097
124,lis_clothing,405,79,2025-10-30 18:30:11.921121
124,lis_clothing,405,65,2025-10-30 18:30:12.055623
124,lis_clothing,405,84,2025-10-30 18:30:12.407508
124,lis_clothing,405,83,2025-10-30 18:30:13.360020
124,lis_clothing,405,188,2025-10-30 18:30:13.774317
124,lis_clothing,405,32,2025-10-30 18:30:14.624060
124,lis_clothing,405,67,2025-10-30 18:30:18.938424
124,lis_clothing,405,8,2025-10-30 18:30:19.767488
124,lis_clothing,405,66,2025-10-30 18:30:20.752498
124,lis_clothing,405,65,2025-10-30 18:30:21.153167
124,lis_clothing,405,83,2025-10-30 18:30:21.386971
124,lis_clothing,405,69,2025-10-30 18:30:21.495593
124,lis_clothing,405,67,2025-10-30 18:30:21.695166
124,lis_clothing,405,8,2025-10-30 18:30:22.061181
124,lis_clothing,405,66,2025-10-30 18:30:22.158191
124,lis_clothing,405,65,2025-10-30 18:30:22.303300
124,lis_clothing,405,76,2025-10-30 18:30:22.399781
124,lis_clothing,405,32,2025-10-30 18:30:22.505131
124,lis_clothing,405,67,2025-10-30 18:30:22.647999
124,lis_clothing,405,8,2025-10-30 18:30:23.119965
124,lis_clothing,405,8,2025-10-30 18:30:23.295615
124,lis_clothing,405,76,2025-10-30 18:30:23.512790
124,lis_clothing,405,32,2025-10-30 18:30:23.631184
124,lis_clothing,405,67,2025-10-30 18:30:23.735793
124,lis_clothing,405,65,2025-10-30 18:30:23.807957
124,lis_clothing,405,80,2025-10-30 18:30:23.912427
124,lis_clothing,405,83,2025-10-30 18:30:24.390983
124,lis_clothing,405,81,2025-10-30 18:30:25.823671
124,lis_clothing,405,81,2025-10-30 18:30:26.015927
124,lis_clothing,405,81,2025-10-30 18:30:26.909558
